seed,n_train_catalysts,n_train_samples,n_test_samples,cv_mae_mean,train_r2,train_mae,train_rmse,test_r2,test_mae,test_rmse,hp_n_estimators,hp_learning_rate,hp_max_depth,hp_subsample,hp_colsample_bytree,hp_reg_alpha,hp_reg_lambda,hp_gamma,hp_min_child_weight,ranking_top_3_accuracy,ranking_spearman_corr
3,10,2160,2160,10.735411401854622,0.2323087360426881,8.857585581320302,0.1071264410030414,-0.939582993917587,16.522104713298656,0.1896440358655858,350,0.3,10,0.7,0.6,0.5,0.5,10.0,2,0.6666666666666666,-0.2901294265928297
2,10,2160,2160,10.792440829453644,-2.86375141351769e-05,10.548931350708008,0.1345775702640579,-1.0170441830887271,16.725136927851924,0.1907344081403594,350,0.3,10,0.7,0.6,0.5,2.0,10.0,1,0.0,0.0
8,10,2160,2160,8.006530840485185,-2.697149268882093e-05,7.72939667030617,0.0965038509232993,-1.2576360664551145,20.379051841453265,0.2269376484303511,350,0.3,10,0.7,0.8,0.0,0.5,10.0,3,0.0,0.0
0,10,2159,2160,9.981726576828557,-0.0001339082930937,9.908071508403175,0.1165281289821193,-1.0451063872332167,18.357754621152527,0.202785170307625,700,0.3,6,0.7,0.8,0.5,1.0,10.0,1,0.0,0.0
11,10,2160,2160,7.27275905110218,0.9287302756664456,1.4781558149321117,0.0334703892102757,-0.0921438603664437,13.413181041755056,0.162536336729981,700,0.1,6,0.7,0.6,0.5,1.0,0.0,3,0.0,0.309090909090909
5,10,2160,2160,12.795373620214283,0.5931733738613516,6.338275855382283,0.098293386072261,-0.2288559081091536,12.942648099219358,0.1582927762740452,100,0.02,6,0.9,0.8,0.0,2.0,0.0,1,0.3333333333333333,-0.2969696969696969
13,10,2160,2160,8.570385579709956,0.9543294639491116,1.4772314105107005,0.0261227502929586,-0.6970061335913176,13.01506244522554,0.1535367069778348,100,0.1,10,0.7,0.8,0.5,2.0,0.0,2,0.3333333333333333,-0.1757575757575757
18,10,2160,2160,9.375021665916538,0.9808146840293837,0.94232795572111,0.015668999435926,-0.8585019634405495,19.20999137571565,0.2157428858543547,350,0.3,10,0.9,0.8,0.5,0.5,0.0,3,0.6666666666666666,0.4666666666666666
14,10,2160,2160,7.667313464294982,0.9915466666084046,0.5503439477305964,0.0100513273743411,-1.339002128874728,14.47459256345475,0.1673258327669497,350,0.05,6,0.9,0.6,0.0,2.0,0.0,1,0.3333333333333333,0.0181818181818181
7,10,2160,2160,11.932818271319071,0.7425188400352682,4.609160533260416,0.0742758447088281,-0.4132807025749418,11.832002414597405,0.1417497227906094,100,0.02,6,0.9,0.8,0.0,0.5,0.0,3,0.0,-0.4424242424242424
16,10,2160,2160,8.84343357667051,0.964241673227861,1.289718090992559,0.0234054214176126,-0.1304304289982012,12.94987651111903,0.1593852666166611,100,0.3,6,0.7,0.6,0.5,0.5,0.0,3,0.3333333333333333,0.0545454545454545
17,10,2160,2160,8.042629444952365,0.9944317496312696,0.3940210979776802,0.0081408987506464,-0.0897386091918144,8.704704621014772,0.1157362207810859,100,0.1,10,0.9,0.6,0.0,1.0,0.0,3,0.6666666666666666,0.4666666666666666
20,10,2160,2160,11.889514078210905,0.1744996206430634,10.160116936718977,0.1194721860165492,-0.4531903226397085,13.928831665604202,0.1592701167445712,700,0.3,6,0.9,0.8,0.0,0.5,10.0,3,0.0,0.0
6,10,2160,2160,9.784667123810008,0.9586236528428232,0.958793578796149,0.0229052446380217,-1.2563573688511576,17.61973262493257,0.2003882777126376,100,0.1,10,0.9,0.6,0.0,1.0,0.0,1,0.0,0.4181818181818181
12,10,2160,2160,10.728637233840091,0.1646253752787128,10.160883071334274,0.1258393268993459,-1.1128979767965776,13.555699645501598,0.1642436882595179,350,0.3,6,0.7,0.6,0.5,0.5,10.0,3,0.0,-0.3418817293789138
19,10,2160,2160,12.948580238730818,-1.877626505386587e-07,11.877364818431714,0.1380357007565591,-0.8769260235048648,16.195360788415982,0.1833751395947979,700,0.02,6,0.7,0.8,0.5,2.0,10.0,3,0.0,0.0
25,10,2160,2160,10.300979217467484,0.7914471772349065,3.823660166660945,0.0572086459973889,-0.5301107382185011,16.913841888727966,0.1995690882100738,100,0.02,6,0.7,0.8,0.5,1.0,0.0,2,0.3333333333333333,0.4424242424242424
32,10,2160,2160,13.369634478533708,0.1809386764486288,11.593395630695202,0.14269342547607,-1.194744585075194,21.444627709741944,0.2291246303096037,350,0.3,6,0.9,0.6,0.0,1.0,10.0,3,0.0,0.0
31,10,2160,2160,11.368732967818223,0.8079367121891031,3.108680984686879,0.0618774833278778,-1.0920484006334925,14.56453068256378,0.1721112267278319,100,0.1,6,0.7,0.6,0.5,0.5,0.0,3,0.3333333333333333,0.0909090909090908
21,10,2160,2160,14.809307558978045,0.1232742748487589,13.337194839053684,0.1573434405852475,-0.2329438974295541,16.313627604731806,0.1833647875277811,100,0.3,6,0.7,0.6,0.5,0.5,10.0,3,0.0,0.0
30,10,2160,2160,13.883088061014812,-1.8609431695626453e-06,13.632352905979864,0.1542334830291589,-0.3062885678838305,11.69367091178894,0.1471758280507134,100,0.02,10,0.7,0.6,0.0,2.0,10.0,1,0.0,0.0
24,10,2160,2160,15.058438966539171,0.1104976506623743,13.247201629921245,0.1499293357754243,-0.1704168095475111,14.080727392126017,0.1707320364666552,100,0.02,6,0.7,0.6,0.0,2.0,10.0,1,0.6666666666666666,0.3618136134933163
35,10,2160,2160,10.660631723481195,0.9777432049805636,0.8571491863669967,0.0193949624554677,-1.390867933871569,13.106110548796476,0.1566425037035439,350,0.3,10,0.7,0.6,0.5,1.0,0.0,3,0.0,-0.3696969696969697
29,10,2160,2160,12.558686645472491,0.8629947539656819,2.490769476569344,0.0522868336039538,-0.0370133235290428,10.62013631131914,0.1276667711737818,700,0.02,10,0.7,0.6,0.5,0.5,0.0,1,0.6666666666666666,0.1999999999999999
23,10,2159,2160,10.028758728886794,0.8811399877736338,2.0969250430510438,0.0477226925761272,-1.10176939347348,18.31685453929283,0.2051809645679633,700,0.05,6,0.9,0.8,0.5,0.5,0.0,2,0.0,-0.1757575757575757
10,10,2160,2160,13.832526438147932,0.6211776255843439,6.306523259789856,0.0922096686046537,-0.8693050907892577,16.070961358723814,0.1831912383487942,100,0.02,10,0.7,0.6,0.5,2.0,0.0,3,0.6666666666666666,0.6484848484848483
9,10,2160,2160,12.850215437103198,0.6468947277461552,5.471072155536601,0.0920592152405752,-0.9614579794961288,14.053358324037658,0.1628441149423832,100,0.05,6,0.7,0.6,0.0,0.5,0.0,3,0.6666666666666666,0.1999999999999999
27,10,2160,2160,9.865173912754765,-2.151637005276541e-05,9.710900993347169,0.1203459808668491,-0.7636406866921925,17.852876817915174,0.1954119429886631,350,0.3,10,0.9,0.6,0.0,2.0,10.0,1,0.0,0.0
33,10,2160,2160,9.022306277166914,0.9818463690191214,0.8154769909200129,0.0152039822236845,-0.8610528036305074,18.760187468155184,0.2092030352964593,100,0.3,6,0.7,0.6,0.0,2.0,0.0,2,0.3333333333333333,0.3282689935872349
43,10,2160,2160,9.227917928872284,0.1294020393780659,7.824774405867966,0.104221361678588,-1.8808693588527952,17.463427335951064,0.1909331185023048,100,0.02,6,0.7,0.6,0.5,0.5,10.0,2,0.0,-0.2910126232373242
28,10,2160,2160,7.702904869406312,0.8262012241412788,2.53398983920864,0.0476898581461268,-0.4032740405395909,15.026899109063326,0.1762938787594331,350,0.02,6,0.7,0.6,0.5,0.5,0.0,3,0.6666666666666666,0.3575757575757575
15,10,2159,2160,7.669630834625801,0.9032763132871032,1.630199796136688,0.0305548679220533,-2.3784664810489704,20.663498165629527,0.224373123540189,700,0.02,6,0.9,0.8,0.5,0.5,0.0,3,0.0,-0.5878787878787878
4,10,2160,2160,10.379345981500766,0.6314726736084744,4.133808306252447,0.0794002383710351,-0.6638589243873858,16.78118687466339,0.1813582417623186,350,0.02,6,0.9,0.6,0.5,2.0,0.0,3,0.0,-0.0666666666666666
34,10,2160,2160,11.869338889033706,0.7593989058523353,4.119334172407786,0.0727932775341921,-0.7378486249309801,17.90721119377348,0.2065362462395301,100,0.05,6,0.9,0.8,0.5,1.0,0.0,3,0.3333333333333333,0.0060790554368006
41,10,2160,2160,11.457075223216304,0.1901295360271483,9.95777001204314,0.1208191305223007,-0.2087800388825533,13.697314550964922,0.1603007029102752,350,0.3,6,0.7,0.6,0.0,2.0,10.0,2,0.3333333333333333,0.7977240352174655
1,10,2160,2160,12.20959515483291,0.255111698217337,9.28671859211392,0.117329975858232,-0.3723723587909893,15.542718122976796,0.1763220942106537,350,0.1,10,0.7,0.6,0.5,2.0,10.0,1,0.0,-0.0348155311911395
37,10,2160,2160,6.692851075022309,0.8346549903482757,2.6978659781261727,0.0408234923626774,-0.7379169940101922,17.664116933389945,0.2086294661033048,100,0.02,6,0.9,0.8,0.5,1.0,0.0,1,0.3333333333333333,-0.4909090909090908
40,10,2160,2160,11.922288550977354,0.1488975677802494,10.053799954873543,0.1200626368109333,-0.4050405103212,12.735902474721271,0.1566108828268244,350,0.3,10,0.9,0.6,0.0,1.0,10.0,3,0.3333333333333333,0.1421338109037403
51,10,2160,2160,9.716917954285938,0.7970018100055873,3.315133443276088,0.0555101206011225,-0.4131425255728091,14.757694473443207,0.1781949604816088,100,0.02,10,0.9,0.6,0.5,1.0,0.0,3,0.0,-0.1337392196096141
54,10,2160,2160,10.17905419031779,-2.500877283040381e-10,9.63046391663728,0.1102972692431401,-0.902890071649976,18.361689108389395,0.2046467005019962,100,0.05,10,0.7,0.6,0.0,2.0,10.0,2,0.0,0.0
39,10,2159,2160,13.921304900986517,-8.270063379334225e-05,13.818612843169388,0.1592267332157321,-0.3275905670701455,16.86111839612325,0.193242931036001,700,0.3,6,0.7,0.6,0.5,2.0,10.0,1,0.0,0.0
47,10,2160,2160,15.725319411268938,0.8080589238213838,4.387014185146049,0.071223296386141,-0.1518651615377573,9.9873844716284,0.1297824382836273,100,0.02,6,0.9,0.8,0.0,1.0,0.0,2,0.0,-0.6848484848484848
57,10,2160,2160,8.71300448305629,0.9812344538546948,0.9654316915290136,0.0165813671421537,-0.5634204332525206,14.847829084423957,0.175250240490406,350,0.3,6,0.7,0.6,0.5,0.5,0.0,1,0.3333333333333333,0.4666666666666666
46,10,2160,2160,13.51902318848504,0.0237973779877733,12.459200997175994,0.1435972968171693,-0.3132973849405833,15.502676954269406,0.1782402110221301,700,0.02,6,0.7,0.8,0.0,0.5,10.0,2,0.0,-0.7817359599705715
26,10,2160,2160,11.850190808331524,-2.18623314260924e-05,11.32089921068262,0.1383159729169363,-0.493495163284529,15.140179019504124,0.1785052939158748,700,0.3,10,0.7,0.6,0.0,1.0,10.0,2,0.0,0.0
52,10,2160,2160,14.207462880346508,0.7748306311992319,4.856406304736932,0.0826552188300032,-1.0064910977080077,14.455567272239264,0.1753982332789083,100,0.05,10,0.7,0.8,0.5,1.0,0.0,3,0.3333333333333333,0.0060790554368006
22,10,2160,2160,11.68428099879512,-1.75840283955786e-06,11.293061613859956,0.1349115623429823,-0.9293031706937072,17.634693182486078,0.1945155999629336,700,0.1,6,0.9,0.8,0.0,0.5,10.0,3,0.0,0.0
42,10,2160,2160,11.100765133831237,0.9590606242665264,0.7826624177486844,0.0284566156294833,-0.2657817577458319,12.774357291371734,0.1479300865830991,700,0.02,10,0.7,0.6,0.0,0.5,0.0,3,0.6666666666666666,0.4181818181818181
53,10,2160,2160,12.50411415276704,-6.543625630683891e-06,12.447072779337564,0.1484965039337515,-0.0363460731402256,11.33849758360121,0.1451592933431295,700,0.3,6,0.9,0.6,0.0,1.0,10.0,3,0.0,0.0
62,10,2160,2160,14.022065207516704,0.0499244057108875,12.818840042043616,0.153080346233583,-0.9196252886860554,10.814737163119846,0.1281165006661649,700,0.1,10,0.7,0.6,0.0,1.0,10.0,1,0.0,0.0
48,10,2160,2160,10.862166704160195,0.6552711737069941,5.11381622420417,0.0746526415679374,-0.6750612320499023,18.98262280826216,0.2066177371308952,100,0.02,10,0.9,0.6,0.5,0.5,0.0,1,0.6666666666666666,0.2363636363636363
63,10,2160,2160,6.671452009280523,0.91487039420848,1.638728961436837,0.0287762065767567,-0.4367692247951957,15.132240806597252,0.1767920036825444,350,0.02,6,0.7,0.8,0.5,2.0,0.0,3,0.0,-0.1636363636363636
71,10,2160,2160,11.885850284011276,0.0654142253368289,10.485371270356357,0.121566135677549,-0.3844972295497535,14.025200339423286,0.1682537706310208,700,0.02,6,0.7,0.6,0.0,2.0,10.0,2,0.6666666666666666,0.6092717958449424
59,10,2160,2160,10.044060000666864,0.0169029423548173,9.54749450330381,0.1200173324084092,-1.133361512498226,16.687624614503648,0.1910028589506723,350,0.02,6,0.7,0.6,0.5,2.0,10.0,1,0.0,0.0
58,10,2160,2160,11.62378274228838,-1.2305259373679434e-06,10.860089193273472,0.1331023750032665,-0.5689517280516581,16.781366670396594,0.1922391288933928,700,0.1,6,0.7,0.8,0.0,0.5,10.0,3,0.0,0.0
38,10,2160,2160,12.06375103685591,-7.144387337287839e-07,11.638512095698603,0.1499861007106053,-1.2441131018635732,16.0485250766189,0.1775195010779793,100,0.3,6,0.9,0.6,0.0,1.0,10.0,3,0.0,0.0
61,10,2159,2160,12.499449021530443,0.2190215029525399,9.598223422334502,0.1149512549976981,-0.3503997806952006,15.736452016477234,0.1810899106495123,100,0.05,10,0.9,0.6,0.5,0.5,10.0,1,0.0,-0.5247813488251172
64,10,2160,2160,12.878813268873426,0.1577556286638864,10.601338248076264,0.1314086039030177,-0.1923756571926878,13.72363429316768,0.1660909707056537,100,0.3,6,0.7,0.6,0.5,2.0,10.0,3,0.3333333333333333,-0.0580258853185659
66,10,2160,2160,11.026656570964388,-3.694091426331703e-05,10.57004191522245,0.1241061037294225,-1.0437904517515206,17.81733671206015,0.1926400375621617,100,0.1,6,0.7,0.8,0.0,0.5,10.0,3,0.0,0.0
65,10,2160,2160,9.866972916799565,0.9572201328136488,1.3304084012646191,0.0256154861259092,0.0041850577591544,11.78383671539801,0.1524052695268483,350,0.3,6,0.9,0.6,0.5,2.0,0.0,3,0.6666666666666666,0.4255338805760452
73,10,2160,2160,9.078966622287751,0.9999076147868334,0.0824780305119174,0.0012387037713134,-0.4901393162702716,11.318810441146638,0.1486662670352884,700,0.3,10,0.9,0.8,0.0,2.0,0.0,2,0.3333333333333333,0.1757575757575757
69,10,2160,2160,8.588671037179452,-5.043418163097613e-07,8.410221373063546,0.1027550338625311,-2.979773830051645,21.21193552017212,0.2280084792365286,100,0.3,6,0.7,0.8,0.0,2.0,10.0,3,0.0,0.0
44,10,2160,2160,10.176556436397412,0.8020805351343391,3.280300371166733,0.0623401968018856,-0.2387278793897083,16.942759544716946,0.1858942397270931,350,0.02,6,0.7,0.6,0.5,2.0,0.0,2,0.6666666666666666,0.4666666666666666
70,10,2160,2160,8.767036370877866,-6.675352785046051e-05,8.592004744918258,0.1107261172332919,-2.079749623880335,18.04656081729465,0.1950909546575466,350,0.3,6,0.7,0.8,0.0,2.0,10.0,2,0.0,0.0
78,10,2160,2160,10.659496690255626,-4.375978455595231e-06,10.17427219744082,0.1232027544581161,-0.9067798023730972,15.62702522807651,0.1768340125607785,100,0.1,10,0.7,0.6,0.0,0.5,10.0,2,0.0,0.0
55,10,2160,2160,5.620570438526295,-1.9963216805640727e-05,5.540000340497053,0.0713438143424261,-1.0892118037162994,20.764056652916803,0.2355090474017485,350,0.3,6,0.7,0.8,0.0,2.0,10.0,3,0.0,0.0
68,10,2160,2160,9.890263417738456,0.039846967758184,9.09682480953358,0.1116703557607648,-0.7791133127934724,14.898633408016629,0.1675093089446054,700,0.05,10,0.9,0.6,0.0,1.0,10.0,1,0.3333333333333333,0.2611164839335467
88,10,2160,2160,9.272999324842734,0.936638497759247,1.6812539941070848,0.0285731626775832,-0.9675018055328806,17.74139735020973,0.2104852118836802,100,0.1,6,0.7,0.6,0.5,1.0,0.0,3,0.0,-0.3696969696969697
75,10,2160,2160,8.934106875702186,0.7968086433943545,3.448710014113673,0.04547639343096,-1.095144249722689,15.054183169161831,0.1664847101052782,100,0.02,10,0.9,0.6,0.5,0.5,0.0,2,0.6666666666666666,0.8181818181818182
80,10,2160,2160,12.68733733565719,-3.9841601928047865e-05,12.420069454334405,0.1490988189719468,-0.2254682440573401,13.812878699832494,0.1632453013098904,350,0.3,10,0.7,0.8,0.0,0.5,10.0,1,0.0,0.0
77,10,2160,2160,11.914361264617355,0.2882216310351296,10.12516794098748,0.1269772808957207,-0.6845882532644094,12.818103197592276,0.1540875261487301,700,0.3,6,0.9,0.8,0.0,0.5,10.0,3,0.3333333333333333,-0.1017026761861965
36,10,2160,2160,9.09020445175012,0.918204775107776,1.732558828311869,0.0316256207788317,-1.3595005575929422,22.596811477522607,0.2436853354816802,700,0.3,10,0.7,0.6,0.5,0.5,0.0,1,0.3333333333333333,0.3818181818181818
74,10,2160,2160,7.34125083623109,-3.0159846864386e-07,7.075616220191673,0.0920014578073664,-0.9698176782070608,18.193753162666603,0.20580250854793,700,0.05,10,0.7,0.6,0.5,1.0,10.0,2,0.0,0.0
82,10,2160,2160,11.231547419395712,0.9272351642120806,1.739306934923796,0.036182530061454,-0.4362985216652377,13.604777003526689,0.1545908702204227,350,0.3,10,0.9,0.6,0.5,0.5,0.0,2,0.6666666666666666,0.7173285415424762
76,10,2160,2160,13.995825726897626,0.157368259742365,12.356904515160457,0.145316327759031,-0.507873318463389,15.747885057661268,0.1797460231023887,700,0.02,10,0.9,0.6,0.5,1.0,10.0,2,0.0,-0.1627533804635074
49,10,2160,2160,10.12966161056801,-2.709635467113003e-06,9.801114208433363,0.124461676625827,-1.454626298185021,16.430808736306652,0.183249220481008,700,0.3,6,0.9,0.6,0.0,2.0,10.0,3,0.0,0.0
79,10,2160,2160,14.737741950308834,0.6192479223489071,6.627933458752103,0.0971439909771825,-0.3918759562528879,15.064603620458534,0.173016228026626,100,0.02,6,0.9,0.8,0.0,1.0,0.0,3,0.3333333333333333,-0.1272727272727272
85,10,2160,2160,8.501317927622132,0.8893399424638386,1.673085410511035,0.0346921728489159,-0.6981357557040988,16.29550295350728,0.1894584095419384,100,0.05,6,0.9,0.8,0.0,2.0,0.0,3,0.3333333333333333,0.5227987675648555
50,10,2160,2160,11.730010451917297,-6.368386215327426e-05,11.545149773491756,0.1359489799416582,-0.5504565915790949,14.786972319285075,0.1680638933278162,100,0.3,10,0.7,0.6,0.0,2.0,10.0,3,0.0,0.0
83,10,2160,2160,7.8801278360463956,0.9731512202715098,1.0312494119315374,0.0184507942139676,-1.4234899060799795,17.976264275610447,0.2197012169915541,350,0.3,6,0.7,0.6,0.5,1.0,0.0,1,0.3333333333333333,-0.0787878787878787
84,10,2160,2160,7.030850763144318,-5.009055361604453e-07,6.858780210989493,0.0870464110628851,-1.9648900402901612,20.83295004915308,0.2329954594489859,700,0.3,6,0.7,0.8,0.5,2.0,10.0,3,0.0,0.0
81,10,2159,2160,11.314668635196004,-1.1887755662076671e-06,11.17735349770882,0.1375436981437758,-0.4702322933663982,15.643629847632514,0.1781789649328302,350,0.1,10,0.9,0.6,0.5,1.0,10.0,2,0.0,0.0
92,10,2160,2160,14.60821828312344,0.10880633678203,12.78149021961071,0.1437826249424391,-0.2631209303893278,8.72887732187907,0.107492917984085,350,0.1,6,0.7,0.8,0.5,2.0,10.0,3,0.6666666666666666,-0.0378867615212041
94,10,2159,2160,12.992862339747507,0.2505427757584706,10.699273087173326,0.1245304810537413,-0.6759508991002443,13.36557924217648,0.1588220074818299,350,0.02,10,0.7,0.6,0.0,2.0,10.0,3,0.6666666666666666,0.4125099905973161
90,10,2160,2160,11.417838269869485,-5.337383188752653e-07,10.82561442339862,0.1275782607743363,-0.8188967809647953,14.756092874738908,0.1706025341189379,350,0.3,10,0.7,0.8,0.0,0.5,10.0,1,0.0,0.0
86,10,2160,2160,11.1071223379506,0.7968452220413762,4.349227441416846,0.0640877490405052,-0.6945102885390895,17.055650177884985,0.1960419023592536,100,0.02,10,0.7,0.6,0.5,0.5,0.0,3,0.3333333333333333,0.4787878787878787
98,10,2160,2160,12.46893326476768,0.1286518572201859,10.818659453568635,0.1307468356015642,-0.5384710857751305,13.882033242119682,0.1596255055978975,700,0.1,6,0.7,0.6,0.5,1.0,10.0,2,1.0,0.6055300708194983
45,10,2160,2160,12.049400004018098,0.8811819326828139,2.570358514305101,0.0530588650423457,-0.891961988340624,14.878765830672174,0.1762871778133394,100,0.3,10,0.7,0.8,0.5,2.0,0.0,2,0.0,0.4545454545454545
60,10,2160,2160,11.634579550822576,0.7346562125876821,3.965823448653574,0.0748247269958996,-0.2214677777158622,10.080505845811633,0.1222620740444948,100,0.05,6,0.9,0.6,0.0,2.0,0.0,2,0.3333333333333333,0.6242424242424242
56,10,2160,2160,9.636563223092644,0.9344013162037482,1.0502403717242068,0.035345540750119,-0.2697884361078579,10.330053158137536,0.1297888253538134,100,0.1,10,0.7,0.6,0.0,0.5,0.0,2,0.3333333333333333,0.3333333333333332
87,10,2160,2160,11.710007916490236,0.9567387072792992,1.6458336349368028,0.0289280173858403,-0.6449031080973247,15.83804686791367,0.1925742259974525,100,0.1,10,0.7,0.8,0.5,2.0,0.0,3,0.3333333333333333,0.2606060606060606
89,10,2160,2160,13.567105788831356,0.1260079618958479,12.09613286477548,0.1444538423682986,-1.3672508466714604,13.307537813539858,0.1493918147600685,100,0.3,6,0.9,0.6,0.0,2.0,10.0,3,0.0,0.0
93,10,2160,2160,11.49209433829343,0.8050155914654581,3.366176237563292,0.0619669153527098,-0.1085164376303102,12.542945425863618,0.1429591363388986,350,0.02,10,0.7,0.6,0.5,1.0,0.0,2,0.3333333333333333,0.1636363636363636
67,10,2160,2160,10.584946511895568,0.7319321475189544,3.939533915504192,0.0704193686398415,-0.3003847724942243,9.64788108000049,0.1267936672870207,350,0.02,6,0.7,0.6,0.5,1.0,0.0,3,0.6666666666666666,0.2484848484848484
95,10,2160,2160,13.260787953977232,-9.63637471373957e-07,12.559483230732106,0.1547117500699515,-0.3243192862750714,18.64552023181209,0.2072089280073182,700,0.1,10,0.9,0.6,0.5,2.0,10.0,1,0.0,0.0
72,10,2160,2160,13.358572900560167,0.0665653108576486,11.396044536873148,0.1355224856686403,-0.2592461934362442,12.914634664323597,0.1469998601735878,100,0.02,10,0.7,0.8,0.5,2.0,10.0,1,0.3333333333333333,-0.0580258853185659
91,10,2160,2160,7.019804199426263,0.8776716806797642,1.7768378824009383,0.0333251049840819,-0.9555985100936032,15.008410969691145,0.1677095284220398,700,0.02,6,0.7,0.6,0.5,0.5,0.0,2,0.3333333333333333,-0.1151515151515151
96,10,2159,2160,11.293526466646131,0.138519016673454,10.459369799714224,0.1265335620843434,-0.4797432116429589,13.936084652653449,0.160981085877388,100,0.3,10,0.9,0.8,0.0,2.0,10.0,3,0.6666666666666666,0.4968495546826165
99,10,2160,2160,9.976787037319609,-1.330795884557645e-05,9.793186245317813,0.1169611118189209,-1.2385987414449318,21.479322516123453,0.2335929033377975,350,0.3,10,0.7,0.8,0.5,0.5,10.0,2,0.0,0.0
97,10,2160,2160,15.479516766159623,0.0573169892880444,12.887456442515054,0.1497936154346959,-0.0988813380146358,12.103804468931974,0.1499431438961619,100,0.02,10,0.7,0.6,0.5,2.0,10.0,3,0.3333333333333333,0.0348155311911395
0,5,1079,2160,8.92529484704812,-0.0003356140639365,8.285818513617459,0.1047582285038543,-1.6592492656595992,21.10557588753877,0.231237232650899,100,0.3,6,0.7,0.8,0.0,1.0,10.0,3,0.0,0.0
4,5,1080,2160,10.796696321699354,-6.478945651422485e-05,9.238592647976343,0.1078112462278626,-1.366036602135845,20.006910787511757,0.2162667609870888,350,0.3,6,0.7,0.8,0.5,0.5,10.0,1,0.0,0.0
2,5,1080,2160,14.751476023638691,-2.0480423997382147e-05,13.660973307291666,0.1614811846312183,-0.4172075730793991,13.489261672408492,0.1598777664953534,350,0.3,10,0.7,0.6,0.5,2.0,10.0,1,0.0,0.0
1,5,1080,2160,6.994276693154265,0.9999120188832208,0.0718889317593183,0.0009581897729803,-0.3582152266473881,14.30721906309878,0.1754102840113101,700,0.3,6,0.7,0.8,0.0,2.0,0.0,1,0.0,-0.3818181818181818
3,5,1080,2160,13.234567117514434,0.8632643940438373,3.965738680627611,0.0519868468334766,-0.5346041111208437,14.17544098262434,0.168687609548249,100,0.02,6,0.7,0.6,0.5,0.5,0.0,3,0.3333333333333333,-0.0545454545454545
8,5,1080,2160,10.961281683180069,-8.615584937077259e-05,9.282380005165384,0.111908562487832,-0.9156183334387984,18.56147156856678,0.2090422520541127,100,0.3,10,0.7,0.8,0.0,0.5,10.0,3,0.0,0.0
6,5,1080,2160,10.481731693832964,-2.263956805803602e-06,9.192147423073097,0.112679266859012,-1.029581239652808,16.299595931724266,0.1900516260607487,100,0.3,10,0.7,0.8,0.0,0.5,10.0,2,0.0,0.0
7,5,1080,2160,13.650762065958094,0.6264574682376441,7.208509063985612,0.1017509832735664,0.0913324654974521,9.012580204628131,0.113660747928625,100,0.02,10,0.7,0.6,0.5,0.5,0.0,2,0.3333333333333333,0.0181818181818181
9,5,1080,2160,12.905114093356662,0.7506896175206064,5.3336018056781205,0.0793048793104019,-1.1621112435011909,13.812842431686542,0.1709706573272669,100,0.02,6,0.9,0.6,0.0,0.5,0.0,1,0.0,-0.309090909090909
11,5,1080,2160,10.321625615932325,-1.9474923768525443e-05,8.728031611619173,0.1047119774520281,-0.5509402686294715,16.88515460791411,0.1936903924310513,700,0.1,6,0.9,0.6,0.5,2.0,10.0,3,0.0,0.0
12,5,1080,2160,13.564462651853209,0.1067428432050389,11.21240134274518,0.1417397698232,-1.1154806518219391,13.876557373823944,0.1643440382362523,700,0.1,10,0.7,0.8,0.5,1.0,10.0,1,0.3333333333333333,0.0
5,5,1080,2160,15.839316029283736,0.5372606055766525,9.11491784910775,0.1256145480027486,-0.3533804203088047,14.076058219362189,0.1661194788032759,100,0.05,6,0.9,0.8,0.5,2.0,0.0,3,0.3333333333333333,0.4181818181818181
10,5,1080,2160,14.245941896085387,-5.018245241505959e-05,12.624386153044522,0.1431275243787909,-1.1185804295582895,16.93730608480948,0.1950235610258079,100,0.3,10,0.9,0.8,0.0,0.5,10.0,2,0.0,0.0
14,5,1080,2160,9.102020256121952,0.9913868573846172,0.5258071028589512,0.0108209499770072,-1.5888275324898182,15.18042041516966,0.1760350897178892,700,0.02,6,0.9,0.6,0.0,2.0,0.0,1,0.0,0.1272727272727272
15,5,1080,2160,6.575119033213015,0.9607423939482684,0.8362218468277542,0.015933572094801,-2.489701440648908,21.30280113449803,0.2280369181444464,700,0.02,6,0.9,0.8,0.5,0.5,0.0,3,0.6666666666666666,0.1999999999999999
19,5,1080,2160,11.092267933951485,-5.329732994052705e-06,9.778701561115406,0.1133292602209849,-0.9339298378846694,16.496272233327232,0.1861389400579969,350,0.3,10,0.7,0.8,0.5,1.0,10.0,3,0.0,0.0
20,5,1080,2160,14.03449942200272,-6.699776133878288e-08,12.352207193727848,0.1401404764398218,-0.5185170992101698,14.313725672827829,0.1628106811228533,100,0.05,6,0.9,0.6,0.5,1.0,10.0,1,0.0,0.0
13,5,1080,2160,10.078210439858612,0.8776616092524325,2.597216605501836,0.0418427170724211,0.0466099066728035,9.07781567811966,0.1150815845791896,100,0.05,6,0.9,0.6,0.5,2.0,0.0,3,0.3333333333333333,-0.1515151515151515
21,5,1080,2160,18.641335908748488,0.0333103153115819,16.521183899773494,0.1873393610063091,-0.1833613678798438,15.83445686976115,0.179639970659214,350,0.05,6,0.7,0.8,0.0,1.0,10.0,3,0.0,-0.4351941398892446
22,5,1080,2160,11.089595129931416,-1.4371248752143018e-05,9.933485752388282,0.1239966752078911,-0.3563935242482801,14.226675923665365,0.1630974052733882,100,0.02,6,0.7,0.6,0.0,0.5,10.0,1,0.0,0.0
23,5,1079,2160,9.43742290839278,0.716599326116623,4.251516914677024,0.0599387037711681,-1.0675219694296012,17.859701902866362,0.2035024311629232,100,0.02,10,0.9,0.6,0.5,1.0,0.0,1,0.0,-0.4424242424242424
18,5,1080,2160,7.50866534727591,0.9510020148930516,1.320098950245797,0.0195442481125754,-1.2276912649900231,21.16651560262949,0.2362014028004232,350,0.1,10,0.7,0.6,0.5,2.0,0.0,3,0.0,-0.4909090909090908
17,5,1080,2160,11.45121393133093,-2.639930679615432e-06,9.697150724905509,0.1188918207943235,-0.2265152187744379,9.933936845284922,0.1227847975650098,700,0.1,10,0.9,0.6,0.5,0.5,10.0,2,0.0,0.0
25,5,1080,2160,10.383232587884972,-3.424312742494884e-05,8.772397918701172,0.1061441809426847,-0.5536635981758147,17.421464272958257,0.2010991971955218,100,0.3,10,0.9,0.6,0.0,2.0,10.0,2,0.0,0.0
16,5,1080,2160,9.103718818982165,0.9999120321702354,0.0811530551536082,0.001155138833512,-0.5483871644669176,15.005636828977751,0.1865374496779126,350,0.3,10,0.9,0.8,0.0,1.0,0.0,2,0.3333333333333333,-0.4545454545454545
30,5,1080,2160,14.27671991560194,-3.08291382533632e-06,13.117895216765229,0.1532186691982266,-0.7603901284500421,14.00237601880674,0.1708525193474794,100,0.3,6,0.9,0.8,0.0,1.0,10.0,1,0.0,0.0
27,5,1080,2160,5.159043582589538,0.8873885358261633,1.6142504007507252,0.028254098503197,-1.246952218177781,20.48328682453544,0.2205682344595856,350,0.3,10,0.7,0.6,0.5,1.0,0.0,3,0.3333333333333333,-0.1515151515151515
32,5,1080,2160,13.01909891658359,-4.358966405249021e-05,11.776173996395537,0.1372031557782524,-1.2844401098023028,21.88367725389975,0.2337597168608938,100,0.3,10,0.9,0.8,0.0,2.0,10.0,3,0.0,0.0
31,5,1080,2160,10.312106735088207,-4.1227921875997e-05,9.743317280522096,0.1357158672297509,-0.0826557950445983,9.672836976227938,0.1238136533696236,100,0.3,10,0.7,0.8,0.0,0.5,10.0,3,0.0,0.0
28,5,1080,2160,7.5530725259251055,0.9242582958197552,1.806696699651441,0.0258458349796146,-0.6685551249717727,17.127907131557112,0.1922366842852746,350,0.02,6,0.7,0.6,0.5,0.5,0.0,3,0.6666666666666666,0.0666666666666666
33,5,1080,2160,9.764877092926591,-1.3123057229336156e-05,9.063146473919904,0.1129215933733978,-1.0064157545320591,19.15983494405393,0.2172196443146115,350,0.3,10,0.9,0.6,0.0,0.5,10.0,2,0.0,0.0
34,5,1080,2160,10.838846076462003,0.8029607129140093,2.9668978296303083,0.060644346888922,-0.5721712870455926,17.04727223060749,0.1964446643606686,100,0.05,10,0.9,0.6,0.0,2.0,0.0,3,1.0,0.5957474328064633
24,5,1080,2160,16.789135882766157,-6.553273351261879e-05,15.039208741364655,0.1668415649055122,-0.0912149897724836,13.329400352195456,0.164854158518041,700,0.3,10,0.7,0.6,0.5,1.0,10.0,2,0.0,0.0
29,5,1080,2160,10.927061135327374,0.8510549393777442,3.0836016975874427,0.0627231050924051,-0.2626655923891952,10.683262076046733,0.1408736864900252,700,0.1,10,0.9,0.6,0.5,2.0,0.0,1,0.3333333333333333,-0.2969696969696969
43,5,1080,2160,10.546631070596202,0.4236687327527917,7.473558573899446,0.0969979238994215,-0.94143774446392,13.579449539890996,0.1567404964792105,100,0.3,6,0.7,0.6,0.5,2.0,10.0,1,0.6666666666666666,0.384136662673268
36,5,1080,2160,5.588416084913467,0.9899207964768136,0.5022552730467309,0.0086875808730606,-1.3521453818431568,21.753897526321104,0.2433052237988163,350,0.05,6,0.7,0.8,0.0,1.0,0.0,2,0.3333333333333333,0.1151515151515151
37,5,1080,2160,10.690203787132546,-2.805818988482756e-05,9.446509393056234,0.1185341757197994,-0.6969174849190245,18.14396515616664,0.2061538709783883,350,0.3,6,0.7,0.8,0.5,0.5,10.0,3,0.0,0.0
44,5,1080,2160,15.952889493306476,-1.6378150826668048e-06,14.441188266895438,0.1678867449162091,-0.1573141539365732,15.52918355517917,0.1796816010827516,100,0.3,6,0.9,0.8,0.0,0.5,10.0,1,0.0,0.0
38,5,1080,2160,16.833879240530507,-1.483351052766757e-05,16.328017758969906,0.1904106374148931,-0.5721262030383585,12.952822107385709,0.1485824109600294,100,0.3,6,0.9,0.6,0.0,1.0,10.0,3,0.0,0.0
26,5,1080,2160,12.4377398886504,-7.424286785351342e-07,11.169688220553928,0.1464150346643022,-0.7121985408146594,16.443099832181577,0.1911288521235071,700,0.3,10,0.7,0.6,0.0,1.0,10.0,2,0.0,0.0
45,5,1080,2160,15.49848907329418,-7.038997235753186e-06,14.788030076203524,0.1714894280004345,-0.791625222899828,14.774989776611328,0.1715489664279034,100,0.05,10,0.7,0.6,0.5,0.5,10.0,1,0.0,0.0
39,5,1079,2160,14.401283997695884,-1.7592208251926422e-05,13.450269091361314,0.1592790470445776,-0.4716273766526737,17.99167693314729,0.203455983325182,350,0.3,10,0.9,0.8,0.0,1.0,10.0,3,0.0,0.0
51,5,1080,2160,3.362147927416696,0.8952314446029828,1.0755523423795348,0.0166602445166478,-1.4578675006988089,21.116835318936243,0.2350074706658299,350,0.02,10,0.7,0.6,0.5,0.5,0.0,3,0.3333333333333333,-0.2796365500928297
49,5,1080,2160,13.74647268154003,-3.443893883181559e-06,12.321737256933142,0.1498658597048037,-0.956036518073512,14.34530541843838,0.1635829077781206,350,0.3,10,0.7,0.8,0.5,0.5,10.0,1,0.0,0.0
35,5,1080,2160,10.30900165716807,0.9357427140793404,2.160409819108468,0.028097776991513,-1.5866602782335328,13.903484072685242,0.162930173275753,100,0.02,10,0.7,0.6,0.0,1.0,0.0,1,0.3333333333333333,-0.0787878787878787
50,5,1080,2160,12.149314295450846,-3.4588544568947555e-05,10.932717437390927,0.124803259946134,-0.9230616781914518,16.6964255589026,0.1871721465476141,700,0.3,10,0.7,0.8,0.5,0.5,10.0,3,0.0,0.0
42,5,1080,2160,15.095807095457005,0.7886887577775129,3.868895853890313,0.0742535209169408,-0.0854017241590674,11.26497945661898,0.136984790164491,100,0.05,10,0.7,0.6,0.5,1.0,0.0,2,0.6666666666666666,0.7575757575757575
40,5,1080,2160,11.97913204157794,-1.8217709874646104e-05,10.46124951751144,0.1226845316594581,-0.4225034600962598,12.862256731810394,0.1575811191039651,700,0.05,10,0.7,0.8,0.5,1.0,10.0,2,0.0,0.0
52,5,1080,2160,16.90154992951287,-7.048626571304339e-09,15.390565156583431,0.1793072704093409,-0.8352198691107502,14.747043158213296,0.1677454106775931,700,0.02,6,0.7,0.8,0.5,2.0,10.0,3,0.0,0.0
57,5,1080,2160,7.598903964095646,0.9985789933610492,0.2976971551665553,0.0046309654621543,-0.528164489425482,14.840229478368054,0.17326298114331,100,0.1,6,0.7,0.6,0.0,2.0,0.0,3,0.3333333333333333,-0.2121212121212121
41,5,1080,2160,17.255626476429125,0.2392477869806381,12.247930728771069,0.1397386294814949,-0.2264109317582532,13.891147143046062,0.1614655191825122,100,0.02,10,0.7,0.6,0.5,1.0,10.0,1,0.0,0.1348399724926484
46,5,1080,2160,11.343076327818412,0.7199607459169568,5.404587230770676,0.0770231774859325,-0.2139141979300165,14.5085156555529,0.1713634288199911,100,0.02,6,0.7,0.6,0.5,1.0,0.0,3,0.3333333333333333,-0.3939393939393939
56,5,1080,2160,10.81708334852148,0.8422598445530467,3.5069624386010343,0.0457881625790275,0.0085763035396805,8.15215955707762,0.1146835863320356,100,0.02,10,0.7,0.6,0.5,2.0,0.0,1,0.3333333333333333,0.0545454545454545
53,5,1080,2160,14.473522988778576,-0.0002160073525738,12.390119110389993,0.1452271226295797,-0.0413670438373885,11.38908894609522,0.1455105080209468,350,0.3,6,0.7,0.6,0.0,2.0,10.0,1,0.0,0.0
47,5,1080,2160,13.070501008386966,0.8728795414391796,3.782230000495911,0.0581419732570497,-0.069160007237401,9.173132993821744,0.1250363997443915,100,0.02,10,0.9,0.8,0.0,0.5,0.0,1,0.6666666666666666,-0.103030303030303
63,5,1080,2160,5.981336812884719,0.9771457813936162,0.6331526309927856,0.0152612486391404,0.0986744973185527,10.251643569027935,0.1400264050629358,350,0.02,6,0.9,0.8,0.0,0.5,0.0,3,0.0,-0.1878787878787878
59,5,1080,2160,12.511298001960473,0.3247390848977163,9.627601280565615,0.1164889599351371,-1.1142233237256436,16.35063797650514,0.1901441943730951,100,0.3,6,0.9,0.8,0.0,1.0,10.0,3,0.0,-0.0870388279778489
54,5,1080,2160,11.022185279704908,-3.533715675851923e-06,9.58604286476418,0.1132845071781837,-0.578852267894727,16.507379772044995,0.1864097587946877,350,0.3,10,0.9,0.6,0.0,1.0,10.0,1,0.0,0.0
64,5,1080,2160,13.282374213183369,-9.471254932780226e-06,12.465797575491449,0.1488342344630744,-0.5208216175647327,16.328519734983093,0.1875765791331823,700,0.05,6,0.7,0.8,0.5,0.5,10.0,3,0.0,0.0
66,5,1080,2160,10.680269468801992,-0.0001116123614839,9.57876321086177,0.1254974336930684,-1.277219605561582,18.87972589987296,0.2033437500010978,700,0.3,10,0.7,0.6,0.0,2.0,10.0,3,0.0,0.0
67,5,1080,2160,10.345140665416364,0.99773148529804,0.3139708974505602,0.0057182246924758,-0.1811336805610335,8.927296218518856,0.1208401212865983,700,0.02,10,0.7,0.6,0.0,1.0,0.0,1,0.3333333333333333,0.1515151515151515
65,5,1080,2160,9.514392404997787,0.9212549931990432,2.156563319892243,0.0361441690052077,-0.6412953774202124,16.847370245809905,0.1956608956463063,100,0.1,6,0.7,0.8,0.5,1.0,0.0,2,0.3333333333333333,0.0790277206784084
55,5,1080,2160,5.127294814851548,-1.4603729828532863e-05,4.921019845185457,0.0633488412076271,-1.0708177932377445,20.674201458825006,0.2344700112865122,700,0.1,6,0.7,0.8,0.5,0.5,10.0,2,0.0,0.0
48,5,1080,2160,14.151649623800209,-3.81508162217159e-05,13.16297689155296,0.150996412920876,-0.3601497397891013,16.65314782389888,0.1861853984682134,700,0.3,10,0.9,0.8,0.5,1.0,10.0,1,0.0,0.0
71,5,1080,2160,10.76758129927847,0.9598494437902066,1.3135659907823771,0.0225435852975181,-0.189850872668958,12.92235390000873,0.1559786032142843,700,0.02,10,0.9,0.6,0.5,0.5,0.0,1,0.3333333333333333,-0.1757575757575757
69,5,1080,2160,7.483310579723782,-8.539802064166935e-06,7.417011623382569,0.0873955648756198,-3.346869596994143,22.20699410120646,0.238292354230036,100,0.3,6,0.7,0.8,0.0,2.0,10.0,3,0.0,0.0
68,5,1080,2160,4.956894845616556,0.9886880060250668,0.3982701144167395,0.0085947561218311,-1.9265708607521763,19.792422057343305,0.214840752217389,700,0.02,10,0.7,0.6,0.0,2.0,0.0,3,0.3333333333333333,0.2363636363636363
58,5,1080,2160,5.05028311641128,0.9985854236682652,0.1805387718274464,0.0031767671472682,-1.1425709434506817,19.71659368699624,0.2246490593128121,100,0.3,10,0.7,0.6,0.0,2.0,0.0,2,0.3333333333333333,0.3454545454545454
70,5,1080,2160,8.129963976188943,-3.018302090485037e-07,7.817229525954635,0.0911738977312108,-2.2662732204718696,18.64967808493861,0.2009119105672871,100,0.3,10,0.9,0.8,0.0,1.0,10.0,3,0.0,0.0
72,5,1080,2160,11.27789777967665,-2.7703557654579214e-06,10.713484033655236,0.132742618911788,-0.418079600510461,14.069929726212113,0.1559954398899619,700,0.3,10,0.9,0.8,0.5,0.5,10.0,3,0.0,0.0
61,5,1079,2160,11.611117638099206,-6.061784105781953e-06,10.335714582384902,0.1250491926510034,-0.770749993841966,18.38619968696877,0.207367981137784,700,0.1,6,0.9,0.8,0.5,0.5,10.0,1,0.0,0.0
75,5,1080,2160,10.538292910257976,-4.390200312176518e-07,9.306775682237411,0.1126350690333258,-0.3205897177416374,10.771688858314796,0.1321756166755477,700,0.05,6,0.9,0.8,0.0,1.0,10.0,1,0.0,0.0
62,5,1080,2160,13.662468925935247,0.7712438719916846,4.049409886926965,0.0746933870431576,-0.3272562764753102,8.442323634337496,0.1065305650452782,700,0.02,10,0.7,0.6,0.5,0.5,0.0,1,0.0,-0.0424242424242424
78,5,1080,2160,8.769135159033315,-3.1294303731721484e-05,7.897168403908058,0.094778764399413,-1.2508072386923543,17.23566170039,0.1921253544625308,700,0.3,10,0.7,0.6,0.5,0.5,10.0,3,0.0,0.0
86,5,1080,2160,6.224875792662303,0.9816621841813992,0.8961740014508919,0.0127947595632065,-0.7306261402326315,16.93392537501123,0.1981200517532562,700,0.02,10,0.9,0.6,0.5,1.0,0.0,1,0.0,-0.0424242424242424
80,5,1080,2160,16.308154017836962,0.0903383127267604,13.433308739838775,0.1557318806270217,-0.0450911672201175,12.233374386540168,0.1507532722060895,350,0.1,10,0.7,0.8,0.5,2.0,10.0,3,0.6666666666666666,0.4178554470186724
79,5,1080,2160,12.704681035500986,-7.708065252742814e-08,11.282926074840406,0.1374424945761398,-0.024558000067467,12.221710957421196,0.1484413336758846,100,0.3,10,0.7,0.6,0.0,2.0,10.0,1,0.0,0.0
82,5,1080,2160,12.931738261470093,-0.0002175792011256,11.320962537129718,0.1334705590475046,-0.3996646455358221,12.94870750427246,0.1526066579726176,700,0.3,10,0.7,0.6,0.0,1.0,10.0,3,0.0,0.0
88,5,1080,2160,5.465181416096511,0.9775462765628118,1.093107037058583,0.0161442872526083,-1.1490252556280964,19.12332697502993,0.2199808008668846,350,0.3,10,0.7,0.6,0.5,0.5,0.0,1,0.3333333333333333,0.2242424242424242
73,5,1080,2160,5.6033654919045945,0.9549508892531896,1.0873182782651512,0.0173673057830291,-1.9605272535602325,19.601199711141764,0.2095480055110028,700,0.02,10,0.9,0.6,0.5,1.0,0.0,1,0.6666666666666666,0.2121212121212121
76,5,1080,2160,12.809546739083748,-0.0002110875342669,12.183819594206634,0.1435704163016377,-0.9381725795633228,18.60990004150956,0.2037854086502619,700,0.3,6,0.7,0.6,0.5,2.0,10.0,1,0.0,0.0
87,5,1080,2160,16.641292941128764,-2.759887857584076e-05,14.63075698428684,0.163339625864737,-0.2144961721484686,13.895087008299653,0.1654725941791091,100,0.1,6,0.7,0.6,0.5,1.0,10.0,1,0.0,0.0
84,5,1080,2160,8.906110915784483,-3.781896045218503e-07,8.280889064647534,0.1034528447017786,-1.979771169961413,20.891307997526944,0.2335794433179598,700,0.3,6,0.7,0.8,0.5,2.0,10.0,3,0.0,0.0
90,5,1080,2160,7.227820525191449,0.7999189394160431,2.0968498552507824,0.038097548097834,-1.7574683454058824,19.042072397106224,0.2100567870991377,350,0.3,6,0.9,0.6,0.5,1.0,0.0,2,0.3333333333333333,-0.3696969696969697
92,5,1080,2160,12.979538416928715,0.8619693360820481,3.356351686735052,0.0538965501715043,-1.4619353557340262,11.259189204335629,0.1500706311837308,350,0.02,10,0.7,0.6,0.5,0.5,0.0,1,0.3333333333333333,0.0666666666666666
94,5,1080,2160,11.644748865939953,0.7699719641520024,4.674725883890081,0.0639857171232286,-1.7557258673019098,18.23871609696636,0.2036563904340043,100,0.02,6,0.7,0.6,0.5,2.0,0.0,3,0.3333333333333333,0.1276601641728135
91,5,1080,2160,7.658011795679728,-0.0003865956486102,6.99150491643835,0.0841497069925166,-1.0917373884985064,15.491974682631318,0.1734488674856636,350,0.3,10,0.7,0.8,0.0,1.0,10.0,2,0.0,0.0
74,5,1080,2160,7.438457840062955,0.9987873601779932,0.1582757690907628,0.0031003831929178,-1.289471624403821,19.730005698910464,0.2218734218756658,350,0.3,6,0.7,0.6,0.0,1.0,0.0,2,0.6666666666666666,0.0787878787878787
93,5,1080,2160,14.457156102922228,-3.2729901889183566e-05,12.9857881920426,0.1544043987191433,-0.5263176387350346,14.666992920416376,0.1677503012064304,100,0.3,10,0.9,0.6,0.5,0.5,10.0,3,0.0,0.0
77,5,1080,2160,14.39902694278293,-0.0001318155680563,12.6952909455476,0.1532480828565726,-0.7341941777739416,13.082763928307427,0.1563397670822018,100,0.3,6,0.7,0.8,0.5,1.0,10.0,3,0.0,0.0
83,5,1080,2160,7.335225515365602,0.8953372274223083,2.588223139003471,0.0335264376268752,-0.1337229741329426,11.953455825293506,0.1502675925915938,100,0.02,6,0.9,0.6,0.0,0.5,0.0,2,0.3333333333333333,-0.0787878787878787
96,5,1080,2160,14.290231460995145,-1.2957023890258768e-05,12.932006183200413,0.152547018560658,-0.2467079331937063,12.254318186442058,0.1477624338464408,350,0.3,10,0.7,0.8,0.0,0.5,10.0,1,0.0,0.0
98,5,1080,2160,9.263074578819452,0.999533945835942,0.1621906477673501,0.0025737506093174,-2.025788409603665,20.50043356097113,0.2238602034401839,350,0.3,6,0.9,0.6,0.0,2.0,0.0,1,0.3333333333333333,0.5515151515151515
97,5,1080,2160,12.517596249933597,0.8022303639474926,3.1003393051359387,0.0675058849582932,-0.2703331954774277,12.919215505299745,0.1612167036643005,100,0.1,10,0.7,0.6,0.5,1.0,0.0,2,0.3333333333333333,-0.0303030303030303
60,5,1080,2160,14.723443611286305,-1.837499737700199e-06,13.950162124633788,0.1682914902267405,-0.4283367776108098,10.52704155639366,0.1322105344583017,100,0.05,6,0.7,0.8,0.5,1.0,10.0,1,0.0,0.0
85,5,1080,2160,9.611699734793769,-2.8520771845563783e-05,9.080965214128849,0.1039723501535355,-1.1875713316224648,18.813909907870823,0.2150348228866223,350,0.3,6,0.7,0.6,0.5,2.0,10.0,3,0.0,0.0
89,5,1080,2160,8.52824757851936,0.9997119811098956,0.1304189660148134,0.0018892359669296,-2.5871842101675298,17.118523305560704,0.1838999039097471,350,0.05,6,0.9,0.8,0.0,1.0,0.0,2,0.3333333333333333,0.2727272727272727
81,5,1079,2160,15.260264852693016,0.2316854871255705,12.41789654792736,0.1454622231688066,-0.4944386726445107,15.289185240710223,0.1796397746796064,700,0.3,10,0.7,0.8,0.5,2.0,10.0,1,0.0,-0.1421338109037403
99,5,1080,2160,12.838363949113903,0.8298291362249719,3.575305972214426,0.0585430098902213,-1.3376799601484897,20.271205058533493,0.2387063894222359,100,0.3,10,0.7,0.8,0.5,1.0,0.0,1,0.3333333333333333,0.2969696969696969
95,5,1080,2160,15.974147499225756,-2.999972097716963e-05,14.906141716285989,0.1770054650993928,-0.1722254275749764,17.313300068113538,0.1949475048043292,700,0.3,10,0.9,0.6,0.5,0.5,10.0,1,0.0,0.0
0,15,3239,2160,8.680187254617337,0.9508435584903738,1.339331886514424,0.026479108567493,-0.7324971069481816,17.003858153257102,0.1866441998391335,350,0.1,6,0.9,0.8,0.5,0.5,0.0,1,0.6666666666666666,0.2121212121212121
3,15,3240,2160,11.155911580301176,0.9413627397940876,1.548515361322896,0.0310959197520733,-0.7459775885384867,14.974595663039771,0.1799303139235778,350,0.3,6,0.9,0.6,0.5,2.0,0.0,3,0.0,-0.8666666666666665
2,15,3240,2160,8.865100160057162,0.893639434862505,1.7361417985172871,0.0416843889198744,-0.528872148121668,13.912232166683232,0.1660568995105172,700,0.02,10,0.9,0.6,0.5,0.5,0.0,3,0.3333333333333333,0.5757575757575757
1,15,3240,2160,7.25034254743729,0.9523685100749064,1.0944435737001492,0.0283560115926662,0.0134133500164915,12.940374368959002,0.1494990288628653,350,0.05,6,0.9,0.6,0.5,0.5,0.0,3,0.3333333333333333,0.4181818181818181
15,15,3239,2160,7.616076608715851,-5.643471014726842e-06,7.478363000835007,0.0942312227503793,-2.1199173978139347,19.47986110828541,0.2156167892040385,100,0.1,10,0.9,0.8,0.5,0.5,10.0,2,0.0,0.0
11,15,3240,2160,12.956446997560098,0.0527493494734959,12.059189203992304,0.1386955414817604,-0.3055171292787508,15.329692388463902,0.1777058931215946,100,0.02,6,0.7,0.8,0.5,2.0,10.0,2,0.0,-0.2842676218074806
13,15,3240,2160,9.844587563744025,0.9983796390539094,0.3298744968823616,0.0052187883783416,-0.5334282123852983,12.062197633716796,0.1459493752643464,350,0.3,6,0.7,0.8,0.0,1.0,0.0,3,0.3333333333333333,-0.2606060606060606
4,15,3240,2160,10.424737190434964,0.1096863728239774,9.663788155685236,0.1182840672807798,-0.8124651199067916,17.163702140384252,0.1892839870314525,350,0.3,10,0.9,0.6,0.5,1.0,10.0,2,0.0,0.0
5,15,3240,2160,13.273346842306632,0.1179036533888092,11.52696806507346,0.1390346226192519,-0.3903988803850193,14.445077204880892,0.1683760511449857,700,0.1,10,0.9,0.8,0.5,0.5,10.0,2,0.3333333333333333,0.0710669054518701
8,15,3240,2160,9.811386536727715,-4.237828961151102e-05,9.349951416769146,0.1116752071593612,-0.8782683730448153,18.350111080452248,0.2069943092956084,100,0.3,10,0.7,0.8,0.0,0.5,10.0,3,0.0,0.0
10,15,3240,2160,10.90078066493258,0.7336669058986951,3.766688486943712,0.0691071213328077,-0.6473486437840112,15.203979383353834,0.1719718508649649,350,0.02,6,0.7,0.6,0.5,0.5,0.0,3,0.3333333333333333,0.5151515151515151
16,15,3240,2160,10.927642930584188,-3.18899135476336e-06,10.2919508554906,0.1235449804154486,-0.2798435035463038,14.143447235955133,0.169591736756961,100,0.05,10,0.7,0.8,0.5,0.5,10.0,3,0.0,0.0
18,15,3240,2160,9.361741574427434,0.8609276603467388,1.8476330482459595,0.0461623583637836,-1.216504328452654,20.627001190852475,0.2356075826783933,100,0.3,10,0.9,0.8,0.5,2.0,0.0,2,0.3333333333333333,0.1757575757575757
25,15,3239,2160,10.364758446996689,0.7562833527296815,3.319821062048264,0.0654955318690036,-0.4066721359854222,17.07337970976476,0.1913499195811875,350,0.02,6,0.7,0.6,0.5,1.0,0.0,3,0.6666666666666666,0.7454545454545454
17,15,3240,2160,10.38113356696235,0.149247070498412,9.207649718155096,0.1086504340847645,-0.6881346061663534,12.3551798220034,0.1440494698556129,350,0.3,6,0.9,0.6,0.0,0.5,10.0,3,0.0,0.0
9,15,3240,2160,12.78888329776717,-7.015191443304758e-07,12.556829968676157,0.1477078561303122,-0.8599848598315614,13.60825199727659,0.1585759304659136,700,0.05,6,0.7,0.6,0.5,2.0,10.0,3,0.0,0.0
12,15,3240,2160,11.273450066130838,0.1308622912680893,10.312552556167416,0.1251141066253902,-1.0241683838587834,13.374303450407805,0.1607580553370623,350,0.3,10,0.7,0.8,0.0,1.0,10.0,2,0.3333333333333333,0.0
21,15,3240,2160,14.524192602840468,0.0563206131319941,13.309497804994937,0.1543881122440918,-0.1900251324622011,15.89910052758676,0.1801450564186158,100,0.02,6,0.7,0.6,0.0,2.0,10.0,3,0.3333333333333333,0.2201927530252721
7,15,3240,2160,11.949645740382469,0.8408343925128855,2.743285559395236,0.0561150167664546,-0.6770507073109404,13.599223539608497,0.154412018728319,100,0.1,6,0.9,0.6,0.5,0.5,0.0,2,0.0,-0.2121212121212121
19,15,3240,2160,11.96742665020036,-1.561273248462669e-07,11.267539678973916,0.1320100376705629,-0.8217584497557273,15.897251653318056,0.1806601122867892,100,0.05,10,0.7,0.8,0.0,1.0,10.0,3,0.0,0.0
14,15,3239,2160,9.509039965594534,0.7740163678520814,3.7771540213308423,0.0554466752307805,-1.0518923622790617,13.731854268268304,0.1567201988541823,100,0.02,6,0.9,0.8,0.0,1.0,0.0,3,0.6666666666666666,0.0181818181818181
43,15,3240,2160,11.546344983348003,0.9569802174893984,1.2135965535690847,0.0274607953827563,-1.7702842465903983,17.5392737308105,0.18723267835597,100,0.3,10,0.7,0.6,0.5,2.0,0.0,1,0.3333333333333333,0.085106776115209
51,15,3240,2160,12.083282596093635,0.1554087291435363,10.171901568424554,0.1249124572727146,-0.4197123331348331,15.335015569263035,0.178608701153694,100,0.02,10,0.7,0.8,0.5,0.5,10.0,1,0.3333333333333333,-0.0591849151176036
24,15,3240,2160,13.342334930749589,0.1620591748970621,11.70238035413954,0.1355301904777864,-0.3662763952786729,15.609904475741915,0.1844650219720493,700,0.3,10,0.7,0.6,0.5,1.0,10.0,2,0.6666666666666666,0.1740776559556978
35,15,3240,2160,8.87314028346428,0.962863286920176,1.1158583081472253,0.0280145397202545,-0.9918228816035228,12.05076506451324,0.1429740373100178,350,0.3,10,0.7,0.6,0.5,1.0,0.0,3,0.3333333333333333,-0.0666666666666666
31,15,3240,2160,11.219345113848462,0.8064311198538754,3.224034197322426,0.0630263062830729,-0.6975310845323264,13.334674895913512,0.1550358747216324,100,0.1,6,0.7,0.6,0.5,0.5,0.0,3,0.3333333333333333,0.4303030303030302
30,15,3240,2160,14.02033465538496,-4.26228992034261e-06,13.48985915384175,0.1542475229285216,-0.6202690768849444,13.316487128646283,0.1639119045912652,100,0.02,10,0.7,0.6,0.0,2.0,10.0,1,0.0,0.0
22,15,3240,2160,10.305120796053496,0.8352884613338637,2.903634386003753,0.0537802282012022,-0.7296674050209422,16.16355833397971,0.1841770441514933,100,0.05,10,0.9,0.6,0.5,0.5,0.0,3,0.0,0.4666666666666666
29,15,3240,2160,11.6567608425941,0.0092946782613015,11.314642836017372,0.132888277183897,-0.6389918763231244,13.88368758837382,0.1604996564520967,100,0.02,10,0.7,0.8,0.0,1.0,10.0,3,0.6666666666666666,0.0
57,15,3240,2160,10.631333467813189,-2.84542693851364e-07,10.147033999643208,0.1206838636834922,-1.077844813598547,17.854652680644286,0.2020353131233543,700,0.02,6,0.7,0.6,0.0,0.5,10.0,1,0.0,0.0
54,15,3240,2160,8.659287067879864,0.9972140866118058,0.1749100346471392,0.0054259171673012,-0.3117637951576648,14.621371844190138,0.1699126514196002,100,0.3,10,0.7,0.6,0.0,1.0,0.0,2,0.6666666666666666,0.4787878787878787
23,15,3239,2160,11.618171321256389,0.8588247065902587,2.5672987491541086,0.0519015957461783,-0.4104022198161587,14.367113195746034,0.1680799951332417,350,0.02,6,0.7,0.6,0.5,1.0,0.0,3,0.0,0.1878787878787878
33,15,3240,2160,9.470226561059189,0.9541161781448504,1.2608285482799242,0.0252711542388352,-0.8461018083377958,18.694343761029067,0.2083610116772354,100,0.1,6,0.7,0.6,0.0,0.5,0.0,3,0.3333333333333333,0.0060790554368006
36,15,3240,2160,8.870200381920455,0.9320149002817312,1.5752269952202125,0.0282993437538915,-1.5059442083259564,23.23766049776468,0.2511337326365756,700,0.3,10,0.7,0.6,0.5,0.5,0.0,3,0.3333333333333333,0.5030303030303029
41,15,3240,2160,11.387300703731585,0.161692797762624,10.418109831868868,0.123808516424013,-0.21516490326587,13.778788170284695,0.1607235053331268,100,0.3,6,0.7,0.6,0.5,2.0,10.0,2,0.3333333333333333,0.7977240352174655
20,15,3240,2160,11.135590200541932,-9.745136031469316e-09,10.585326932506796,0.1243091061986961,-0.4990020075136054,14.200988193088106,0.1617611244247964,350,0.02,6,0.7,0.8,0.5,0.5,10.0,1,0.0,0.0
27,15,3240,2160,9.475708355991928,0.9373813325957612,1.66957946531992,0.0307083230741027,-0.8599645569556524,17.638118048758695,0.2006773616119273,350,0.3,10,0.7,0.6,0.5,1.0,0.0,3,0.0,-0.2606060606060606
46,15,3240,2160,13.361969140135212,0.0161050318583581,12.487454392468488,0.1434357722412456,-0.458055451822339,16.549483280888307,0.1878067375434569,100,0.02,10,0.7,0.8,0.5,2.0,10.0,3,0.3333333333333333,-0.4296689244236597
47,15,3240,2160,14.782107264907271,0.2332489080752247,11.228713928034276,0.1339292475661887,-0.6598389787559535,13.43698530903569,0.155793052687989,700,0.3,6,0.7,0.8,0.5,0.5,10.0,1,0.3333333333333333,-0.1376790200885154
38,15,3240,2160,12.554298588552594,0.7278766001865816,4.935914180553088,0.0805249448190198,-1.4477827333565072,16.722383544974857,0.185400171463675,100,0.05,10,0.7,0.6,0.5,0.5,0.0,3,0.6666666666666666,0.6808542089216723
44,15,3239,2160,11.430936807489587,0.721683644403889,5.2155394085766025,0.0760039586254656,-0.4025120808011035,18.384365572487862,0.1978022748338303,100,0.02,6,0.9,0.8,0.0,2.0,0.0,2,0.3333333333333333,0.4545454545454545
52,15,3240,2160,13.736304811783778,0.0141924739214812,12.915467582749733,0.1541516989540378,-0.6950815788155396,14.027600382345696,0.1612136823788822,100,0.02,6,0.7,0.8,0.5,2.0,10.0,2,0.3333333333333333,-0.1782081089100628
6,15,3240,2160,10.040146073706357,-5.6262101422177586e-08,9.406680491176653,0.1113969123613003,-1.4363816011541193,18.16836085708053,0.2082289098245456,100,0.3,10,0.7,0.8,0.0,0.5,10.0,2,0.0,0.0
32,15,3240,2160,13.438919828085252,0.1760097370514677,11.17927127932325,0.1354460159127252,-0.7915745586456664,19.15791278980397,0.2070128132932029,100,0.02,10,0.9,0.6,0.0,0.5,10.0,1,0.0,-0.4771660544727611
26,15,3240,2160,11.650741715372344,-8.049559521161598e-06,11.53555558004497,0.1397699897940776,-0.5250422442446754,15.338017020755345,0.1803807246176984,100,0.1,6,0.7,0.6,0.5,0.5,10.0,3,0.0,0.0
62,15,3240,2160,13.35105547375149,0.1037630914679625,12.261686041090222,0.1480162439118227,-0.6488500119222191,9.777263239754571,0.1187373665405109,100,0.3,6,0.9,0.6,0.5,2.0,10.0,3,0.3333333333333333,-0.0580258853185659
37,15,3240,2160,11.226515375537636,-1.519437328179052e-06,10.963427949599277,0.1329063009894075,-0.4054626900772939,16.38691880332099,0.1876163973459959,350,0.02,6,0.7,0.8,0.5,1.0,10.0,3,0.0,0.0
49,15,3240,2160,9.863945984192837,0.688065876511116,4.746015272111069,0.0705857810559164,-0.4416721920609019,12.207017385076592,0.1404373756640133,100,0.02,6,0.7,0.6,0.5,1.0,0.0,1,0.3333333333333333,0.406060606060606
42,15,3240,2160,11.065077626528565,0.874575021478482,2.31548403436755,0.0463442636851739,-0.1569932071919069,11.951833460860785,0.1414303121268187,100,0.05,10,0.7,0.6,0.5,1.0,0.0,2,0.3333333333333333,0.4787878787878787
71,15,3240,2160,11.823872565752197,-9.66174408256748e-07,11.245481005774604,0.1289100999000305,-0.2354725273464877,12.96045981972306,0.1589407677494161,100,0.02,6,0.7,0.8,0.0,1.0,10.0,2,0.0,0.0
53,15,3240,2160,11.29359828972522,-1.192976201225271e-05,11.234753322836797,0.136869980456897,-0.0755002270878708,11.719828924956143,0.1478760003189409,100,0.05,6,0.7,0.6,0.0,1.0,10.0,3,0.0,0.0
56,15,3240,2160,12.011915160211515,0.9908232235282336,0.3664775288934578,0.0130384163479322,-0.7345649124269933,12.033624211373152,0.1516934737069631,700,0.05,10,0.9,0.6,0.0,2.0,0.0,1,0.0,-0.0787878787878787
28,15,3240,2160,8.421536720564337,0.8866473838777034,1.977623056084849,0.0402094111632697,-0.3742145174385503,14.811331176581207,0.1744589497113737,700,0.02,6,0.7,0.6,0.5,0.5,0.0,2,0.3333333333333333,-0.1999999999999999
40,15,3240,2160,11.69227861183661,0.8548724857413681,2.4397590408244247,0.050378296666476,-0.4500498863968987,12.785916326575808,0.1590995629018651,350,0.02,10,0.7,0.6,0.5,2.0,0.0,2,0.3333333333333333,0.1515151515151515
73,15,3240,2160,11.106742399827931,-2.467655301074956e-05,9.8808874296259,0.119035077788463,-1.5442812999596347,17.499734930638915,0.1942591852122317,100,0.05,10,0.7,0.6,0.5,2.0,10.0,3,0.0,0.0
63,15,3240,2160,8.733046623129903,0.8826911636602351,1.8400937096858512,0.0387482675265526,-0.2707028435443603,13.738778610317796,0.1662612764254374,100,0.05,6,0.7,0.8,0.0,1.0,0.0,2,0.3333333333333333,0.1151515151515151
55,15,3240,2160,10.076417505829422,0.2380842528654544,8.72300756101255,0.111065565742585,-0.7330600026895016,18.899097448984783,0.2144979569696709,100,0.02,10,0.9,0.6,0.0,2.0,10.0,2,0.3333333333333333,-0.2901294265928297
34,15,3240,2160,12.325071739620633,-1.0894431601293777e-07,11.345266712800957,0.1377501580586628,-0.5860886568539372,16.958075033470436,0.197312244486503,100,0.02,6,0.7,0.8,0.5,1.0,10.0,1,0.0,0.0
45,15,3240,2160,13.245394144990009,0.9208485604568362,2.03553056003362,0.0429056620383375,-0.659483719811794,13.967640429090157,0.1651015003591628,700,0.3,10,0.7,0.6,0.5,0.5,0.0,2,0.0,-0.0303030303030303
66,15,3240,2160,11.669176388324043,0.9383824144949088,1.3249206839968093,0.0329755598491209,-1.1064561008750329,17.766615267440123,0.1955710546150175,100,0.3,10,0.9,0.8,0.5,0.5,0.0,1,0.3333333333333333,0.3333333333333332
69,15,3240,2160,9.80327114034582,-3.551494445197534e-07,9.632737013734417,0.1133790382455661,-2.2510194698554686,19.049568557032835,0.2060779793013349,700,0.1,6,0.9,0.6,0.0,1.0,10.0,2,0.0,0.0
59,15,3240,2160,11.285331345899603,0.1576381475075039,10.595731583112553,0.1299908872865586,-0.6160137811002928,14.077597267009594,0.1662379482121648,100,0.3,6,0.9,0.8,0.0,1.0,10.0,3,0.0,0.2132007163556104
87,15,3240,2160,11.80017172227671,0.9020141869564424,2.529239707603637,0.0414484829662225,-0.5885718651326142,16.408520170361907,0.1892480589034204,100,0.05,6,0.7,0.6,0.5,2.0,0.0,2,0.3333333333333333,0.0666666666666666
72,15,3240,2160,9.080819505644431,0.9062754156314452,1.997512599234872,0.0406541012978186,-0.2919924957318502,12.675827447308436,0.1488989358233619,100,0.05,10,0.7,0.8,0.5,1.0,0.0,3,0.3333333333333333,-0.0787878787878787
88,15,3240,2160,9.402275672371006,0.921846489335198,1.7901911056795976,0.0318204329615533,-0.3617892790026951,14.599505404741674,0.1751132363476963,350,0.02,10,0.9,0.6,0.5,1.0,0.0,1,0.3333333333333333,0.0181818181818181
78,15,3240,2160,9.769506494498549,-1.880861438285919e-05,9.295622351375629,0.1139995329921186,-1.0859388955172975,16.489882570902505,0.1849551043150267,350,0.3,10,0.7,0.6,0.0,0.5,10.0,2,0.0,0.0
75,15,3240,2160,9.712952553784406,-5.573690819882238e-05,9.311921363171235,0.1107261652542932,-1.007081125634718,14.040945119504576,0.1629483071615399,350,0.3,10,0.7,0.8,0.5,0.5,10.0,1,0.0,0.0
76,15,3240,2160,12.341367289931686,0.03366411698503,11.62775453167197,0.1393395446438264,-0.7864274484573734,17.711190481539127,0.1956453605204846,350,0.02,10,0.7,0.8,0.0,2.0,10.0,1,0.0,-0.1899342940993965
82,15,3240,2160,12.03978869644212,0.7436876079095445,5.215981557074888,0.0733735844060953,-0.8652831557849943,15.585002747465063,0.1761707768302074,100,0.02,6,0.7,0.8,0.5,0.5,0.0,1,0.3333333333333333,0.3525852153344375
50,15,3240,2160,11.320531630103968,0.125318885329425,10.297730544761375,0.1246928878022063,-0.5084480981383226,14.483848569658068,0.1657714743791391,700,0.3,10,0.7,0.8,0.5,0.5,10.0,3,0.3333333333333333,-0.1139605764596379
68,15,3240,2160,8.949058854933138,0.8891298784630729,1.9251799758960049,0.043929405331983,-0.4950428110483016,13.449000873653976,0.153554998020154,700,0.02,10,0.9,0.6,0.5,1.0,0.0,1,0.6666666666666666,0.3333333333333332
58,15,3240,2160,10.28683404757653,0.0438018212408962,9.860751895198115,0.1227114566033564,-0.6297540016513927,17.04517554106536,0.1959286864849041,350,0.1,10,0.9,0.8,0.0,0.5,10.0,1,0.0,-0.2842676218074806
94,15,3239,2160,12.357771969453806,0.8001138957504424,4.2230648100983394,0.064774733499807,-0.8336145173279017,14.167667469448514,0.166124640872757,100,0.02,10,0.7,0.6,0.0,0.5,0.0,1,0.3333333333333333,-0.2310041065984245
83,15,3240,2160,9.69707029413294,-1.144520091345136e-05,9.442688568491995,0.1113385739221221,-0.8735995672725465,16.90828589545356,0.1931746987826306,350,0.3,10,0.7,0.8,0.5,2.0,10.0,2,0.0,0.0
79,15,3240,2160,12.146774620950955,-2.642149314890929e-07,11.787932304570704,0.140605295763966,-0.3501334515923779,15.6151252661811,0.1704020919448542,350,0.02,10,0.7,0.8,0.0,0.5,10.0,3,0.0,0.0
85,15,3240,2160,11.833748331658631,0.03919311133293,10.629057170726634,0.1284006520001493,-0.7563098126177661,16.65139148094036,0.1926762777855968,100,0.02,10,0.7,0.6,0.0,1.0,10.0,1,0.0,0.0
81,15,3239,2160,9.52129658088065,0.9150902574785506,1.696655915200356,0.0371880914203075,-0.5162040638155856,16.49733671085702,0.1809432060166911,100,0.3,10,0.7,0.6,0.5,0.5,0.0,2,0.3333333333333333,0.0666666666666666
60,15,3240,2160,12.381969266349888,0.0331367044530506,11.826905726209098,0.1424248537675765,-0.7730462770944975,12.207758091114185,0.1473027269952819,100,0.02,6,0.7,0.6,0.0,0.5,10.0,3,0.3333333333333333,-0.1139605764596379
84,15,3240,2160,9.704573135022764,-4.953676411290076e-07,9.71274903556447,0.1278250305654276,-1.5088157738199963,18.94892616695828,0.2143273271137536,100,0.05,10,0.7,0.6,0.0,0.5,10.0,3,0.0,0.0
90,15,3240,2160,11.116113440622518,0.9045147933573784,2.1903064405162715,0.0400912691847597,-0.3658068449845566,12.980361867039292,0.1478346008829461,350,0.02,6,0.7,0.6,0.0,0.5,0.0,3,0.3333333333333333,0.3212121212121211
39,15,3239,2160,13.531587137481456,0.1289382946148715,12.304434453900049,0.1458104894430161,-0.5669827956039939,18.69163916799757,0.2099440888486529,350,0.1,10,0.9,0.6,0.5,2.0,10.0,1,0.3333333333333333,0.2669695249887658
98,15,3240,2160,11.944638657275542,0.1123658586634234,10.914525401739429,0.1340632686893229,-0.5003415589476286,13.666326746764009,0.1576350127582002,700,0.3,10,0.7,0.6,0.0,1.0,10.0,1,1.0,0.493829164658431
86,15,3240,2160,10.802225637494782,0.9336738019332196,1.4008630580469437,0.0336365230403733,-0.286247407482475,14.79849732361458,0.1708004691862917,700,0.02,10,0.9,0.6,0.5,1.0,0.0,1,0.3333333333333333,0.3696969696969697
77,15,3240,2160,12.408820402357314,-1.7126770698316918e-05,12.079897741859345,0.1465411196969591,-0.9934982109349472,14.24286150791027,0.1676210372643778,100,0.1,10,0.7,0.6,0.0,2.0,10.0,2,0.0,0.0
67,15,3240,2160,10.547322353345375,0.8417448321263523,2.8612430073560016,0.0552621516468175,-0.5081060841435752,10.541903214051768,0.1365455564472097,700,0.02,10,0.9,0.8,0.5,0.5,0.0,2,0.6666666666666666,0.1272727272727272
48,15,3240,2160,12.26350851011865,0.1355473790568712,11.174943498917568,0.1331985987166187,-0.2622722891131344,15.800262110674824,0.1793613158059172,350,0.3,10,0.7,0.6,0.0,2.0,10.0,1,0.3333333333333333,-0.1421338109037403
89,15,3240,2160,12.667197606234271,0.8339278738217475,2.656409267993805,0.0596842001032493,-1.271897493200362,12.32364629946373,0.1463521237118228,700,0.05,6,0.9,0.6,0.5,0.5,0.0,2,0.0,-0.3333333333333332
61,15,3239,2160,9.654731922599732,0.9999368632535026,0.077603311838139,0.0010855404145014,-0.3531562093427614,14.49229812891395,0.1812746362999747,700,0.3,10,0.9,0.8,0.0,1.0,0.0,1,0.0,0.1272727272727272
80,15,3240,2160,13.142370972574492,0.0182032718619593,12.777403684074494,0.1490438844658491,-0.0899119508904024,12.73110463530929,0.1539520110129802,100,0.05,6,0.7,0.6,0.0,1.0,10.0,2,0.6666666666666666,0.5698028822981897
97,15,3240,2160,11.850652673980337,0.0255586552548309,11.425569452356411,0.137491916711607,-0.245628712371013,13.082207524334942,0.1596413967079911,700,0.02,6,0.7,0.8,0.5,0.5,10.0,3,0.3333333333333333,0.0348155311911395
64,15,3240,2160,11.85421016016124,0.7677932718489229,4.066393374288166,0.0745674287608113,0.1180112411573762,11.289900413619147,0.1428469584678076,350,0.02,10,0.7,0.6,0.5,2.0,0.0,3,0.6666666666666666,0.5272727272727272
65,15,3240,2160,11.43246732585224,0.8173889924445146,3.1472306932485954,0.0579717275257022,-0.0934386023710192,13.008595810775404,0.1597010843775759,100,0.05,6,0.9,0.8,0.5,1.0,0.0,1,0.3333333333333333,0.4437710468864471
96,15,3239,2160,12.104120624300649,0.1136480682944108,11.116569153943818,0.1317898143931943,-0.6814052639458885,15.007566765679252,0.1716002340063413,700,0.1,10,0.9,0.6,0.0,0.5,10.0,2,0.6666666666666666,0.3035359828767655
99,15,3240,2160,10.740190524583982,-3.44558230414016e-06,10.67347755479224,0.1278360888197078,-1.1600990584535928,21.084478238423664,0.2294607193492973,700,0.1,6,0.7,0.8,0.5,0.5,10.0,3,0.0,0.0
91,15,3240,2160,8.227448382546871,0.9423752581499614,1.349002494651761,0.0263078279566454,-1.1227326206211123,15.464513066802862,0.1747292190507856,100,0.3,10,0.9,0.6,0.5,2.0,0.0,1,0.0,0.006060606060606
74,15,3240,2160,11.270675196941989,0.0203736012711349,10.980293352574478,0.1363934586358167,-0.5402186120935557,15.837340436864782,0.1819821670506806,100,0.05,6,0.7,0.8,0.5,0.5,10.0,1,0.0,0.0
92,15,3240,2160,13.44211778640747,0.2650847705237944,10.852951875498263,0.1254416718744103,-0.4138491303079057,9.134375606819434,0.1137257791794351,350,0.3,6,0.9,0.6,0.0,1.0,10.0,3,0.6666666666666666,0.0379868588198793
70,15,3240,2160,12.274242015414767,-1.3021942264490605e-06,11.783790929346909,0.148207344544156,-1.5420915246312652,16.16052495603208,0.1772454191612064,100,0.02,6,0.7,0.8,0.5,1.0,10.0,2,0.0,0.0
95,15,3240,2160,11.616614407904354,-2.048078504124362e-06,11.113835268844792,0.1387583677864687,-0.3293067243577841,18.684865266658644,0.2075987397927972,350,0.05,6,0.7,0.6,0.5,1.0,10.0,2,0.0,0.0
93,15,3240,2160,9.561141735315324,0.8829970908699752,1.9682814781781128,0.043035412959016,-0.0938866229787407,11.829093927145005,0.1420126405899781,350,0.3,6,0.9,0.6,0.5,0.5,0.0,3,0.3333333333333333,-0.1515151515151515
3,50,10799,2160,9.997418459813948,0.8561587425900121,2.2297969109554505,0.0512820774811089,-0.1192501898327236,12.052524263660112,0.1440617193303233,350,0.05,10,0.9,0.6,0.5,1.0,0.0,1,0.0,-0.309090909090909
34,50,10799,2160,9.627397503610606,0.9053440769984468,1.6674523440709523,0.0383039498284214,-0.6972351566981481,17.666048428791544,0.2041086061008068,350,0.05,10,0.7,0.8,0.5,0.5,0.0,2,0.3333333333333333,-0.0364743326208038
24,50,10800,2160,10.236219046204454,0.7887982524251467,3.5078661084430536,0.061617859265709,-0.0779280140024725,13.810524402106251,0.1638474266063607,350,0.02,6,0.7,0.6,0.0,1.0,0.0,1,0.3333333333333333,0.3818181818181818
9,50,10800,2160,10.775558161929805,0.8036916076004041,2.897039086024786,0.0607600035420115,-0.3324293666127826,11.427848207023407,0.1342161144243551,100,0.1,6,0.7,0.8,0.5,2.0,0.0,1,0.3333333333333333,0.2484848484848484
8,50,10800,2160,10.23154763551553,0.8910728690213867,2.053882133661959,0.0424729166233015,-0.5278485701823403,16.75012539572186,0.1866894340458068,700,0.05,6,0.7,0.6,0.5,0.5,0.0,3,0.0,-0.406060606060606
10,50,10800,2160,8.77396105834676,0.9145739686354823,1.5332500926551444,0.0367827164167507,-1.2115286943229835,17.05562132425054,0.1992557640203429,350,0.3,10,0.9,0.6,0.5,2.0,0.0,1,0.3333333333333333,-0.406060606060606
15,50,10799,2160,9.196735232745082,0.8870039734884361,1.791782257874057,0.040170411534729,-1.8255998584806197,19.365999312731955,0.2051948027963324,350,0.05,10,0.7,0.6,0.5,0.5,0.0,1,0.6666666666666666,0.6606060606060605
11,50,10800,2160,11.405912621639391,0.97071845056993,0.920820653140378,0.0227013471088074,0.011468189226067,13.058653677039676,0.1546343124526389,100,0.1,10,0.7,0.8,0.0,2.0,0.0,3,0.6666666666666666,0.3696969696969697
18,50,10800,2160,8.867818767894914,0.9074911076826256,1.5359527465516456,0.0360186848266937,-0.7038671189542574,17.472586165721772,0.2065726555863777,100,0.3,10,0.9,0.8,0.5,2.0,0.0,2,0.0,-0.4909090909090908
57,50,10800,2160,8.93638566849629,0.8406452863021892,2.3461358053942245,0.0505271225217908,-0.6360421122530766,15.395466358440892,0.1792742729691354,350,0.05,6,0.7,0.6,0.5,0.5,0.0,2,0.6666666666666666,0.3212121212121211
25,50,10799,2160,9.415301322100476,0.7874066240669858,3.264890965710212,0.0585091945480054,-0.4528395113124099,17.086513397693633,0.1944646484355145,350,0.02,6,0.9,0.8,0.5,0.5,0.0,3,0.6666666666666666,0.7696969696969697
23,50,10799,2160,9.153537039293669,0.89733904696646,1.8873689501755115,0.0418164515726273,-0.1072224641146704,12.998795556977944,0.1489230697165672,700,0.1,6,0.7,0.6,0.5,2.0,0.0,1,0.6666666666666666,0.7454545454545454
32,50,10800,2160,11.125423774861076,0.8348588482543746,2.775150510605924,0.0575597756161036,-0.5188353682867284,17.263916546547854,0.1906053713167053,700,0.05,6,0.7,0.6,0.5,1.0,0.0,1,0.3333333333333333,-0.0303952771840032
51,50,10800,2160,9.810852552303562,0.9266118710741514,1.5699402948035257,0.0332593523981936,-0.7568245966796507,17.68003336966038,0.1986857117000279,100,0.1,10,0.7,0.6,0.5,2.0,0.0,3,0.3333333333333333,0.1337392196096141
0,50,10799,2160,9.765499867989066,0.8991238435548148,1.8574788547631391,0.0403662475075525,-0.4248767337984571,15.03346076971955,0.1692648913727193,700,0.05,6,0.7,0.6,0.0,2.0,0.0,3,0.6666666666666666,0.6727272727272726
2,50,10800,2160,8.216698135514019,0.8580261112510443,2.160734311305038,0.0455091168154654,-0.4095000344566171,13.903387476139596,0.1594424230480896,100,0.1,6,0.9,0.8,0.0,0.5,0.0,2,0.3333333333333333,0.4787878787878787
28,50,10800,2160,9.17097965758818,0.8524342442985893,2.467046958326776,0.0499005025506509,-0.1396224163539199,13.510637569869006,0.1588716767255123,350,0.02,6,0.7,0.6,0.0,2.0,0.0,2,0.6666666666666666,0.4181818181818181
31,50,10800,2160,9.2320853500013,0.9401288104753804,1.3235486395799367,0.0319579716003438,-0.8601354299854647,13.998927827543683,0.1622914417842177,350,0.02,10,0.7,0.6,0.0,1.0,0.0,3,0.3333333333333333,-0.1636363636363636
38,50,10800,2160,11.762243818584416,0.7947201632084626,3.332690236244685,0.0636666166990879,-0.6730726339709847,13.294568128850724,0.1532784485037434,700,0.02,6,0.9,0.6,0.5,0.5,0.0,3,0.6666666666666666,0.5957474328064633
43,50,10800,2160,10.707134545389978,0.8094078969079975,3.1921562824775807,0.0619216839576392,-0.5670488268257396,12.728719196054673,0.1408188353147242,350,0.02,6,0.9,0.8,0.0,1.0,0.0,1,0.6666666666666666,0.395138603392042
35,50,10800,2160,10.61441844771968,0.902549908544662,1.9980020660395408,0.0443519003246082,-0.5144584030270498,9.948871619127416,0.1246695801893018,100,0.05,10,0.7,0.8,0.0,2.0,0.0,3,0.3333333333333333,0.5030303030303029
74,50,10799,2160,9.819725178051282,0.8434446022962433,2.3730306798498204,0.052080139869558,-0.4732558092462711,14.95172889234843,0.1779822652407688,700,0.05,6,0.7,0.6,0.5,2.0,0.0,2,0.3333333333333333,-0.1757575757575757
87,50,10800,2160,10.204514858998632,0.9401851374995938,1.4365634328383388,0.0318326138954093,-0.4683970561334842,15.955197895544543,0.1819490334922404,350,0.1,10,0.7,0.6,0.5,2.0,0.0,2,0.0,-0.4909090909090908
12,50,10800,2160,9.871113285457646,0.9037670338364784,1.6755714560482842,0.0405736650778884,-1.0203013455640226,14.610246361913504,0.1606044231704192,350,0.1,10,0.7,0.6,0.5,2.0,0.0,1,0.3333333333333333,0.5757575757575757
13,50,10799,2160,10.457515487975694,0.916349259567478,1.712928591550951,0.0369249944694718,-0.3417269038476345,11.227326900075983,0.1365219804736599,700,0.02,10,0.9,0.6,0.5,0.5,0.0,3,0.3333333333333333,0.1272727272727272
50,50,10800,2160,9.40412636110076,0.7666912015024191,3.303716809312278,0.0604148520321953,-0.9904644105543554,16.727460544308027,0.1904240609615692,100,0.05,6,0.9,0.6,0.0,0.5,0.0,2,0.3333333333333333,-0.1878787878787878
17,50,10800,2160,9.231351788207338,0.9333560046974632,1.5856724525777304,0.0317673289534963,-0.4747471363740876,11.018514097045967,0.1346377696305622,700,0.02,6,0.7,0.6,0.0,1.0,0.0,3,0.3333333333333333,0.5030303030303029
16,50,10800,2160,11.062243064244589,0.1962661514541276,10.004441066989193,0.1208351806819667,-0.4060179239606958,14.87886032740275,0.1777549412493917,100,0.3,10,0.9,0.6,0.0,0.5,10.0,3,0.3333333333333333,-0.3737001973831134
1,50,10800,2160,10.183910264474374,0.900411464603692,1.5312818443381435,0.0402732114708082,-0.2024909110405963,14.830740815621835,0.165048528042239,700,0.02,10,0.7,0.6,0.5,1.0,0.0,1,0.3333333333333333,0.7212121212121211
29,50,10800,2160,10.511952085578883,0.8226334767511102,2.639213498023123,0.0551924200077291,-0.3917375031088059,12.86231610916279,0.1478987051590959,700,0.1,6,0.7,0.6,0.5,1.0,0.0,3,0.6666666666666666,0.6848484848484848
71,50,10800,2160,10.247054088736022,0.8076165869717525,3.065565697459504,0.0595797376871158,-0.110202632965265,11.848601757508735,0.1506676056460948,100,0.05,6,0.7,0.8,0.0,0.5,0.0,1,0.6666666666666666,0.5757575757575757
30,50,10800,2160,10.495447940535016,0.8094479960913546,3.3506356587408246,0.0611937152517595,-0.7653251843356059,14.572014337292424,0.1710918346599248,100,0.1,6,0.7,0.6,0.5,1.0,0.0,1,0.6666666666666666,0.5393939393939393
21,50,10800,2160,11.929470739682516,0.7934560214951474,3.734024082379761,0.0666343425582973,-0.0683546618062282,14.97864041990704,0.1706876136232019,100,0.05,6,0.7,0.8,0.5,0.5,0.0,3,0.6666666666666666,0.8060606060606059
88,50,10800,2160,9.868715201376212,0.8212688748014809,2.9169665822917032,0.0536525527592441,-0.2199196654064379,14.355928755027277,0.165740878039908,100,0.1,6,0.7,0.6,0.5,1.0,0.0,3,0.0,0.3575757575757575
4,50,10800,2160,9.16626241340019,0.8459624482289155,2.270527073211668,0.0474010574040677,-0.6922904413930662,16.68201919948613,0.1829011757187953,350,0.02,10,0.9,0.6,0.5,0.5,0.0,2,0.0,-0.406060606060606
62,50,10800,2160,12.512713549299338,0.7617686875853706,4.089726344637702,0.0725519818756663,-2.015349528742211,14.195730815485671,0.1605704658362262,100,0.1,6,0.9,0.6,0.5,0.5,0.0,1,0.0,-0.2606060606060606
5,50,10800,2160,10.79601285842613,0.1911470341884666,10.096193903569825,0.1256358678947441,-0.2787639255886927,14.16981593220322,0.1614751896758432,100,0.1,6,0.7,0.6,0.0,2.0,10.0,1,0.6666666666666666,0.4785984984029348
56,50,10800,2160,10.308040293234368,0.8716606629119261,2.0633549815942187,0.0477044985965379,-0.2343330144118027,10.55177627691516,0.1279639951316904,350,0.02,10,0.7,0.8,0.5,2.0,0.0,1,0.3333333333333333,0.5272727272727272
86,50,10799,2160,9.26300176092397,0.890057094161967,1.8425550158496344,0.0423857049219895,-0.5950159267365709,16.44440146605174,0.1901994755683339,700,0.02,10,0.9,0.6,0.5,1.0,0.0,1,0.0,0.2121212121212121
7,50,10799,2160,9.93843160283346,0.9214052110143596,1.6751847777897269,0.0376146666365327,-0.9029952305065174,14.46833111472152,0.1644852100115904,100,0.3,10,0.7,0.8,0.5,1.0,0.0,3,0.6666666666666666,0.1757575757575757
49,50,10799,2160,10.053851530231425,0.8683566786581025,2.1187714334776437,0.045603193097603,-1.208862710873472,15.093935580275677,0.1738336328402449,700,0.3,6,0.9,0.6,0.5,2.0,0.0,2,0.3333333333333333,0.4787878787878787
52,50,10799,2160,10.641861920671245,0.8664068749679352,2.243314613432573,0.0486702533492525,-1.2774130684965628,16.986589223897013,0.1868647999085625,700,0.1,6,0.9,0.6,0.5,1.0,0.0,2,0.6666666666666666,0.3404271044608361
53,50,10800,2160,8.617189422340305,0.9529061474167168,1.1877721072667171,0.0272330446698286,-0.0811842788077532,12.200963644010049,0.148266249978923,700,0.3,10,0.7,0.6,0.5,0.5,0.0,3,0.6666666666666666,0.3575757575757575
46,50,10799,2160,11.443088080060528,0.7047513737437563,4.218054117725929,0.0725581146476324,-0.3917694860475493,16.024787403212652,0.183488057569199,100,0.05,6,0.7,0.6,0.0,1.0,0.0,1,0.0,-0.1272727272727272
54,50,10800,2160,9.578237774848006,0.905876772042689,1.7666543443038265,0.0405836449225677,-0.5209046581200005,15.332494146892868,0.1829569416399285,350,0.3,6,0.7,0.8,0.5,1.0,0.0,1,0.3333333333333333,-0.3333333333333332
44,50,10799,2160,10.511965057135518,0.9122709057380936,1.6262086370442514,0.0398386533049831,-0.4041944922523035,18.7510392648644,0.1979208781160944,700,0.05,10,0.7,0.8,0.5,0.5,0.0,3,0.6666666666666666,0.7696969696969697
59,50,10800,2160,9.891389178090629,0.8328210665752984,2.412242605774064,0.0525291913239595,-0.6652862782370093,14.188784481386344,0.1687532290587743,350,0.05,6,0.7,0.6,0.5,0.5,0.0,2,0.0,-0.2606060606060606
63,50,10800,2160,7.858098641153288,0.9514390013002052,1.181629533279506,0.0279393132056683,-0.7999192057002817,16.96863277464691,0.1978771355758703,700,0.3,10,0.7,0.8,0.5,1.0,0.0,3,0.3333333333333333,0.0666666666666666
36,50,10799,2160,8.53230044967232,0.8474525975350571,2.5137103534990217,0.0459935383862414,-1.093957911480148,21.00890060808924,0.2295637586608601,350,0.02,6,0.9,0.8,0.5,2.0,0.0,3,0.0,-0.3939393939393939
77,50,10800,2160,10.99875532434053,0.8324372066170062,2.571971698963139,0.0574248432363001,-0.4225825969729859,12.068759165936047,0.1415987255181232,350,0.1,10,0.7,0.6,0.5,2.0,0.0,3,0.3333333333333333,0.6363636363636362
20,50,10800,2160,11.255109909728722,0.8896045815744711,2.1264015075936267,0.0485880677867013,-0.1208694997395039,11.323632761151702,0.139878374135212,700,0.1,6,0.9,0.8,0.5,2.0,0.0,2,0.0,0.0303030303030303
58,50,10800,2160,9.010210800998191,0.9384115900774848,1.338831425122352,0.0315696821179581,-0.3105814778680478,14.049350332507382,0.175698887602705,700,0.3,6,0.9,0.8,0.5,2.0,0.0,2,0.0,-0.406060606060606
6,50,10800,2160,9.123064685766346,0.9149730379619097,1.730926486238238,0.0342075947200908,-1.418469078318953,18.849898169791256,0.2074620377389046,350,0.02,10,0.9,0.6,0.5,0.5,0.0,1,0.6666666666666666,0.6242424242424242
84,50,10799,2160,10.100550349220976,0.8498932710657129,2.478922632262897,0.0516878051342489,-0.5592976215916488,14.82130443354413,0.1689692476429464,100,0.3,6,0.9,0.6,0.5,2.0,0.0,1,0.6666666666666666,0.5272727272727272
78,50,10799,2160,9.97528516451449,0.8140411024157903,3.11148891769932,0.0556185129526653,-0.2589490372274459,12.28070591741138,0.1436877039954549,350,0.02,6,0.9,0.6,0.0,1.0,0.0,3,0.6666666666666666,0.4666666666666666
47,50,10799,2160,10.233620652286072,0.9298639589296958,1.4821791835709064,0.0365481724394415,-0.5195764714747224,12.129409666502918,0.149065241449311,700,0.1,10,0.7,0.8,0.5,0.5,0.0,2,0.0,-0.5272727272727272
27,50,10800,2160,9.73697303035966,0.9692117720235736,1.027311788831336,0.024266610206402,-0.6070277656943879,17.550873762060096,0.1865338862902043,350,0.05,10,0.7,0.6,0.0,2.0,0.0,2,0.6666666666666666,0.6484848484848483
41,50,10800,2160,9.953654128834051,0.782203540846875,3.5927823530128404,0.0664333144830417,-0.0408828321699874,12.24313528974851,0.1487519643883992,350,0.02,6,0.7,0.8,0.5,2.0,0.0,1,0.6666666666666666,0.7333333333333332
39,50,10799,2160,10.148189873525736,0.8484281594726168,2.3920218573287246,0.0523180792481113,-0.6921243239224968,19.20190803373301,0.2181663025334245,350,0.1,6,0.9,0.6,0.5,0.5,0.0,3,0.0,-0.5272727272727272
89,50,10800,2160,10.688287677261563,0.7333997526265488,4.074279652009615,0.0711931249411259,-1.418098844744064,14.250727486875322,0.1509877409940652,100,0.05,6,0.7,0.6,0.5,2.0,0.0,2,0.6666666666666666,0.5272727272727272
73,50,10800,2160,10.333708270243472,0.9218430575282246,1.6909783190011254,0.0367717598611199,-0.4978301034612089,13.048574246123984,0.1490494154930528,100,0.3,10,0.7,0.6,0.5,2.0,0.0,3,0.6666666666666666,0.2363636363636363
19,50,10800,2160,9.218297731458035,0.9209362262966674,1.5903699025493847,0.0364370822463773,-0.2723895172033277,13.568878471233228,0.1509826072606418,700,0.1,10,0.7,0.8,0.5,0.5,0.0,2,1.0,0.8181818181818182
33,50,10800,2160,10.19185426696583,0.8790676210862689,2.1360168198624505,0.0442405262127606,-0.3184678076229739,15.239242604176203,0.1760854204788275,100,0.1,6,0.9,0.6,0.0,0.5,0.0,2,0.3333333333333333,0.1033439424256109
75,50,10799,2160,11.675952874900355,0.0684548720694507,11.15691088773507,0.1345696431386243,-0.7001358225011791,12.57005412419637,0.1499716600266847,100,0.3,6,0.9,0.6,0.0,1.0,10.0,2,0.3333333333333333,0.0379868588198793
22,50,10800,2160,10.24299270590664,0.8354713876391229,2.491022847528221,0.0529767489540888,-0.5209556689227333,15.478602635683837,0.1727080083611872,350,0.1,6,0.7,0.6,0.5,2.0,0.0,1,0.3333333333333333,0.0787878787878787
80,50,10800,2160,10.418297835069673,0.9170261579926736,1.7402942184945096,0.0402721438650795,-0.1849360380582563,12.804004932266697,0.160522942851092,350,0.05,10,0.7,0.8,0.5,1.0,0.0,2,0.0,-0.6121212121212121
65,50,10800,2160,10.449590474539333,0.7943737983912195,3.695117025842959,0.0630570512963348,0.0307257780391581,12.325720369517802,0.1503605810755911,100,0.05,6,0.9,0.8,0.5,1.0,0.0,1,0.3333333333333333,0.5896683773696626
76,50,10799,2160,10.184576650682349,0.8230484367194131,2.8932294330350925,0.0561600889980522,-0.5469647523824834,16.795031045013005,0.1820610618180674,350,0.05,6,0.9,0.6,0.5,2.0,0.0,2,0.3333333333333333,0.3818181818181818
98,50,10800,2160,11.23300404409126,0.8534000639630036,2.541514488432565,0.0532137617875215,-0.3538142907695827,13.37793269492962,0.1497397706855557,350,0.02,10,0.9,0.6,0.5,1.0,0.0,2,0.6666666666666666,0.7333333333333332
82,50,10799,2160,10.677076592749032,0.8403610788333064,3.0599222482198694,0.0560772176359034,-0.2252351065806193,12.594167835425448,0.1427812570691391,350,0.02,6,0.7,0.8,0.0,2.0,0.0,1,0.6666666666666666,0.6626170426112704
83,50,10799,2160,8.743151786898242,0.8657185024061593,2.01994181354575,0.0449001502048064,-0.6374476421132047,15.27905003708822,0.1805907768046609,700,0.02,6,0.9,0.6,0.5,0.5,0.0,2,0.3333333333333333,0.0787878787878787
26,50,10800,2160,9.475194037759415,0.9680119336472892,0.8563231517377005,0.0236107569008653,-0.293210965612785,14.131679379520596,0.1661054490016243,700,0.02,10,0.9,0.8,0.0,2.0,0.0,3,0.3333333333333333,0.5272727272727272
69,50,10800,2160,9.58549671279832,0.92033370553082,1.5953201324022892,0.0372096010870668,-1.051434549859488,14.635187032655985,0.163700737045802,100,0.3,10,0.7,0.6,0.5,0.5,0.0,3,0.3333333333333333,-0.0666666666666666
79,50,10800,2160,11.598396602401028,0.9166569283144672,1.6749745285780069,0.0397523196451583,-0.2679973765527788,14.773723765876555,0.1651375171764682,100,0.05,10,0.7,0.8,0.0,0.5,0.0,2,0.0,0.0666666666666666
94,50,10799,2160,9.657447298233867,0.9047098129392408,1.7597414900249864,0.0413554103626304,-1.1340979941484788,14.565209989674663,0.1792203060099757,700,0.3,6,0.9,0.8,0.5,0.5,0.0,3,0.0,-0.1458973304832155
85,50,10799,2160,10.93567250464032,0.9135565048646148,1.8385102564887512,0.0390723383657917,-0.4128073113584565,14.840959019981048,0.1728101116526165,700,0.3,6,0.7,0.6,0.5,0.5,0.0,1,0.3333333333333333,0.5227987675648555
66,50,10800,2160,10.488130442896926,0.8553845534222355,2.4775868568749035,0.0519777283199414,-0.6595878111244322,16.042391941116914,0.1735915134564637,100,0.1,6,0.9,0.6,0.0,0.5,0.0,2,0.3333333333333333,0.1515151515151515
55,50,10800,2160,10.545798513650894,0.75195762709943,3.9550586323062022,0.0678889122529628,-0.3729302153999274,16.622428721034968,0.1909152374202431,100,0.05,6,0.9,0.8,0.5,1.0,0.0,1,0.3333333333333333,0.1272727272727272
72,50,10800,2160,10.065288804224243,0.9171106451671216,1.6141455473080324,0.0386310915015537,-0.2612851164841978,13.393252981018138,0.1471188203015968,700,0.02,10,0.7,0.8,0.5,0.5,0.0,3,0.3333333333333333,-0.0545454545454545
37,50,10800,2160,9.736029159541484,0.75633408436258,3.8371917322196634,0.0707063615271335,-0.3658549532353847,16.034334524340103,0.1849538698714043,100,0.05,6,0.7,0.8,0.5,2.0,0.0,1,0.6666666666666666,0.4424242424242424
92,50,10800,2160,9.853496897255932,0.8246110997478633,3.0356904642822355,0.0581417690495045,-0.4252697662777183,9.353680984399936,0.1141841761783658,350,0.02,6,0.7,0.8,0.5,2.0,0.0,3,0.3333333333333333,0.3333333333333332
61,50,10799,2160,9.752414800967657,0.8481272759194698,2.3813711580043564,0.0495605092038328,-0.1610230045737459,14.884313247534964,0.1679126777714025,350,0.05,6,0.9,0.6,0.5,0.5,0.0,1,0.3333333333333333,0.4545454545454545
64,50,10800,2160,10.315060366683536,0.853715699750527,2.5432245928847093,0.0538640852736563,-0.0436732009459106,13.262108268958553,0.1553895248491646,350,0.05,6,0.7,0.8,0.5,0.5,0.0,3,1.0,0.7454545454545454
40,50,10800,2160,11.636453461907529,0.8570463970169433,2.575281247527106,0.0550726879236055,-0.1521168135377433,12.012328483881774,0.1418161764294281,700,0.05,6,0.7,0.8,0.5,0.5,0.0,1,0.3333333333333333,0.5636363636363636
14,50,10799,2160,8.409862621754154,0.8591765186967445,2.10000532157795,0.0471073783891607,-0.8832690967732924,13.352542194293603,0.1501425807620446,700,0.02,6,0.7,0.6,0.5,0.5,0.0,1,0.3333333333333333,0.3212121212121211
97,50,10800,2160,11.392021721336576,0.9210451219954044,1.717042719606198,0.0397654840692608,0.098723370158434,10.579066194914004,0.1357939022282095,700,0.3,10,0.7,0.6,0.5,1.0,0.0,3,0.3333333333333333,0.1999999999999999
67,50,10800,2160,11.605657920753517,0.8158356351280305,2.9479190774179167,0.0614293835189702,-0.6170303019931411,12.150595894544214,0.141390654480413,350,0.05,6,0.9,0.8,0.5,2.0,0.0,1,0.6666666666666666,0.8303030303030302
70,50,10800,2160,10.235949937149332,0.8883556459699234,1.9674254033442615,0.0452480209677629,-1.1015130963291226,15.374649971613175,0.1611556287455128,100,0.05,10,0.9,0.8,0.0,2.0,0.0,2,0.3333333333333333,0.5653521556224601
42,50,10800,2160,10.324198093952957,0.8480064936513878,2.172513831709143,0.0530583612474269,-0.5443567824406439,14.09925262618948,0.1633995721830362,700,0.02,10,0.9,0.6,0.5,1.0,0.0,2,0.3333333333333333,0.4666666666666666
90,50,10800,2160,9.689736901993,0.8892052530322034,1.8886027865883912,0.0475749202378563,-0.0348625002641571,10.829315349216817,0.1286834736591154,700,0.02,10,0.9,0.8,0.5,2.0,0.0,3,0.6666666666666666,0.2969696969696969
45,50,10799,2160,11.083444164858838,0.9139578219722524,1.673005073088992,0.0402829910754965,-0.6478637162766192,14.55740828955615,0.1645224497212553,700,0.1,10,0.9,0.6,0.5,1.0,0.0,2,0.6666666666666666,0.6606060606060605
48,50,10800,2160,11.025916674660312,0.8154857760206127,2.904207017101673,0.0584487829494667,-0.321391189938792,16.570022239066937,0.1835134756678662,350,0.02,6,0.9,0.6,0.0,1.0,0.0,2,0.6666666666666666,0.2242424242424242
68,50,10800,2160,8.92459125446028,0.8384924335391107,2.553626462165426,0.0519744737025956,-0.906540868866583,15.52641423559851,0.173404435428834,100,0.1,6,0.9,0.8,0.5,2.0,0.0,1,0.6666666666666666,0.5393939393939393
99,50,10799,2160,11.238552755260462,0.8431049484945125,2.5140678953298865,0.0527747447285405,-0.6881961901742084,18.84314289534533,0.2028537193036615,350,0.1,6,0.7,0.6,0.5,2.0,0.0,3,0.0,0.3696969696969697
81,50,10799,2160,10.585614225847518,0.8454919498444085,2.7895348414789747,0.0525657736825688,-0.3021365717282522,14.656575705122066,0.1676840370408251,100,0.05,10,0.7,0.8,0.5,0.5,0.0,2,0.3333333333333333,0.3333333333333332
96,50,10799,2160,10.927381689680905,-9.593973393506872e-09,10.850113100528231,0.1281793787789437,-0.7912860197952702,15.517626531035813,0.1771185885214458,100,0.1,10,0.7,0.6,0.5,0.5,10.0,2,0.0,0.0
93,50,10800,2160,10.749436130267602,0.8454523741452449,2.6116414534994745,0.0528344186796325,-0.3476371794028488,13.975563919897432,0.157625812825079,350,0.02,10,0.7,0.6,0.5,1.0,0.0,2,0.3333333333333333,0.309090909090909
60,50,10800,2160,10.101925564642306,0.8968152024067408,2.052790990485033,0.042438796170741,-0.8610081287271911,12.627943857687493,0.1509123863261098,100,0.05,10,0.9,0.6,0.0,0.5,0.0,2,0.3333333333333333,-0.0545454545454545
91,50,10800,2160,9.602382829350452,0.878833749112581,1.8153924267539816,0.0426010290784715,-0.905205877629796,14.816079810968152,0.1655346234444722,700,0.05,6,0.9,0.6,0.5,2.0,0.0,1,0.6666666666666666,0.309090909090909
95,50,10800,2160,11.069818461899406,0.812059076077624,3.0231559266507846,0.0602553075181815,-0.3724792364429108,19.07948550714387,0.2109429442882053,350,0.05,6,0.7,0.8,0.5,1.0,0.0,1,0.3333333333333333,-0.3454545454545454
88,150,32399,2160,9.296099288838487,0.7519012381130394,3.895114666148352,0.0661765239476915,-0.0031696680016106,13.31432740388645,0.1502973126096281,350,0.02,6,0.7,0.8,0.0,0.5,0.0,1,0.3333333333333333,0.5030303030303029
86,150,32399,2160,9.30253325411382,0.8917934225889594,1.884995006100666,0.043520110084753,-0.1532456443239482,13.47433332346104,0.161728930515339,350,0.05,10,0.7,0.8,0.5,1.0,0.0,3,0.6666666666666666,0.6606060606060605
44,150,32399,2160,8.70803444943472,0.944885008530713,1.259588525291198,0.0304977544467239,-0.326297131157814,17.99231975676285,0.1923527464444706,700,0.02,10,0.7,0.8,0.0,0.5,0.0,3,0.6666666666666666,0.6242424242424242
94,150,32399,2160,9.115710173202794,0.8326481686634489,2.6829116377282647,0.0543833522285249,-0.5051588420449611,12.587220389556002,0.150512026388157,350,0.1,6,0.7,0.8,0.5,2.0,0.0,2,0.3333333333333333,0.5227987675648555
57,150,32399,2160,9.18308105420709,0.8207484704281374,2.8297848435169786,0.0559532752413994,-0.3289051726694894,13.732890866608532,0.1615726048615189,350,0.05,6,0.9,0.8,0.5,0.5,0.0,2,0.3333333333333333,0.6727272727272726
3,150,32399,2160,9.098257275674872,0.9173630608365716,1.6666584968643006,0.0385047447686426,-0.2258888747151262,12.978600962907077,0.1507684802441296,100,0.1,10,0.7,0.8,0.0,0.5,0.0,3,0.3333333333333333,0.4666666666666666
47,150,32399,2160,9.278558337584322,0.8355937861568082,2.553922544742768,0.0541317777424132,-0.4436397711620246,12.860022508788992,0.1452929449680375,350,0.02,10,0.7,0.8,0.5,0.5,0.0,2,0.3333333333333333,0.2484848484848484
27,150,32399,2160,8.904153999204595,0.8254827646593516,2.9075057914520146,0.0550962706027104,-0.4689908073992912,15.913554522902878,0.1783428026768767,700,0.02,6,0.7,0.8,0.0,1.0,0.0,1,0.6666666666666666,0.4545454545454545
41,150,32399,2160,8.517943717757273,0.8923890373028273,1.8757945805787408,0.0434791506391024,-0.3058513184219495,14.781866238757418,0.1666129111986155,350,0.05,10,0.7,0.8,0.5,0.5,0.0,2,0.6666666666666666,0.3939393939393939
93,150,32399,2160,9.330823988358096,0.7462205937648061,3.9278939956603858,0.0670050309049425,-0.1432639770259125,12.5098319174984,0.1451824452796253,350,0.02,6,0.7,0.8,0.0,1.0,0.0,3,0.6666666666666666,0.4909090909090908
32,150,32399,2160,9.300509752174085,0.922212507197107,1.5105737261988976,0.0361420870001677,-0.2864939409936955,15.9188985186153,0.1754218378619239,700,0.1,10,0.7,0.8,0.5,1.0,0.0,1,0.6666666666666666,0.3465061598976368
89,150,32399,2160,9.361478865158569,0.7974762727344049,3.1431003230781385,0.0607090930032421,-0.8122702672840687,11.512279155872488,0.1307122063417216,350,0.05,6,0.7,0.8,0.5,1.0,0.0,2,0.3333333333333333,0.309090909090909
16,150,32399,2160,9.152645696337803,0.8618372168924715,2.351199126624304,0.0492958359038738,0.0203919177847375,11.866142525650838,0.1483721648452227,350,0.1,6,0.9,0.8,0.5,1.0,0.0,2,0.3333333333333333,0.6363636363636362
10,150,32399,2160,9.144306393763893,0.7972778799572471,3.1075015163462134,0.0594115431537436,-0.4575129156710713,13.448633673809193,0.1617598777549729,350,0.05,6,0.9,0.6,0.5,2.0,0.0,2,0.3333333333333333,0.4181818181818181
43,150,32399,2160,9.172374438644528,0.7422408230571995,4.023041350833905,0.0687400418336515,-0.6504592538618128,12.420188087313264,0.1445179815480397,350,0.02,6,0.9,0.8,0.0,1.0,0.0,1,0.3333333333333333,0.2066878848512219
23,150,32399,2160,8.783218369906233,0.801807320929986,3.114735675064265,0.0589433100156177,-0.3006730823261831,14.034901706035493,0.1614093214108188,700,0.02,6,0.7,0.8,0.5,0.5,0.0,3,0.6666666666666666,0.709090909090909
87,150,32399,2160,8.715944676209618,0.8204739256713368,2.9295390160487758,0.0564650834610227,-0.1553929660431294,13.822339628647876,0.1613960345440163,700,0.02,6,0.9,0.8,0.5,1.0,0.0,1,0.6666666666666666,0.4303030303030302
12,150,32399,2160,9.102396235255032,0.902188134241101,1.89373888244478,0.0419494033168298,-0.8620526768022727,13.25791509628296,0.1541861650807533,350,0.02,10,0.7,0.8,0.0,0.5,0.0,1,0.3333333333333333,-0.0666666666666666
34,150,32399,2160,9.046715224875696,0.8999106433463241,1.8155500543946517,0.0414902847749927,-0.1710936268676395,14.652131895003496,0.1695454408867258,350,0.05,10,0.7,0.8,0.5,0.5,0.0,2,0.6666666666666666,0.6504589317376691
8,150,32399,2160,9.417968979737642,0.7101945154072682,4.328853289746697,0.0704637342316273,-0.3109701321213385,15.326975363183903,0.1729322458766404,100,0.05,6,0.7,0.8,0.5,2.0,0.0,3,0.3333333333333333,0.1757575757575757
15,150,32399,2160,9.06724649356013,0.7859588287239874,3.211829798715376,0.0606376258782414,-0.6021843410114087,14.030632592218891,0.1545137981033058,700,0.02,6,0.7,0.8,0.5,0.5,0.0,3,0.3333333333333333,0.6606060606060605
62,150,32399,2160,9.405383428733,0.8019426065029079,3.0415368101489118,0.0600572270167004,-0.7416900362777872,10.89750034817943,0.1220344000399784,350,0.05,6,0.9,0.8,0.5,1.0,0.0,1,1.0,0.8787878787878788
71,150,32399,2160,9.186032513933062,0.7310062013684355,4.084932739289791,0.0691556408010461,-0.0622176611806428,12.58636592829117,0.1473755772593324,350,0.02,6,0.9,0.8,0.5,2.0,0.0,2,0.6666666666666666,0.6969696969696969
66,150,32399,2160,9.011349776496775,0.8714998005032094,2.167342634454901,0.0477013731234382,-0.2115983530456653,13.054010842420436,0.1483227293395289,100,0.1,10,0.7,0.8,0.5,1.0,0.0,3,0.3333333333333333,0.1272727272727272
25,150,32399,2160,9.382431394981912,0.7531854189058741,3.8653127276012222,0.065397756691047,-0.0727642601831453,14.436446610468405,0.1671029010813717,350,0.02,6,0.9,0.8,0.5,0.5,0.0,3,0.6666666666666666,0.8545454545454544
95,150,32399,2160,8.930247385645606,0.903123344478037,1.74088069826103,0.0404563298370959,-0.1588511332524391,17.801500286172935,0.1938322053011406,700,0.02,10,0.7,0.8,0.5,2.0,0.0,1,1.0,0.6
51,150,32399,2160,9.174047667586883,0.794325687010514,3.3576152677911004,0.0602245447628669,-0.1233930165640386,13.725656686623893,0.158879657392735,100,0.1,6,0.7,0.8,0.5,2.0,0.0,1,0.6666666666666666,0.7781190959104828
50,150,32399,2160,8.948918961741635,0.8023219625511162,3.054941235256855,0.0594122540949711,-0.2382373752120126,13.282373561935708,0.150191919787532,700,0.02,6,0.9,0.8,0.5,1.0,0.0,1,0.3333333333333333,0.5030303030303029
18,150,32399,2160,9.06685673887988,0.829074393058645,2.7154517304866244,0.0542539426986413,0.0446920148933386,13.58550240521078,0.1546773331151501,350,0.05,6,0.9,0.8,0.5,1.0,0.0,1,0.3333333333333333,0.5030303030303029
2,150,32399,2160,9.2627431956304,0.8148877929430733,3.048160659393697,0.0575243442701631,-0.0958671662248598,11.6387533861785,0.1405886620351671,700,0.02,6,0.7,0.8,0.0,2.0,0.0,3,1.0,0.8666666666666665
35,150,32399,2160,9.63422276823306,0.8270062595606066,2.746273705062226,0.0563714027046382,-0.6795642339616081,10.892055045388362,0.1312895414039431,700,0.05,6,0.7,0.8,0.5,1.0,0.0,3,0.0,0.0666666666666666
30,150,32399,2160,9.134522067958589,0.7576951508176436,3.7438318088156777,0.0658336117845764,-0.233851979205985,12.30644701358621,0.1430370207843383,100,0.1,6,0.7,0.8,0.5,0.5,0.0,2,0.6666666666666666,0.7818181818181817
85,150,32399,2160,9.333872556808622,0.7466997321334619,3.971440573422396,0.0670584146859141,-0.0832504103581837,13.383848574647198,0.1513185304874471,350,0.02,6,0.9,0.8,0.5,2.0,0.0,2,0.6666666666666666,0.7234075969792768
24,150,32399,2160,9.397773985277771,0.7551349741221719,3.838892085704076,0.0653879767550945,0.012432365416704,12.986154173215231,0.156829648657443,350,0.02,6,0.7,0.8,0.5,1.0,0.0,3,1.0,0.8666666666666665
14,150,32399,2160,9.177410905514014,0.7080323401244197,4.537828032206108,0.0732681171083323,-0.6884829605651337,12.35637564458229,0.1421660928028795,100,0.05,6,0.7,0.8,0.5,0.5,0.0,1,0.6666666666666666,0.2848484848484848
9,150,32399,2160,9.156393850624944,0.9261470379156518,1.5267908098146057,0.0362467291736279,-0.8387159323233442,13.772544831169975,0.1576666657219819,700,0.02,10,0.7,0.8,0.0,2.0,0.0,2,0.3333333333333333,0.3333333333333332
75,150,32399,2160,9.263269315864973,0.801525156197823,3.108029791704955,0.0602965059996442,-0.1418450623197766,9.92309060993018,0.1229054039938878,350,0.05,6,0.7,0.8,0.5,1.0,0.0,2,0.3333333333333333,0.7818181818181817
54,150,32399,2160,9.107233887999737,0.8892766359410355,1.8929481172939089,0.0439680183826147,-0.2863276414363245,14.735278688978266,0.1682572156769951,700,0.02,10,0.7,0.8,0.5,0.5,0.0,2,0.6666666666666666,0.0909090909090908
76,150,32399,2160,9.332756964433086,0.7480195618472085,3.867843172628548,0.066193221623568,-0.3372211132439411,15.626850936920556,0.1692694077213197,350,0.02,6,0.9,0.8,0.5,2.0,0.0,1,0.6666666666666666,0.7333333333333332
11,150,32399,2160,9.167337651104887,0.8221951281292955,2.837057838511931,0.0560177236685864,0.0470573152375561,13.35262558018409,0.1518252249530707,350,0.05,6,0.7,0.8,0.5,0.5,0.0,2,0.3333333333333333,0.7818181818181817
17,150,32399,2160,9.376069983307154,0.8209847659285238,2.971055933929994,0.0574178743501715,-0.42536240417207,11.001656765606668,0.1323642726828708,350,0.05,6,0.7,0.8,0.0,1.0,0.0,3,0.6666666666666666,0.6969696969696969
20,150,32399,2160,9.771285686977771,0.8399930018793783,2.586857724059888,0.053776317542445,-0.1237205827999807,12.081537647732985,0.1400561609255676,700,0.05,6,0.7,0.8,0.5,0.5,0.0,2,0.3333333333333333,0.3696969696969697
22,150,32399,2160,9.169409317788768,0.897251431178722,1.799821733978887,0.0423494922000402,-0.2518523921775568,13.910852747669926,0.1566862042479143,350,0.1,10,0.7,0.8,0.5,2.0,0.0,2,0.6666666666666666,0.2727272727272727
65,150,32399,2160,9.033206515142949,0.7912430489462805,3.4188548816405917,0.0608162057471005,-0.2530610719026951,14.905796249687532,0.1709608951555793,100,0.1,6,0.7,0.8,0.5,1.0,0.0,2,0.6666666666666666,0.7598819296000807
38,150,32399,2160,9.239090547216684,0.8299151784926939,2.689935767937951,0.0555027277441534,-0.2625285552729339,11.370484165505124,0.1331509602384504,700,0.05,6,0.7,0.8,0.5,0.5,0.0,3,0.6666666666666666,0.6626170426112704
28,150,32399,2160,9.131677650551827,0.8307302138790699,2.7511715226551607,0.0547713210365186,-0.2254616009597729,14.151211933339082,0.1647463650820169,350,0.05,6,0.9,0.8,0.5,0.5,0.0,2,0.6666666666666666,0.5393939393939393
21,150,32399,2160,8.896475820402781,0.8043276312987577,3.2511241694447017,0.0585447443228823,-0.2518289263054383,16.105785338878633,0.1847637521403157,100,0.1,6,0.7,0.8,0.0,1.0,0.0,3,0.6666666666666666,0.4787878787878787
33,150,32399,2160,8.971369931818403,0.7655457121718386,3.819867667182206,0.0643065143999608,-0.1556405760433685,13.832282591131,0.1648542032127131,350,0.02,6,0.7,0.8,0.5,2.0,0.0,2,0.6666666666666666,0.3890595479552414
98,150,32399,2160,9.184329020095872,0.8026412764332377,3.117188121138613,0.0592715206745267,-0.4243724437316936,13.501999962484396,0.1535922838381371,700,0.02,6,0.9,0.8,0.5,0.5,0.0,2,0.6666666666666666,0.7333333333333332
31,150,32399,2160,9.620347777975976,0.8961113000308756,1.9221349654207784,0.0431364696272911,-0.6353995689642156,13.036141614207516,0.152172184643982,350,0.02,10,0.7,0.8,0.0,0.5,0.0,2,0.3333333333333333,0.406060606060606
78,150,32399,2160,9.372201386353964,0.8082961681867353,3.0405786369510674,0.0583393754913126,-0.114024329574512,11.19760922440776,0.1351645702702475,350,0.05,6,0.9,0.6,0.0,0.5,0.0,1,0.3333333333333333,0.406060606060606
39,150,32399,2160,9.28879324288864,0.8073237616436626,2.967722563811205,0.0567438786013776,-0.0670544508777044,15.178278631104364,0.1732466429576353,700,0.02,6,0.7,0.8,0.5,2.0,0.0,1,0.6666666666666666,0.0787878787878787
5,150,32399,2160,9.171031922653968,0.8306359404004242,2.785542129222642,0.0551341090357598,-0.1545155053553433,13.304491125124471,0.1534300760301812,350,0.05,6,0.9,0.8,0.5,0.5,0.0,3,0.6666666666666666,0.4424242424242424
58,150,32399,2160,9.362341303389968,0.8993818142958027,1.7532762765824548,0.0419580692427841,0.1604845226997109,11.77403336039296,0.1406213790020369,350,0.05,10,0.9,0.8,0.5,1.0,0.0,1,0.6666666666666666,0.6
4,150,32399,2160,9.184653394719817,0.806572209153523,3.0646135881039878,0.0575061144395675,-0.2831950586885663,14.343555402711583,0.1592668482262908,700,0.02,6,0.7,0.8,0.0,2.0,0.0,2,0.3333333333333333,0.0787878787878787
0,150,32399,2160,9.121978522784866,0.8133257538756063,2.849004139773029,0.0573293491181131,-0.2120809819148725,14.09891954338109,0.1561147930920286,350,0.05,6,0.9,0.8,0.5,0.5,0.0,1,0.6666666666666666,0.8666666666666665
19,150,32399,2160,8.750183110764572,0.8324325822240173,2.6403586029936204,0.0543582325854429,-0.404301557130635,14.596841172553876,0.1586160272696491,700,0.05,6,0.7,0.8,0.5,2.0,0.0,2,1.0,0.7575757575757575
29,150,32399,2160,9.273099553716662,0.9209090846617184,1.534280005682287,0.0377457359622533,-0.3213434981006198,12.693931309885723,0.1441098189820592,700,0.1,10,0.9,0.8,0.5,0.5,0.0,3,1.0,0.8424242424242423
77,150,32399,2160,9.255079291737127,0.8445737976848307,2.5095243795855926,0.0528216580496432,-0.3110110872337257,11.511848312616348,0.1359326491945474,350,0.02,10,0.9,0.8,0.5,2.0,0.0,3,0.6666666666666666,0.8787878787878788
55,150,32399,2160,9.15814385609651,0.8303677950100415,2.795019846035808,0.0543188134452355,0.0015065872297839,14.434474171943688,0.1628129564059195,350,0.05,6,0.7,0.8,0.5,2.0,0.0,2,0.6666666666666666,0.7454545454545454
79,150,32399,2160,9.04167664316831,0.7791450361556076,3.4463478416021807,0.0624585888228764,-0.1472168275536218,14.21494330535677,0.1570758171011089,100,0.1,6,0.7,0.8,0.5,2.0,0.0,2,0.3333333333333333,0.4787878787878787
49,150,32399,2160,9.385550656086156,0.932429444196181,1.4702745181664367,0.0349311204774013,-0.4108579988679062,12.41990576558643,0.1389284200748266,700,0.02,10,0.7,0.8,0.0,1.0,0.0,2,1.0,0.9393939393939392
7,150,32399,2160,9.50635833276228,0.725648407031384,4.113099573059267,0.069764682009509,-0.6129170402595943,12.742127023626256,0.1514307310119331,350,0.02,6,0.7,0.8,0.5,1.0,0.0,3,0.3333333333333333,0.1636363636363636
63,150,32399,2160,9.119981426393592,0.8313042061921234,2.7550142036980296,0.0542055201008811,-0.3458321904962549,14.82577355252372,0.1711057346948873,350,0.05,6,0.9,0.8,0.0,2.0,0.0,1,0.6666666666666666,0.5272727272727272
52,150,32399,2160,9.254415075448964,0.7872828740697986,3.219332576882133,0.0613443213032459,-0.2950434822467007,12.411752172487754,0.1409122570392278,700,0.02,6,0.7,0.8,0.5,0.5,0.0,3,0.6666666666666666,0.6808542089216723
84,150,32399,2160,8.869075709632822,0.8015803582165868,3.0831394293869168,0.0588842292874958,-0.4788134324708983,14.653104525826596,0.1645507459749208,700,0.02,6,0.9,0.8,0.5,0.5,0.0,2,0.3333333333333333,0.5878787878787878
13,150,32399,2160,8.927917093309114,0.8615190526418837,2.368742805347354,0.0503976547561233,-0.1823929514233804,10.5336611481618,0.1281596851356646,100,0.1,10,0.7,0.8,0.5,0.5,0.0,3,0.3333333333333333,0.3575757575757575
40,150,32399,2160,9.224434493586426,0.8008961340209011,3.120769953667545,0.0597614563648544,-0.1605656570246605,11.898230554329023,0.1423352184299368,700,0.02,6,0.9,0.8,0.5,0.5,0.0,3,0.3333333333333333,0.709090909090909
45,150,32399,2160,9.421334338050825,0.9261939616562196,1.4808181473371549,0.0354082529901272,-0.9051904239849302,16.070531287546512,0.1769023966965321,700,0.02,10,0.7,0.8,0.0,2.0,0.0,3,0.3333333333333333,0.3696969696969697
73,150,32399,2160,9.30379167893803,0.8327636084786407,2.628106587113142,0.054400689918824,-0.6104494687994064,14.010181336226283,0.1545512603678624,350,0.02,10,0.7,0.8,0.5,2.0,0.0,2,0.6666666666666666,0.5272727272727272
26,150,32399,2160,9.294416391736792,0.9424634833873804,1.260633811510632,0.0318116599869793,-0.1480824572771655,13.177010371773331,0.1565077077553,700,0.02,10,0.9,0.8,0.0,2.0,0.0,3,0.3333333333333333,0.406060606060606
59,150,32399,2160,9.528065384168515,0.7997700542881698,3.160522980692564,0.0597176443729558,-0.194579468933544,12.006129390840176,0.1429272912660758,700,0.02,6,0.9,0.8,0.5,0.5,0.0,1,0.3333333333333333,0.2606060606060606
67,150,32399,2160,9.180429459215135,0.8872064888229733,1.9322010303232404,0.0454550406684799,-0.655805709199174,12.879729750686222,0.1430758430046615,700,0.02,10,0.9,0.8,0.5,0.5,0.0,2,0.6666666666666666,0.7333333333333332
46,150,32399,2160,8.8531363843518,0.8088517438134702,3.0138666264829577,0.0575079754131568,-0.1198384726904455,14.708917736521474,0.1645893915865091,700,0.02,6,0.7,0.8,0.5,2.0,0.0,2,0.3333333333333333,0.4303030303030302
83,150,32399,2160,9.275266021224926,0.859446074893881,2.3596288627233704,0.0493711270454625,-0.1133820934676244,13.053665407626305,0.148913465684204,700,0.05,6,0.9,0.8,0.0,0.5,0.0,3,0.3333333333333333,0.5757575757575757
80,150,32399,2160,9.584539079372776,0.90763328458135,1.7253207001228594,0.0408463459208394,0.0283213822977584,11.11309017728876,0.1453620308773165,700,0.02,10,0.9,0.8,0.5,0.5,0.0,3,0.6666666666666666,0.309090909090909
53,150,32399,2160,9.0159303904021,0.788978304967255,3.441391063090152,0.0615905176054335,-0.3115785652145149,13.333330624870204,0.1633012832458548,100,0.1,6,0.9,0.8,0.0,1.0,0.0,3,1.0,0.9393939393939392
69,150,32399,2160,9.16693183461678,0.88551289180944,2.017092864595252,0.0452159018468439,-0.6073879582919233,13.436536967864743,0.1449045949552834,350,0.02,10,0.9,0.8,0.0,2.0,0.0,2,0.6666666666666666,0.6121212121212121
90,150,32399,2160,9.390149178510049,0.8228896552451738,2.8928068971420724,0.0564584960581,0.0009735705571713,10.503333800015625,0.1264357646934516,100,0.05,10,0.9,0.8,0.5,2.0,0.0,3,0.3333333333333333,-0.0181818181818181
99,150,32399,2160,8.837277689850167,0.9111863428627236,1.705441149343659,0.0387958881341761,-0.2687889196073316,16.368540863681726,0.1758596504445506,350,0.02,10,0.7,0.8,0.0,0.5,0.0,2,1.0,0.9393939393939392
97,150,32399,2160,9.174520541799682,0.8086774289458429,3.084135002567033,0.0583307636717239,0.0063423700300856,11.457979343743236,0.1425836077837796,700,0.02,6,0.7,0.8,0.5,1.0,0.0,2,0.6666666666666666,0.6363636363636362
74,150,32399,2160,9.177179106465712,0.8490323195454488,2.414368940542365,0.0516320018481169,-0.0919894599228412,13.43895055287414,0.1532310833269972,700,0.05,6,0.9,0.8,0.5,1.0,0.0,3,0.6666666666666666,0.8787878787878788
1,150,32399,2160,9.003361635560013,0.7842220214729361,3.430029103196992,0.0616852510149802,-0.0425196697557337,13.582513407063844,0.1536784187094789,100,0.1,6,0.7,0.8,0.5,0.5,0.0,1,0.3333333333333333,0.6606060606060605
56,150,32399,2160,9.018177305831696,0.8892715865682481,1.8973465460345669,0.0448994808279392,-0.297756534389219,11.072319522477963,0.1312103911632796,700,0.02,10,0.9,0.8,0.5,0.5,0.0,2,0.3333333333333333,0.1272727272727272
81,150,32399,2160,8.968959512957191,0.9020710228108764,1.7217141010156716,0.0412329516450909,-0.3196856073561673,14.901443328283452,0.1688102033389502,350,0.05,10,0.9,0.8,0.5,2.0,0.0,3,0.3333333333333333,0.1393939393939393
36,150,32399,2160,8.903368708942164,0.7332725942177132,3.934355812984381,0.0669477661347279,-0.3481541273324526,17.22779289541421,0.1841997878288163,350,0.02,6,0.9,0.8,0.5,2.0,0.0,3,0.3333333333333333,0.6
37,150,32399,2160,9.173292712992277,0.7645727504950973,3.7501125537660793,0.0643346337211823,-0.0388265106009722,13.579704336590236,0.1612993598475134,350,0.02,6,0.7,0.8,0.0,2.0,0.0,1,0.3333333333333333,0.7454545454545454
64,150,32399,2160,9.130067896789097,0.8170700343583582,2.8743756057383174,0.05628696193904,-0.2212177295420661,14.608282814379091,0.1680877342349624,350,0.05,6,0.7,0.8,0.5,0.5,0.0,3,0.3333333333333333,0.1636363636363636
6,150,32399,2160,9.438612640203312,0.7409874726943844,3.9971998524223658,0.0673231102041051,-0.2625574839768703,12.820030620539631,0.1498973482633132,350,0.02,6,0.7,0.8,0.0,0.5,0.0,1,0.3333333333333333,0.5515151515151515
82,150,32399,2160,9.287558829050774,0.7444478519062242,3.9850849726089135,0.0681845632074747,-0.2888816378901815,12.68524021345156,0.1464427930553767,350,0.02,6,0.7,0.8,0.5,1.0,0.0,1,0.6666666666666666,0.735565707852878
96,150,32399,2160,9.238634252147182,0.8080588833124203,3.0451202795529526,0.0583799643282714,-0.2181502514303943,13.009374293420048,0.1460602716338803,700,0.02,6,0.7,0.8,0.0,0.5,0.0,3,0.6666666666666666,0.7561116173156891
72,150,32399,2160,9.235635462651748,0.8834991939738354,1.9610295051924933,0.0459049859122713,-0.3457955487920829,13.70973954121272,0.1519676480388136,700,0.02,10,0.7,0.8,0.5,0.5,0.0,3,0.6666666666666666,0.2484848484848484
68,150,32399,2160,9.375560937731342,0.8032546932413066,3.0416068831822725,0.0597308941998561,-0.3615862886495062,12.869782145994682,0.1465411943792764,350,0.05,6,0.7,0.8,0.5,1.0,0.0,1,0.3333333333333333,0.6242424242424242
48,150,32399,2160,9.106283488902728,0.7874552790367215,3.39787540676597,0.0609031184792312,-0.1003809618805788,14.144874861240387,0.1674648987173114,100,0.1,6,0.7,0.8,0.5,1.0,0.0,3,0.6666666666666666,-0.2121212121212121
42,150,32399,2160,9.19859693792992,0.8156280877267957,2.963877574551649,0.0566547025189022,-0.4525036306206815,14.099054972827435,0.1584658587723846,700,0.02,6,0.9,0.8,0.0,0.5,0.0,1,0.6666666666666666,0.7212121212121211
91,150,32399,2160,9.33706597967318,0.8570530538094399,2.405256972306011,0.0511165123759224,-0.3061162499212226,12.18924096674831,0.1370593933642662,700,0.1,6,0.7,0.8,0.5,0.5,0.0,2,0.6666666666666666,0.6606060606060605
70,150,32399,2160,9.308792164260051,0.8234562593620178,2.723249290368884,0.0560301647993815,-0.957365841763044,14.21995703343992,0.1555304508904448,700,0.05,6,0.7,0.8,0.5,2.0,0.0,3,0.6666666666666666,0.7598819296000807
61,150,32399,2160,8.931489767323955,0.8056425036370246,3.037145184759464,0.0582430730839066,-0.0753050997990882,14.526985860186956,0.1615953754089917,700,0.02,6,0.7,0.8,0.5,0.5,0.0,3,0.6666666666666666,0.7696969696969697
60,150,32399,2160,9.34031205370542,0.7303102212935577,4.142085883855957,0.0694736536366971,-0.8057265374502864,13.279853522998318,0.1486540486104186,350,0.02,6,0.7,0.8,0.5,0.5,0.0,2,0.6666666666666666,0.7818181818181817
92,150,32399,2160,9.235964019875103,0.8068587150184455,3.10341742933018,0.0603480237454058,-0.7973277371794314,11.192729773361371,0.1282245031192963,350,0.05,6,0.7,0.8,0.5,1.0,0.0,2,0.6666666666666666,0.3939393939393939
20,100,21600,2160,10.976523923138776,0.8637330187009968,2.272743181617176,0.0514667459617948,-0.3037980357625895,12.71867360026748,0.1508614268883786,700,0.02,10,0.7,0.6,0.5,1.0,0.0,3,0.3333333333333333,0.1151515151515151
8,100,21600,2160,9.93970040728428,0.7325130783769817,4.111281733711215,0.0680842665937466,-0.3980361931316942,15.872377999623616,0.178582455618912,100,0.05,6,0.7,0.8,0.5,2.0,0.0,3,0.3333333333333333,0.1272727272727272
24,100,21599,2160,9.144246275581876,0.7942249814067552,3.16629887187214,0.060062404828179,0.0986965431738107,12.154674797985292,0.1498236122397855,100,0.1,6,0.9,0.8,0.0,0.5,0.0,2,0.6666666666666666,0.7939393939393938
15,100,21599,2160,9.502408987622935,0.7899593793188685,3.0978316427744685,0.0607119179129293,-0.7078660057207582,14.632717780713682,0.1595283685175588,700,0.02,6,0.7,0.8,0.5,0.5,0.0,3,0.6666666666666666,0.5272727272727272
21,100,21600,2160,8.807970047891141,0.8870365376532702,2.1074033036076925,0.0449320905114851,-0.183243177251601,16.39519531091054,0.1796309994811218,350,0.02,10,0.7,0.8,0.5,2.0,0.0,1,0.6666666666666666,0.5151515151515151
46,100,21599,2160,9.47694828190495,0.8099368199652359,2.892573523031965,0.0564631249679958,-0.1424263653244297,15.146457147134674,0.1662410436122808,700,0.02,6,0.7,0.8,0.5,2.0,0.0,2,0.6666666666666666,0.6484848484848483
62,100,21599,2160,9.874849802809166,0.8127941637944758,3.0060178151834105,0.0587266384062303,-0.8395128201949109,10.87614700569047,0.1254146429687931,700,0.02,6,0.7,0.8,0.5,2.0,0.0,1,0.3333333333333333,-0.0181818181818181
54,100,21599,2160,9.322143661975815,0.8886455319679191,1.823964906414508,0.0437910606336458,-0.1985931281987434,13.911179627400855,0.1624178617254096,700,0.02,10,0.7,0.8,0.5,0.5,0.0,2,0.3333333333333333,-0.1272727272727272
32,100,21600,2160,9.609839751204683,0.9299302760171666,1.434700148489764,0.035087987781287,-0.2755112177190491,15.938900486142549,0.1746714499574119,700,0.1,10,0.7,0.8,0.5,1.0,0.0,1,1.0,0.4498501023232478
11,100,21600,2160,9.665967834473346,0.8754017811254053,2.206505716810492,0.0483318120596849,-0.0423472958313377,13.660932569305102,0.1587876659626447,700,0.1,6,0.9,0.6,0.5,2.0,0.0,3,0.6666666666666666,0.8787878787878788
10,100,21600,2160,8.939372463718609,0.8473460792686968,2.473755687724851,0.0505592860999493,-0.6142407961599012,15.293375786675346,0.1702349641166222,350,0.05,6,0.7,0.8,0.5,2.0,0.0,3,0.6666666666666666,0.5515151515151515
65,100,21599,2160,9.002278577215556,0.8939763898826383,2.022112064359547,0.0416425663293006,-0.2162835145773536,14.400630295972029,0.1684333452392661,350,0.02,10,0.7,0.8,0.5,1.0,0.0,1,0.3333333333333333,0.4072967142656432
48,100,21599,2160,9.610710457020014,0.7863295805451402,3.221769030298673,0.0603193434626473,-0.0975987402080171,14.19921788352507,0.1672530541959678,100,0.1,6,0.7,0.8,0.5,1.0,0.0,3,0.6666666666666666,0.1151515151515151
12,100,21599,2160,10.27858325735744,0.7213752659560095,4.130317316322602,0.0720841509100709,-0.7212082247600786,12.791167107114086,0.148240247605227,350,0.02,6,0.9,0.8,0.5,2.0,0.0,1,0.3333333333333333,0.103030303030303
57,100,21599,2160,10.143900475392252,0.809071817144628,3.0328208418293032,0.0597709567723093,-0.2413272555362757,13.250898686338354,0.1561578699231862,350,0.05,6,0.7,0.6,0.5,0.5,0.0,2,0.3333333333333333,0.6969696969696969
9,100,21600,2160,9.493460670487746,0.824226868631529,2.81075551640074,0.058114993096272,-0.7629562064499951,12.786372445457513,0.1543843685709833,350,0.05,6,0.9,0.8,0.5,2.0,0.0,3,0.3333333333333333,0.1999999999999999
5,100,21599,2160,9.767288072085472,0.8613532242119517,2.4141121211937477,0.0493551278663995,-0.2997459126534036,14.196405987827866,0.1627945439571383,350,0.05,6,0.9,0.8,0.5,0.5,0.0,3,0.6666666666666666,0.5515151515151515
28,100,21600,2160,8.976678758215503,0.879417811081135,2.186428890726141,0.0461947634930877,-0.2428985973864597,14.45758845474985,0.1659143066345825,350,0.05,6,0.7,0.8,0.5,2.0,0.0,1,0.6666666666666666,0.7696969696969697
51,100,21600,2160,9.425858704202705,0.9048100336962372,1.7118552153719162,0.0397729457851641,-0.1212415765735119,13.726109548895447,0.1587274471432359,700,0.02,10,0.9,0.6,0.5,1.0,0.0,1,0.6666666666666666,0.7720400404736821
18,100,21599,2160,9.810273573369072,0.8050669774729682,2.94727385048465,0.0577814842124101,-0.0411007063632329,13.949105573583532,0.1614735309645635,700,0.02,6,0.7,0.8,0.5,0.5,0.0,1,0.3333333333333333,0.3696969696969697
25,100,21599,2160,9.367851069414286,0.7678151431920683,3.546224011638709,0.0619236019648495,-0.3845237854989713,16.433843414540643,0.1898375202086074,350,0.02,6,0.9,0.8,0.5,0.5,0.0,3,0.6666666666666666,0.5151515151515151
88,100,21599,2160,8.629637916396153,0.7777971318514105,3.505469801423771,0.0609069688109035,-0.1861013957130179,14.4318779604506,0.1634274211129615,350,0.02,6,0.7,0.8,0.0,0.5,0.0,1,0.3333333333333333,0.4909090909090908
43,100,21600,2160,9.685491346956402,0.9152215817242254,1.638032836987326,0.0399466852709653,-0.6299539636643874,12.699407467974558,0.1436174306773624,700,0.05,10,0.7,0.8,0.5,0.5,0.0,2,0.3333333333333333,0.0060790554368006
52,100,21599,2160,9.836070011267449,0.790127556809594,3.3105802728711766,0.0594333147452022,-0.7036489354316726,14.649576552708943,0.1616205755700068,100,0.1,6,0.7,0.8,0.5,1.0,0.0,3,0.6666666666666666,0.4741663240704503
71,100,21599,2160,10.694875058025554,0.8881398027643479,2.006737447268578,0.0454354782138077,-0.1182265646294593,12.862347212146831,0.1512110965344401,700,0.02,10,0.7,0.8,0.5,0.5,0.0,3,0.6666666666666666,0.8060606060606059
34,100,21599,2160,9.739038645061578,0.8420288350489722,2.589578679722883,0.0509921683677358,-0.290969064277867,15.330730808178584,0.1780115676863145,350,0.1,6,0.7,0.6,0.5,1.0,0.0,1,0.6666666666666666,0.170213552230418
74,100,21599,2160,8.973184218658238,0.8798073232878901,2.0571710750295877,0.0440254279190534,-0.1466786687783612,13.40564508896735,0.1570212808095619,700,0.05,6,0.9,0.8,0.5,1.0,0.0,3,0.6666666666666666,0.3939393939393939
87,100,21599,2160,8.76268106086943,0.901872119171614,1.891024805953498,0.0415594632314819,-0.2324262999310731,13.87322092599339,0.1666895903097849,100,0.1,10,0.7,0.8,0.5,2.0,0.0,3,0.3333333333333333,0.3575757575757575
29,100,21600,2160,10.64635145337714,0.8415775284547835,2.560895039251631,0.056137175882873,-0.32682969656294,12.70458168912817,0.1444086799944378,700,0.02,10,0.7,0.6,0.5,0.5,0.0,1,0.6666666666666666,0.6848484848484848
45,100,21599,2160,9.933363491043892,0.9738880408457924,0.9358906146724024,0.0214492747012352,-1.2230844727421126,17.258606867362506,0.1910919994119901,700,0.02,10,0.7,0.8,0.0,0.5,0.0,1,0.0,-0.4545454545454545
50,100,21599,2160,9.836102711573934,0.7953003060092907,3.2007180922013125,0.062252654412016,-0.3667779490369056,13.923693229511937,0.1577951301557184,700,0.02,6,0.9,0.6,0.5,1.0,0.0,1,0.3333333333333333,0.2242424242424242
14,100,21599,2160,8.571941647059338,0.856913769056203,2.409773614450882,0.0498801527744635,-0.8311856576043315,12.998443968870022,0.1480518626553894,350,0.05,6,0.9,0.8,0.0,1.0,0.0,1,0.3333333333333333,0.5515151515151515
13,100,21599,2160,9.415003217268744,0.715419259850022,4.3952285600371415,0.0704678202582416,-0.3028188240470733,11.57682105616011,0.134527951211709,100,0.05,6,0.9,0.8,0.5,1.0,0.0,2,0.6666666666666666,0.3212121212121211
78,100,21599,2160,9.50023786001056,0.946823508752303,1.178538113738289,0.0290339941691173,0.0101019424848362,10.552736953320323,0.1274121271057872,700,0.1,10,0.9,0.8,0.5,1.0,0.0,2,0.3333333333333333,0.406060606060606
86,100,21599,2160,9.263913458769188,0.7997846183155437,3.1112868957637176,0.0587131394634122,-0.2380041458200401,14.550009454312148,0.1675667523841767,100,0.1,6,0.7,0.8,0.5,0.5,0.0,2,0.3333333333333333,0.5878787878787878
44,100,21599,2160,9.596394429539307,0.9205287719886108,1.5639231852770128,0.0374964696530089,-0.311296887104215,17.89782637929475,0.1912619113919599,700,0.05,10,0.7,0.8,0.5,0.5,0.0,3,0.6666666666666666,0.7333333333333332
7,100,21599,2160,9.85128009115308,0.7411070384670134,3.839262734863095,0.0665318139401361,-0.8180517607544304,13.882478796464426,0.1607722632630311,350,0.02,6,0.7,0.8,0.5,1.0,0.0,3,0.3333333333333333,0.2242424242424242
94,100,21599,2160,9.924468617841844,0.801264990511356,3.0499389457199717,0.0588335104103898,-0.6884964471461497,13.992776397069296,0.1594153405626145,350,0.05,6,0.7,0.6,0.5,2.0,0.0,3,0.3333333333333333,0.3465061598976368
66,100,21600,2160,10.080667489686771,0.8608150470388709,2.199274944535953,0.050488355253399,-0.2495767874544485,13.35040140196129,0.1506294345631951,700,0.1,6,0.9,0.6,0.5,1.0,0.0,3,0.3333333333333333,0.2606060606060606
4,100,21599,2160,9.073445886306558,0.8309374528746435,2.7077391778042714,0.0541577665598063,-0.4871209343548983,15.246514521793085,0.1714558036068143,350,0.05,6,0.7,0.8,0.5,0.5,0.0,1,0.3333333333333333,0.0666666666666666
58,100,21599,2160,8.85828730559616,0.9025185611257656,1.6649976264481523,0.0405756516555137,0.0095641347410594,12.85192545755318,0.1527390827375368,350,0.05,10,0.9,0.8,0.5,1.0,0.0,1,0.6666666666666666,0.1272727272727272
0,100,21599,2160,9.830982939822452,0.8501397033453959,2.3960427440314844,0.0516244549792223,-0.1753113316590513,13.365488277563342,0.1537286102241291,700,0.05,6,0.7,0.8,0.5,1.0,0.0,1,0.6666666666666666,0.6484848484848483
33,100,21600,2160,8.87364761694493,0.7941557032662315,3.239645037703604,0.0579960174813451,-0.4428543619390372,16.67953290016563,0.1842043500291108,350,0.02,6,0.7,0.8,0.5,2.0,0.0,2,0.6666666666666666,0.4741663240704503
31,100,21600,2160,8.782327055729098,0.8593918724494156,2.3039334418859467,0.0463944333576506,-1.2171032563004405,15.055906253148008,0.1771806522050396,350,0.05,6,0.7,0.6,0.5,1.0,0.0,1,0.3333333333333333,0.0303030303030303
2,100,21599,2160,8.676172297814047,0.8755808912389911,1.9327495630368392,0.0437423216075656,-0.391798153734735,13.93914706459752,0.1584380425993052,700,0.02,10,0.7,0.6,0.5,1.0,0.0,3,0.6666666666666666,0.5393939393939393
35,100,21599,2160,10.435758711811427,0.8568509320569112,2.417783223333832,0.0535098920677051,-0.4925822247540261,10.484314285869951,0.1237658859710111,700,0.02,10,0.7,0.8,0.5,2.0,0.0,1,0.3333333333333333,0.3939393939393939
17,100,21600,2160,9.54949769809842,0.8184077687884654,2.9598648194108685,0.0567928524128557,-0.4130279280364199,11.473902851961276,0.1317903164125496,700,0.02,6,0.7,0.6,0.0,1.0,0.0,3,0.6666666666666666,0.7575757575757575
26,100,21599,2160,10.031264187496635,0.8509085178492857,2.4659375605432774,0.051280393637532,-0.1573858336377791,13.68988499239639,0.1571405509147638,350,0.02,10,0.9,0.6,0.5,1.0,0.0,3,0.3333333333333333,0.5636363636363636
41,100,21599,2160,9.750791158610104,0.7702047286480668,3.74690500008172,0.0659937997142014,-0.2241806533771235,14.217527032163408,0.1613186365526723,350,0.02,6,0.7,0.8,0.5,2.0,0.0,1,0.6666666666666666,0.4181818181818181
16,100,21599,2160,9.807841212494056,0.7892428084148088,3.631339094491348,0.0617245389897926,-0.1403033715130328,13.242054278850556,0.1600797722584216,350,0.02,6,0.9,0.8,0.5,2.0,0.0,1,0.3333333333333333,0.2969696969696969
38,100,21600,2160,10.726649242609051,0.9781056839516272,0.895864976406526,0.0207583014265976,-0.2944041762946385,11.305361849224123,0.1348213435437003,700,0.05,10,0.7,0.8,0.0,0.5,0.0,2,0.3333333333333333,0.4194548251392446
55,100,21599,2160,9.501595484196969,0.8308672868980204,2.704627543584952,0.0533033145953629,-0.2099211857273051,15.922861683181038,0.179223478021459,350,0.05,6,0.7,0.8,0.5,2.0,0.0,2,0.3333333333333333,0.5515151515151515
49,100,21599,2160,9.83072955006078,0.8276871001287454,2.780981710792321,0.0572429907808844,-0.6487600793308266,13.459697127811337,0.1501855593044978,350,0.1,6,0.7,0.8,0.5,0.5,0.0,1,0.6666666666666666,0.5878787878787878
59,100,21600,2160,8.993464883164123,0.8986282689862746,1.7150371411322969,0.0408520352060071,-0.1447545392964566,11.927626715192089,0.1399148551225062,700,0.02,10,0.7,0.8,0.5,2.0,0.0,2,0.3333333333333333,0.4787878787878787
76,100,21599,2160,9.33769154129612,0.8285017223050372,2.7399090222530447,0.0526675555260328,-0.5519420889686546,16.367745781143505,0.1823537160133849,350,0.05,6,0.7,0.6,0.5,2.0,0.0,2,0.0,0.1393939393939393
39,100,21599,2160,9.703573190616268,0.8150865051035652,2.993847458010306,0.0566985297103763,-0.325357555425658,17.470730968095637,0.1930803450209464,700,0.02,6,0.7,0.8,0.5,2.0,0.0,1,0.3333333333333333,-0.2121212121212121
23,100,21599,2160,9.493882948735962,0.8617986701232031,2.341246860043704,0.0497929887921393,-0.2671386151050876,13.335241880571402,0.159314974496114,350,0.1,6,0.9,0.8,0.5,2.0,0.0,3,1.0,0.7696969696969697
56,100,21600,2160,10.038178498839892,0.8221613742527845,2.8396028810535445,0.057534914736808,-0.5952116155103393,11.8161337475865,0.1454724555480012,100,0.05,10,0.7,0.8,0.5,0.5,0.0,1,0.0,0.0424242424242424
19,100,21599,2160,9.066518327256436,0.8229770339357553,2.9146816334355106,0.0551673143197461,-0.4386728457523265,14.102388297319411,0.1605454134210643,100,0.1,6,0.9,0.8,0.5,1.0,0.0,2,0.6666666666666666,0.4545454545454545
3,100,21599,2160,9.640092480068892,0.7391506770225662,3.707868832583567,0.0665102524888249,-0.2246338075852043,12.74482730856648,0.1506912819659647,350,0.02,6,0.9,0.6,0.0,1.0,0.0,3,0.3333333333333333,-0.1757575757575757
77,100,21599,2160,10.010639394979272,0.9024598322386004,1.791599050879088,0.0434795132085444,-0.753803346303239,14.067999006531856,0.157221177971603,700,0.1,10,0.9,0.6,0.5,2.0,0.0,2,0.3333333333333333,0.3333333333333332
92,100,21599,2160,9.548491135206712,0.8152535409002634,3.021723980409281,0.0598429830655626,-1.0066392798357016,11.39229271603955,0.1354852575243905,350,0.05,6,0.7,0.8,0.5,1.0,0.0,3,0.3333333333333333,0.3454545454545454
30,100,21600,2160,10.16304480460093,0.8022747542450449,3.1468837245032275,0.0597567645289104,-0.5833263521592016,13.256308055409676,0.162032504525948,700,0.02,6,0.7,0.8,0.5,2.0,0.0,3,0.6666666666666666,0.6
1,100,21599,2160,9.470404656448627,0.9018710967416476,1.8176074686803545,0.0416393172102312,-0.2054970126845963,14.723133774465984,0.1652547013078618,100,0.05,10,0.7,0.8,0.0,1.0,0.0,3,0.6666666666666666,0.5151515151515151
47,100,21599,2160,9.742619785801532,0.8366189857382785,2.489059391982948,0.0533883796561617,-0.3878558559690088,12.524907713775283,0.142458146248214,700,0.05,6,0.7,0.8,0.5,1.0,0.0,2,0.3333333333333333,0.103030303030303
22,100,21600,2160,9.264155861147094,0.7770828812641506,3.31571819414124,0.0617068869889463,-0.2659323451330078,13.735785712842588,0.1575648884198642,100,0.1,6,0.9,0.6,0.5,2.0,0.0,3,0.3333333333333333,0.1636363636363636
85,100,21599,2160,9.66737975853587,0.8388544333309372,2.6106277076549445,0.0530750540462633,-0.2663042282725971,14.639450175276508,0.1636050528314974,350,0.05,6,0.9,0.8,0.5,1.0,0.0,1,0.6666666666666666,0.7963562622208846
82,100,21599,2160,9.841500540215344,0.7783620452026382,3.5764710773118016,0.0631003072628779,-0.4286090434964753,13.928620561515844,0.1541765000923662,350,0.02,6,0.7,0.8,0.0,2.0,0.0,1,1.0,0.8510677611520904
6,100,21599,2160,9.129816824660958,0.7821173751425904,3.3740525327807704,0.0582518651167822,-0.6065169237131542,14.760114703090103,0.1690873128241696,350,0.02,6,0.7,0.6,0.5,1.0,0.0,2,0.3333333333333333,0.2121212121212121
73,100,21600,2160,10.416848316322875,0.826294593452817,2.7985158638050995,0.0554749723628332,-0.7205186142482733,14.388359090045649,0.1597455200996894,350,0.05,6,0.9,0.6,0.5,1.0,0.0,3,0.3333333333333333,0.1757575757575757
27,100,21600,2160,9.521199131722804,0.8577777206755253,2.6351638557570123,0.0516146435607072,-0.5196391373004172,16.764010261208924,0.1813912289847097,100,0.05,10,0.9,0.8,0.5,2.0,0.0,1,0.6666666666666666,0.3575757575757575
63,100,21600,2160,9.048524068681733,0.8752488260850142,2.1976007275964875,0.0454489214041827,-0.3517658643018402,15.128188618951375,0.1714825160661641,350,0.05,6,0.9,0.6,0.0,0.5,0.0,1,0.6666666666666666,0.4424242424242424
40,100,21600,2160,9.812308243154376,0.9041469123968936,2.0219302535427124,0.042661235610225,-0.1678774063286989,12.19885081845301,0.1427828817726192,100,0.05,10,0.9,0.8,0.0,0.5,0.0,3,0.6666666666666666,0.7575757575757575
37,100,21599,2160,10.258165213942505,0.765738079801954,3.80977463208248,0.0673727485835801,-0.3180002941341568,15.826485149992836,0.1816849213776855,350,0.02,6,0.7,0.8,0.0,2.0,0.0,1,0.6666666666666666,0.5636363636363636
97,100,21600,2160,9.90759448849426,0.8620089058569849,2.2817080944620334,0.0505178862925697,0.087659300414688,10.58859752902278,0.1366248625991091,350,0.1,6,0.9,0.8,0.5,0.5,0.0,1,0.6666666666666666,0.5636363636363636
36,100,21599,2160,9.128318567066874,0.8747575298941087,2.283971319402298,0.0443250695399868,-0.4585247354177491,17.632687372543195,0.1915915064451331,350,0.05,6,0.7,0.8,0.0,1.0,0.0,2,0.6666666666666666,0.7696969696969697
98,100,21599,2160,9.123179191283793,0.8328556807774734,2.734313792049345,0.0535995514608082,-0.5551252853106152,14.040011754543697,0.160487165991527,700,0.02,6,0.9,0.8,0.5,0.5,0.0,2,0.3333333333333333,0.4303030303030302
95,100,21600,2160,9.570838067083448,0.8963327722847263,1.7844913380407943,0.0411271254382954,-0.5198407391026763,20.23500161828818,0.2219786228834031,700,0.02,10,0.7,0.8,0.5,2.0,0.0,1,0.3333333333333333,-0.1636363636363636
84,100,21599,2160,9.579264312079475,0.8246785007201038,2.8678263210280286,0.0560840816657258,-0.7271945438798288,15.880028334458668,0.1778335879317189,700,0.02,6,0.9,0.8,0.5,0.5,0.0,2,0.6666666666666666,0.6969696969696969
83,100,21599,2160,10.136688764020043,0.8470897431355718,2.4166459375331057,0.0515810978969518,0.0655235216498597,11.302908181658498,0.1364256532922886,350,0.02,10,0.9,0.8,0.5,0.5,0.0,2,0.3333333333333333,0.5757575757575757
80,100,21600,2160,9.79845008893035,0.9145178992951132,1.7088231790939197,0.0393463430658985,-0.054794385568047,11.969949441971602,0.1514514946611103,700,0.02,10,0.7,0.8,0.5,0.5,0.0,2,0.3333333333333333,0.1272727272727272
79,100,21600,2160,9.366305412911156,0.8469236558225467,2.377960993131379,0.0523996839540803,-0.4508243933900555,16.51105654846739,0.1766420099313892,350,0.05,6,0.9,0.8,0.5,1.0,0.0,1,0.6666666666666666,0.7333333333333332
53,100,21600,2160,9.101124070612368,0.9098890815777404,1.6923315269475785,0.0379710375032652,-0.17076383461557,12.754365251130528,0.1542862031174979,100,0.1,10,0.9,0.8,0.5,0.5,0.0,2,1.0,0.8424242424242423
64,100,21600,2160,9.227794846865866,0.908137605506178,1.574109832684449,0.0398247569224701,-0.2040698430457879,14.71347804979042,0.1669034493993464,350,0.05,10,0.7,0.8,0.5,1.0,0.0,3,1.0,0.5757575757575757
72,100,21600,2160,9.638731410223023,0.8838234944533296,1.949205033104265,0.0465672278614582,-0.4073015683079364,14.094344014900702,0.1554014919995169,700,0.02,10,0.7,0.8,0.5,0.5,0.0,3,0.6666666666666666,0.2848484848484848
70,100,21600,2160,9.137249392370103,0.8636517767296105,2.205366120398196,0.0488948715286785,-1.026589505421101,14.534222114770502,0.158256779317036,100,0.1,10,0.7,0.8,0.5,2.0,0.0,2,0.6666666666666666,0.6565379871744698
93,100,21600,2160,9.773757959253258,0.7787769170257393,3.5347704348957563,0.0632688447116215,-0.0035943121714139,11.449010144185138,0.1360253784054176,350,0.02,6,0.7,0.8,0.0,1.0,0.0,3,0.3333333333333333,0.1636363636363636
67,100,21600,2160,9.249011128878152,0.9001463618076301,1.8315340833392315,0.0431224557478481,-0.6872338623294851,12.407317593826184,0.1444272915889339,700,0.02,10,0.9,0.8,0.5,0.5,0.0,2,0.6666666666666666,0.6242424242424242
99,100,21599,2160,9.55673942062202,0.8979321510756006,2.0101719972319434,0.0420860550891375,-0.4934726044485571,17.737164956419555,0.1907963873233754,700,0.1,6,0.7,0.6,0.0,2.0,0.0,3,0.3333333333333333,0.5393939393939393
69,100,21599,2160,9.817723955235255,0.8191617295326235,2.874798293667737,0.0564021189037936,-0.9433464064017314,14.798614582728456,0.1593297639794998,700,0.02,6,0.9,0.6,0.0,0.5,0.0,1,0.3333333333333333,0.3333333333333332
42,100,21600,2160,9.763601524911545,0.745538111733098,3.795217330104813,0.0674617587919637,-0.57652580239667,14.591556104200858,0.1650926112545071,350,0.02,6,0.9,0.8,0.5,1.0,0.0,2,0.6666666666666666,0.8181818181818182
90,100,21600,2160,9.644882513375538,0.8432953286831475,2.529380239558094,0.0522071076685464,-0.1741860564415833,11.03798908970974,0.1370723662846036,350,0.05,6,0.9,0.6,0.0,1.0,0.0,2,0.0,0.2121212121212121
75,100,21599,2160,10.209853464175737,0.8313934092186062,2.759168557595565,0.0571375163420383,-0.3295295447764872,11.345412417870982,0.1326222482441126,350,0.02,10,0.7,0.8,0.5,2.0,0.0,2,0.3333333333333333,0.5272727272727272
89,100,21599,2160,9.60242165803075,0.8830858697032506,1.9217071199471665,0.0450242075775656,-0.8384476538196928,11.97526813736668,0.131652859684259,350,0.1,10,0.7,0.6,0.5,1.0,0.0,1,0.6666666666666666,0.6606060606060605
81,100,21599,2160,9.293594749570644,0.9139779615524528,1.6558949470838655,0.0380193680403747,-0.2506384429841364,14.077834151011926,0.1643347240830928,350,0.05,10,0.7,0.8,0.5,1.0,0.0,2,0.6666666666666666,0.4303030303030302
96,100,21599,2160,10.056660196907254,0.8720278683983037,2.128905122809077,0.0466907230958736,-0.4927670289637929,14.568424591024716,0.1616879636649285,350,0.1,6,0.9,0.8,0.5,1.0,0.0,3,0.3333333333333333,0.4268372033233729
68,100,21600,2160,9.44393971430719,0.8384365361396446,2.455737896796225,0.0554678478166883,-0.3771340429543834,12.893675625920295,0.1473754856894669,700,0.05,6,0.9,0.8,0.5,0.5,0.0,1,0.6666666666666666,0.7818181818181817
61,100,21599,2160,9.801597023931103,0.815825773330682,2.8735871359610567,0.0593597727518509,-0.0825659105436547,14.245000154657497,0.1621400298742284,350,0.05,6,0.9,0.8,0.5,2.0,0.0,2,0.6666666666666666,0.8060606060606059
60,100,21599,2160,9.475474926675512,0.8391138943669785,2.520089041812966,0.0524551209714105,-0.7314304733587667,12.890399551021831,0.1455637649446436,700,0.05,6,0.7,0.8,0.5,1.0,0.0,3,0.6666666666666666,0.7212121212121211
91,100,21600,2160,9.19634025629803,0.9221731644383172,1.431809746944975,0.0364321944007676,-0.3354210408726472,12.414555200984084,0.1385884368162542,700,0.05,10,0.9,0.8,0.5,0.5,0.0,2,0.6666666666666666,0.6484848484848483
28,30,6480,2160,9.866822435767563,0.8677465073553905,2.0679136455113847,0.0458502735925435,-0.2185796035362686,14.80516504863898,0.1642831190968983,700,0.02,6,0.7,0.6,0.5,0.5,0.0,2,1.0,0.5515151515151515
43,30,6480,2160,9.824761526308675,0.9246678420935358,1.5815613711709555,0.0381598805461384,-0.9635959901185568,13.720602177532598,0.1576324232753525,100,0.3,10,0.9,0.8,0.5,0.5,0.0,3,0.3333333333333333,-0.2431622174720258
3,30,6479,2160,10.726967668106331,0.0792171369423435,10.222353059610002,0.1238616808696487,-0.8776934177645952,16.37585230456458,0.1865938592800073,350,0.3,10,0.7,0.6,0.5,0.5,10.0,2,0.6666666666666666,-0.0580258853185659
8,30,6480,2160,10.579798190623157,0.1497569823155633,9.458476275338068,0.1130818890241782,-0.6857328201874173,17.24883586530332,0.196098356677165,350,0.3,6,0.9,0.8,0.5,0.5,10.0,1,0.3333333333333333,0.1797866299901979
15,30,6479,2160,7.208743299191558,0.9000398524453704,1.476739320904764,0.0312635350882756,-1.9123484007463396,19.33893723121396,0.2083208268084352,700,0.05,10,0.7,0.8,0.5,1.0,0.0,3,0.3333333333333333,0.3696969696969697
14,30,6479,2160,8.522507384681282,0.9293614732417328,1.5412119297517992,0.0321673028206153,-0.8451250136600794,13.114105196308207,0.1486142947279925,700,0.02,6,0.7,0.6,0.5,0.5,0.0,1,0.3333333333333333,0.1999999999999999
11,30,6480,2160,12.022995244249886,0.0137294598869485,11.562891726199492,0.1364722766507306,-0.1810125833244527,14.503602433734468,0.1690198863898588,100,0.02,6,0.7,0.8,0.5,2.0,10.0,2,0.6666666666666666,0.5222329678670935
10,30,6480,2160,10.071645289858184,0.8008805881084167,2.99778861982426,0.0589604910032846,-0.3887085035946429,13.85205082323816,0.1578956449397703,350,0.02,6,0.7,0.6,0.5,0.5,0.0,3,0.6666666666666666,0.3818181818181818
17,30,6480,2160,9.838482217700392,0.9687249216640506,1.090718893205954,0.021463665061879,-0.1477455660122903,10.045222056221078,0.1187766137651161,700,0.05,10,0.9,0.6,0.5,1.0,0.0,1,0.6666666666666666,0.4909090909090908
18,30,6480,2160,10.23932101432188,-1.3288310269921055e-06,9.90815206574805,0.1250495503368276,-0.8840101879813265,19.530567136340675,0.2172183923217862,100,0.02,10,0.7,0.6,0.5,0.5,10.0,3,0.0,0.0
32,30,6480,2160,12.68059501459569,0.0628167918098856,12.032045654956203,0.1419362999442961,-0.6752633776256864,18.458495509889392,0.2001802980127271,100,0.02,6,0.7,0.8,0.0,2.0,10.0,1,0.3333333333333333,-0.4815357658232019
25,30,6479,2160,10.630940253812993,0.6487796815816997,5.012535339028108,0.0766558552819201,-0.2957770955226413,16.336467242814876,0.183652561944432,100,0.02,6,0.7,0.8,0.5,1.0,0.0,2,0.6666666666666666,0.6
49,30,6479,2160,10.65628416913877,0.8117460454119696,2.891636726628833,0.0563017920734918,-1.0708107531045448,15.525135675315504,0.1683137709713411,700,0.02,6,0.7,0.6,0.5,1.0,0.0,1,1.0,0.8181818181818182
57,30,6480,2160,10.10699656198054,-3.987848051778542e-09,9.813070440410096,0.1173869160860257,-1.273643117807175,18.821707456023603,0.2113400856565716,700,0.02,10,0.7,0.8,0.0,1.0,10.0,2,0.0,0.0
30,30,6480,2160,12.151092710612732,0.1722816332220714,10.42159537774545,0.1251871528487325,-0.8174259872773264,14.410646779095684,0.1735982295776275,700,0.3,6,0.9,0.6,0.0,0.5,10.0,3,0.6666666666666666,0.2010075630518424
12,30,6480,2160,10.297858915838102,0.9029326318215896,1.681944078344943,0.0413084444589156,-0.5323067673917881,11.131193445920944,0.1398692625778639,350,0.1,10,0.7,0.6,0.5,2.0,0.0,1,0.3333333333333333,0.2121212121212121
9,30,6480,2160,10.300785417795918,0.7384162563589822,3.6600584814921695,0.070658025564309,-0.8790826058488537,13.662565229380572,0.1593879555494281,100,0.1,6,0.7,0.8,0.5,2.0,0.0,1,0.0,-0.1757575757575757
35,30,6480,2160,12.74538684123828,0.8127820239072198,4.220784497798225,0.0649444129391148,-0.6694873770311243,11.337790040086816,0.13089510091502,100,0.02,10,0.7,0.6,0.0,1.0,0.0,1,0.3333333333333333,0.1515151515151515
63,30,6480,2160,10.0256260845617,0.9045162184041692,1.5639664814334056,0.0381812553744418,-0.6455869670311993,16.807773152258665,0.1892036581619885,350,0.05,10,0.9,0.6,0.5,1.0,0.0,2,0.3333333333333333,-0.2121212121212121
4,30,6480,2160,8.170673400354975,0.819703806138591,2.32856194321986,0.0496119492249917,-0.6047114806662555,16.40968271352627,0.178105580142753,350,0.02,10,0.9,0.6,0.5,0.5,0.0,2,0.3333333333333333,0.3696969696969697
0,30,6479,2160,8.621820462311195,0.9907068750212694,0.4310025148275708,0.0110714715869037,-0.9812869864914882,18.393980417770365,0.1995960456030429,350,0.05,10,0.7,0.8,0.0,0.5,0.0,3,0.6666666666666666,0.6606060606060605
51,30,6480,2160,9.72046853919088,0.0743311399374693,9.104315326949695,0.1143722468663181,-0.6360840931181331,16.814838885201347,0.1917366988671885,700,0.1,10,0.7,0.6,0.5,1.0,10.0,3,0.6666666666666666,0.2969795685085057
21,30,6480,2160,13.610265381424515,0.1899041199348752,11.996477890132384,0.1412492468230345,-0.1542966586615806,15.6460186541522,0.177420174123085,700,0.3,6,0.7,0.8,0.0,1.0,10.0,2,0.6666666666666666,0.0
24,30,6480,2160,11.185929179162155,0.840838590537784,3.0318109316505595,0.0552023822751148,-0.1177592788349866,14.264755240855392,0.1668471863173282,100,0.05,10,0.9,0.6,0.5,0.5,0.0,2,0.3333333333333333,0.6969696969696969
6,30,6480,2160,9.3983320086385,0.9022805531421556,1.6952693073289975,0.0365690103449121,-0.8176705902711898,15.849465795115186,0.1798564263728295,350,0.05,6,0.7,0.8,0.5,0.5,0.0,3,0.3333333333333333,0.0545454545454545
7,30,6480,2160,9.423021993622369,0.8863044671499056,1.9845371958831712,0.0446620275920458,-0.7512215505642164,13.553716184474805,0.1577896635964421,350,0.1,6,0.9,0.6,0.5,2.0,0.0,3,0.0,-0.0787878787878787
29,30,6480,2160,9.763946277094476,0.8872868860988478,1.7971214188591838,0.0402796322762574,-0.7372460489709962,14.475420182590131,0.165240451498342,700,0.1,6,0.7,0.6,0.5,1.0,0.0,3,0.3333333333333333,-0.2242424242424242
13,30,6479,2160,11.358370975775683,0.0114452507509693,11.20858031089042,0.1335345682080916,-0.4550016745130987,11.590776117112902,0.1421681336946218,100,0.02,6,0.9,0.8,0.5,0.5,10.0,2,0.3333333333333333,0.1899342940993965
31,30,6480,2160,9.308793684361891,0.9189794900065388,1.5199251028474128,0.0365412254903845,-0.7349413781939802,13.181184659887242,0.1567349099099616,700,0.05,10,0.7,0.8,0.5,0.5,0.0,2,0.0,-0.1878787878787878
34,30,6480,2160,10.658598409486403,0.8748149472971866,1.890370212472659,0.044132580794754,-0.7551043732269971,18.06644833324132,0.2075591012117323,350,0.1,10,0.7,0.6,0.5,0.5,0.0,3,0.6666666666666666,0.1276601641728135
5,30,6480,2160,11.93190863844789,0.1769632917236786,11.0389768613415,0.134498826648766,-0.2826849067143755,14.220559558515191,0.161722560031803,700,0.3,6,0.7,0.8,0.5,1.0,10.0,1,0.6666666666666666,0.5427204202399745
62,30,6480,2160,11.414071793644515,0.8294329578664064,2.7405523358738733,0.0585476533423298,-1.905612330450002,13.751968854577452,0.1576215781982891,700,0.02,10,0.7,0.6,0.5,0.5,0.0,1,0.0,-0.5757575757575757
71,30,6480,2160,9.335303610703091,0.895210619376876,2.286115470222301,0.043510610548068,0.0143853495654008,11.49704968812289,0.1419620739334001,350,0.02,6,0.9,0.8,0.5,2.0,0.0,2,0.6666666666666666,0.8787878787878788
50,30,6480,2160,9.113507174709698,0.7114389884773343,4.555795414124006,0.0716123143707286,-0.858095275206477,16.060234217864497,0.1839833844939398,100,0.02,10,0.7,0.8,0.5,2.0,0.0,1,0.3333333333333333,-0.0303030303030303
16,30,6480,2160,9.87016460774018,0.9665504676394212,1.0980697790880898,0.0229412285684426,-0.2605063215778995,13.875810114274971,0.1683056779664407,350,0.3,6,0.7,0.6,0.0,2.0,0.0,3,0.3333333333333333,0.1636363636363636
38,30,6480,2160,12.170630705062257,0.8067521228899492,3.4485625812262417,0.0651064313281819,-0.6727035200335887,13.21432915767034,0.1532615393955068,700,0.02,6,0.9,0.6,0.5,1.0,0.0,2,0.6666666666666666,0.1276601641728135
23,30,6479,2160,9.873089742105137,0.9253471315691018,1.4243136733304496,0.0343788058697873,-0.157579435752148,13.16599651813507,0.1522719596582206,700,0.05,6,0.9,0.6,0.5,0.5,0.0,2,0.3333333333333333,0.3212121212121211
2,30,6480,2160,9.872673053991647,0.9020794211603036,1.7266735889401033,0.0386575914708638,-0.2876965088702596,13.252399187397074,0.1523975900945992,700,0.02,10,0.7,0.6,0.5,1.0,0.0,3,0.6666666666666666,0.7818181818181817
19,30,6480,2160,10.590541159841749,0.9018696464488568,1.8278429842591115,0.0416177103375628,-0.7738904576968233,16.389713917286308,0.1782708266387627,700,0.05,10,0.7,0.6,0.5,1.0,0.0,3,0.6666666666666666,0.6
54,30,6480,2160,10.661569430931117,0.8394963186746083,2.8599993263141905,0.0553898520664332,-0.1251791991006658,13.078837962945302,0.1573652167601238,100,0.05,6,0.9,0.6,0.0,2.0,0.0,2,0.3333333333333333,-0.4303030303030302
36,30,6479,2160,8.45585321463195,0.9075447236024063,1.7465661071157317,0.0329271426502168,-1.0347753317091255,20.954775390889907,0.2262963685490336,700,0.05,6,0.7,0.6,0.5,1.0,0.0,3,0.0,-0.1757575757575757
20,30,6480,2160,10.0922747467771,0.8667789731090576,2.3587435628707447,0.0532316392550189,-0.6173198471186645,14.891650159778417,0.1680238794989419,700,0.02,10,0.7,0.6,0.5,1.0,0.0,3,0.3333333333333333,-0.103030303030303
40,30,6480,2160,12.405700023458513,0.80171521937252,3.5635840317834586,0.0661992080237855,-0.3238722146035144,12.485242087322254,0.1520199370428219,100,0.1,6,0.7,0.6,0.0,0.5,0.0,3,0.0,-0.2606060606060606
27,30,6480,2160,10.916788047147389,0.9514765287281842,1.4438801922780222,0.0288955555919944,-0.8701168223519096,18.58294456861637,0.2012242960395092,350,0.3,10,0.7,0.6,0.5,1.0,0.0,3,0.6666666666666666,0.3333333333333332
41,30,6480,2160,10.761148459396244,0.6899901562642724,5.111943660591856,0.0781335897314977,-0.178881729318151,13.762327901875532,0.1583058286199367,100,0.02,6,0.9,0.8,0.0,0.5,0.0,2,0.6666666666666666,0.5393939393939393
47,30,6479,2160,9.74593149581946,0.8870760323235486,2.1094771908090464,0.047843401925187,-0.3801094406980216,10.996567630502913,0.1420600198365854,350,0.02,10,0.7,0.8,0.5,0.5,0.0,2,0.0,-0.5030303030303029
22,30,6480,2160,10.882553907559242,0.9422620804398936,1.2770520335689826,0.0312942878416697,-0.9987136714486052,17.80243207361963,0.1979837243089145,100,0.1,10,0.9,0.6,0.0,0.5,0.0,3,0.3333333333333333,-0.2606060606060606
58,30,6480,2160,9.349097254079432,0.8974487454929272,1.8673211712137805,0.0406967310435393,-0.3411123859746088,14.023837493658068,0.1777336196639146,700,0.02,6,0.7,0.6,0.0,1.0,0.0,1,0.0,-0.709090909090909
88,30,6480,2160,10.973422146196716,0.0560705229479669,10.487470539940729,0.124812967471939,-0.5305330690223067,15.92067089928521,0.1856459066720589,700,0.3,10,0.9,0.6,0.5,1.0,10.0,1,0.6666666666666666,-0.1740776559556978
39,30,6479,2160,12.136141178543191,0.8423801308488701,2.7933699426360814,0.0596990453086271,-0.8697997023493227,20.129958513798535,0.2293343349278545,350,0.1,6,0.9,0.6,0.5,0.5,0.0,3,0.3333333333333333,0.2727272727272727
86,30,6480,2160,9.908525315946267,0.9303787116439632,1.439219410975836,0.0336239715922814,-0.5672392558894865,16.635653093390996,0.188536071612698,700,0.1,10,0.7,0.6,0.5,1.0,0.0,2,0.3333333333333333,0.4303030303030302
52,30,6480,2160,11.547711197358591,0.0135558315295171,11.220245932590815,0.1364885596515883,-1.2313960974892963,16.570265226010925,0.1849672886805633,700,0.02,6,0.7,0.8,0.5,2.0,10.0,3,0.0,0.0
87,30,6480,2160,10.202749023569956,0.9526256555399226,1.3419518521403964,0.028370108124046,-0.6239140664445555,16.874195348178898,0.1913416533251347,350,0.1,10,0.7,0.6,0.5,2.0,0.0,2,0.6666666666666666,0.006060606060606
44,30,6479,2160,11.670453037585457,0.7336578516622508,4.036531594224351,0.0734505982459282,-0.4075518232577741,18.481229261115747,0.1981573443583618,350,0.02,6,0.7,0.6,0.5,2.0,0.0,2,0.6666666666666666,0.3818181818181818
53,30,6480,2160,10.965086256545268,0.0859436404749762,10.116366054393628,0.1229492767159103,-0.2260361770380814,12.996133715311688,0.1578861682242221,350,0.3,6,0.7,0.6,0.0,2.0,10.0,1,0.0,0.0
69,30,6480,2160,10.398691082937344,0.935624333062408,1.4078807666671806,0.0318618811588002,-1.3355435872364056,15.78936689850357,0.1746689825110679,100,0.3,10,0.7,0.6,0.5,0.5,0.0,3,0.6666666666666666,0.4181818181818181
55,30,6480,2160,11.522640748232098,0.8325027443869337,2.531321706909163,0.0555554079125093,-0.4879577601834701,17.827272748902992,0.1987520705533542,100,0.3,6,0.9,0.6,0.5,1.0,0.0,2,0.6666666666666666,0.2606060606060606
1,30,6480,2160,9.54812117403672,0.933111758992574,1.3532512546323396,0.0346153882703532,-0.1691100144454942,13.580452064717257,0.1627415487087329,700,0.05,10,0.7,0.6,0.5,1.0,0.0,2,0.3333333333333333,-0.0303030303030303
75,30,6479,2160,11.89066835866601,-1.2157262139211866e-06,11.744220458211895,0.1387088723101387,-0.7292323173976993,12.819143529821323,0.151249539577226,100,0.02,6,0.7,0.6,0.0,2.0,10.0,1,0.0,0.0
78,30,6480,2160,10.337003510027754,0.8617953063708188,3.11670050504031,0.046879612714205,-1.1154728284774382,16.73223781934491,0.1862598530310674,100,0.02,10,0.9,0.8,0.0,2.0,0.0,3,0.6666666666666666,0.6363636363636362
26,30,6480,2160,10.43305111563868,0.7721650405783563,3.6773858612179424,0.0656227835394021,-0.1756960635316167,13.581021765006914,0.1583786811844029,100,0.05,6,0.7,0.8,0.5,1.0,0.0,3,0.3333333333333333,0.7818181818181817
73,30,6480,2160,10.747709104632154,0.0563983261664094,10.274519404658564,0.1213934236004912,-0.9724435758237104,15.127746153937446,0.1710414202719031,700,0.1,10,0.7,0.6,0.5,2.0,10.0,1,0.0,0.1139605764596379
80,30,6480,2160,12.158932023342746,0.9134318394703552,1.7132414854688425,0.0426989884742265,-0.1808771150369919,13.109377171463436,0.1602477764429844,700,0.02,10,0.9,0.8,0.5,0.5,0.0,3,0.3333333333333333,-0.5030303030303029
98,30,6480,2160,10.235347646224646,0.729965326555508,3.913800030159362,0.0715506682176927,-0.3876420681915493,13.16716783611863,0.151599003093727,100,0.05,6,0.9,0.6,0.5,0.5,0.0,1,0.3333333333333333,0.6363636363636362
66,30,6480,2160,10.184314676692455,0.9401539273448724,1.3733628655268733,0.0331621829538263,-0.5714973513288373,15.180693461078183,0.1689216045382585,700,0.1,6,0.9,0.6,0.5,1.0,0.0,3,0.3333333333333333,0.1272727272727272
65,30,6480,2160,10.892304465664022,0.8851124130657881,2.2850709442189463,0.0453742033319148,-0.0461199114707475,12.88529724995295,0.1562073260460905,100,0.1,6,0.7,0.8,0.5,1.0,0.0,2,0.3333333333333333,-0.0790277206784084
48,30,6480,2160,9.555787820889623,0.9690241133621532,0.865522456856771,0.0234712817604808,-0.6502009231700729,18.444259933467126,0.205078753965697,350,0.02,10,0.9,0.8,0.0,0.5,0.0,1,0.3333333333333333,0.406060606060606
76,30,6479,2160,10.93712103908694,0.891046010060279,2.29100491890152,0.0457287667468694,-0.3964266486149446,15.261597555478415,0.1729760303170491,700,0.05,6,0.9,0.6,0.5,0.5,0.0,2,0.0,-0.1151515151515151
46,30,6479,2160,10.656355717953122,0.8828326411409,2.0817346360618663,0.0459754430078339,-0.4897898610670608,15.805007522746369,0.1898395322196227,700,0.05,6,0.7,0.8,0.5,2.0,0.0,2,0.0,-0.6727272727272726
83,30,6480,2160,9.4259998771953,0.9376947680347042,1.1856866374830528,0.0287655315559686,-0.6106666440166473,15.09539811189528,0.1791078775203688,700,0.05,10,0.7,0.6,0.5,2.0,0.0,1,0.3333333333333333,0.1272727272727272
56,30,6480,2160,11.212153050222517,-9.516151422417353e-08,11.04360376463996,0.1323760834063249,-0.6145519656601646,12.191774646264534,0.146351652960364,350,0.02,6,0.7,0.6,0.5,0.5,10.0,2,0.0,0.0
64,30,6480,2160,10.631752574252491,0.8031477045472949,3.032059798437404,0.0634102256335284,0.0484241287859177,12.39789663668032,0.1483751542137613,350,0.05,6,0.7,0.6,0.5,0.5,0.0,2,0.6666666666666666,0.709090909090909
67,30,6480,2160,12.98211942743372,0.0157116674702317,12.399146072952837,0.1473135665986425,-0.5444044329156694,11.584782431567156,0.1381790318128418,100,0.02,10,0.7,0.6,0.0,0.5,10.0,3,0.0,-0.3553345272593507
72,30,6480,2160,10.760783924644375,0.0692337633819611,10.186999918502051,0.1250083020964908,-0.4846259012955656,14.412703588097184,0.1596136815435545,350,0.3,6,0.7,0.6,0.5,1.0,10.0,2,0.0,0.0
85,30,6480,2160,10.362771414650812,0.0474818673448402,10.008158325148218,0.1208337940272066,-0.6926142219089946,16.31686769414831,0.1891501442135691,100,0.02,10,0.7,0.6,0.0,1.0,10.0,1,0.3333333333333333,0.7484740574222639
68,30,6480,2160,9.854721059331922,0.8367332775826763,2.561209465365851,0.055686386523179,-0.8079328099244591,15.126349761441904,0.1688605833998006,100,0.1,6,0.9,0.8,0.5,2.0,0.0,1,0.6666666666666666,0.5030303030303029
33,30,6480,2160,10.4287495618102,0.8471749942229659,3.3176608902657474,0.0475178290551656,-0.4736592250719029,15.91595660863099,0.1861603415770656,100,0.02,10,0.9,0.6,0.0,1.0,0.0,2,0.0,-0.1094229978624116
84,30,6480,2160,11.45840147142057,0.1228771348032083,10.52139782646556,0.1284235587948087,-0.7991448247646276,15.884146547317505,0.1814998306109534,100,0.3,6,0.9,0.8,0.0,1.0,10.0,2,0.6666666666666666,0.7706746355884523
42,30,6480,2160,11.224958285950589,0.8938585063486101,1.6529111795168212,0.0445357142985695,-0.3734531098361129,13.392969183745208,0.1540933914805044,700,0.05,10,0.9,0.6,0.5,1.0,0.0,2,0.3333333333333333,0.6848484848484848
59,30,6480,2160,10.013500241232506,0.8565178469368224,1.9822414928192007,0.0500475171631626,-0.7694333138580167,14.90372345206914,0.1739501228432425,700,0.05,10,0.7,0.6,0.5,1.0,0.0,2,0.3333333333333333,0.1878787878787878
70,30,6480,2160,10.27236250838259,0.8622058815746776,2.4876370086069404,0.0504276411530988,-1.3738368865336383,15.820937611571066,0.1712792945131462,700,0.05,6,0.7,0.8,0.5,2.0,0.0,3,0.3333333333333333,0.3039527718400323
77,30,6480,2160,12.35453580175653,0.7151312908730907,4.454249256714995,0.0767753131744026,-0.4484385728244506,12.035328891807133,0.1428797361670225,100,0.05,6,0.7,0.6,0.0,1.0,0.0,3,0.3333333333333333,0.1636363636363636
79,30,6480,2160,12.017160204428214,-3.285159433374929e-07,11.887182050634312,0.1399624949208273,-0.3703702057127052,15.76260272979736,0.1716743956070203,100,0.1,6,0.7,0.6,0.5,2.0,10.0,1,0.0,0.0
61,30,6479,2160,10.054614589819773,0.8880091132906899,2.13972190951188,0.0420452704720381,-0.37480525491946,16.2941692799109,0.1827189819423234,350,0.05,6,0.9,0.6,0.5,0.5,0.0,1,0.3333333333333333,0.406060606060606
93,30,6480,2160,10.524853783595708,-2.5705444439694247e-08,10.297065440519356,0.1277558463733986,-0.7709980361950988,16.012428231415925,0.1806965608750412,700,0.05,10,0.7,0.6,0.0,0.5,10.0,2,0.0,0.0
82,30,6479,2160,11.69646269860435,0.9477585845201244,1.502615086667075,0.0318985699568959,-0.1563273474997089,11.620524405174784,0.1387081194115779,350,0.3,10,0.9,0.6,0.5,0.5,0.0,2,0.3333333333333333,0.4984825458176529
81,30,6479,2160,9.85291545997838,0.8939917547504919,2.014269896849201,0.0413341170940894,-0.5289121230636267,16.680272827943167,0.1816999111803132,700,0.02,6,0.7,0.6,0.0,1.0,0.0,3,0.3333333333333333,0.2484848484848484
74,30,6480,2160,9.24219000870799,0.8850099758143333,1.8429166762204845,0.0425154191014151,-0.6473885542714379,15.98507527201264,0.1882069561196535,100,0.05,10,0.9,0.6,0.0,1.0,0.0,3,0.0,-0.2848484848484848
89,30,6480,2160,12.4725164603736,0.9882952294398344,0.7010898234454102,0.016601347019493,-1.28962153351985,12.099964706765974,0.1469218922552209,100,0.3,10,0.9,0.6,0.0,0.5,0.0,1,0.0,-0.6
99,30,6480,2160,10.61368566206944,-3.2078185840944684e-06,10.327727910383247,0.1276384280210377,-0.9571949843975514,19.99748686507896,0.2184180693802918,700,0.1,6,0.7,0.8,0.5,0.5,10.0,3,0.0,0.0
94,30,6479,2160,9.44568683448414,0.931333877307075,1.1971763116511671,0.0335988104539005,-1.2298455140811746,15.424985365977996,0.183196606066522,100,0.1,10,0.7,0.6,0.0,2.0,0.0,3,0.0,0.0060790554368006
37,30,6480,2160,11.051098914013968,0.9385209357580728,1.361620611605841,0.0354104364058403,-0.1502983465833267,13.911857332741771,0.1697330359991469,350,0.02,10,0.9,0.6,0.0,1.0,0.0,1,0.6666666666666666,0.7333333333333332
45,30,6479,2160,12.475119799548176,0.8891450602540658,2.2568948974535488,0.0500909709057158,-0.6085268515639086,14.429964734183418,0.1625468955436176,700,0.1,10,0.9,0.6,0.5,1.0,0.0,2,0.6666666666666666,0.7212121212121211
90,30,6480,2160,11.181765807793235,0.9971864540349512,0.3551027464236773,0.0078123024829952,0.083882750705671,8.944101363950304,0.1210756978509958,350,0.05,10,0.9,0.8,0.0,0.5,0.0,1,0.3333333333333333,0.309090909090909
91,30,6480,2160,9.314506364280794,-6.48052508811503e-06,9.2658236352897,0.1191602626333822,-1.147484621018303,15.732460090319316,0.1757449765409992,350,0.3,10,0.7,0.8,0.0,1.0,10.0,2,0.0,0.0
92,30,6480,2160,11.532137312274312,0.9084412452378184,2.132934025001287,0.0431819136686167,-0.6572640155668816,9.56709547435796,0.123126982654127,100,0.3,6,0.7,0.8,0.5,0.5,0.0,3,0.3333333333333333,-0.0303030303030303
60,30,6480,2160,9.922869778247897,0.918575273985016,1.56219251117784,0.0376692928672196,-0.7933279663633979,12.731939057884397,0.1481428215635317,350,0.3,10,0.7,0.6,0.5,1.0,0.0,3,0.3333333333333333,0.6969696969696969
96,30,6479,2160,10.611581590914506,0.9699253425403508,1.0558036563388438,0.0222977068766327,-0.7409108656945089,15.826593364300551,0.1746103337031477,100,0.05,10,0.9,0.6,0.0,0.5,0.0,1,0.6666666666666666,0.146344183996585
97,30,6480,2160,10.41629081041765,0.8637456073796137,2.240122600871449,0.050858118197997,-0.3042913999201637,13.40049293855826,0.1633572933187769,350,0.3,6,0.7,0.6,0.5,1.0,0.0,3,0.6666666666666666,0.3696969696969697
95,30,6480,2160,12.073555125938151,0.8258688380718963,3.2239134531093683,0.060980689136255,-0.4211858163302422,19.377373885722072,0.2146532875059227,350,0.05,6,0.9,0.6,0.0,2.0,0.0,3,0.3333333333333333,-0.1272727272727272
8,20,4320,2160,9.580905604804004,-7.367789214285381e-07,9.331384181181589,0.1116482539347755,-0.9850482807562768,18.948915012500905,0.2127968134087932,100,0.02,6,0.7,0.6,0.0,2.0,10.0,2,0.0,0.0
15,20,4319,2160,7.606083601165148,0.7347268388971473,3.4443006679177643,0.0487963811423799,-2.178518631220307,20.027588214785965,0.2176323278228508,100,0.02,6,0.7,0.6,0.0,0.5,0.0,3,0.0,-0.5878787878787878
0,20,4319,2160,9.376055241773589,0.9992147034691566,0.1482090284341634,0.0032130911583736,-1.3959933378309637,20.19453018077132,0.2194931859584375,350,0.05,10,0.9,0.8,0.0,0.5,0.0,3,0.6666666666666666,0.4424242424242424
3,20,4320,2160,12.23098338868883,0.0511135573100263,10.965915733266762,0.1326229993923074,-0.5005492450226647,14.475368946569937,0.1668054098505788,350,0.02,6,0.7,0.8,0.5,2.0,10.0,3,0.0,-0.3243745600673012
11,20,4320,2160,11.922788983274389,-2.7369983863767544e-06,11.717265160525288,0.1370099983329749,-0.1567001935453329,14.29436303951122,0.1672711131793784,100,0.02,6,0.7,0.8,0.5,2.0,10.0,2,0.0,0.0
2,20,4320,2160,7.301225618162642,0.9125818492175086,1.290262114724524,0.0342571390837118,-0.7324441856446366,15.41068154083358,0.1767669083578454,700,0.05,10,0.9,0.6,0.5,2.0,0.0,1,0.3333333333333333,0.4424242424242424
9,20,4320,2160,12.012416446473864,-9.270424394802744e-07,11.999153096057752,0.1427089369142487,-0.9121217865578723,13.857472120214393,0.1607830781006943,700,0.05,6,0.7,0.6,0.5,2.0,10.0,3,0.0,0.0
16,20,4320,2160,10.214109591554712,-3.5767959993826537e-06,10.049922972078676,0.1208306388297399,-0.3350945253375736,14.57051559448242,0.1732137089259524,350,0.05,10,0.7,0.8,0.5,2.0,10.0,1,0.0,0.0
4,20,4320,2160,8.487066436211268,0.8044181390090575,2.3887462539050763,0.0530890832311442,-0.596886868005625,15.639491642360335,0.1776708259317174,350,0.02,10,0.7,0.8,0.5,2.0,0.0,2,0.0,-0.2121212121212121
5,20,4320,2160,12.842932807957684,0.0113927528965969,12.539458224508495,0.147441543883858,-0.3091384088527991,14.139245249430338,0.163381695136669,100,0.02,6,0.7,0.6,0.5,2.0,10.0,1,0.6666666666666666,0.5838742081211422
13,20,4319,2160,11.381941296064252,0.9998698175569308,0.1030356051546045,0.0015327405180944,-0.1050288283981504,9.94803563355296,0.1238960098325116,350,0.3,10,0.9,0.6,0.0,1.0,0.0,1,0.3333333333333333,0.1757575757575757
1,20,4320,2160,7.513512744313038,0.9549012394271154,1.0561956104272288,0.0281880198699794,-0.1853644792428936,14.01527290980021,0.1638689642651795,350,0.05,6,0.9,0.6,0.5,0.5,0.0,3,0.3333333333333333,0.0424242424242424
18,20,4320,2160,10.1292324829174,0.9645640897760022,0.7727918490197637,0.0244022359676985,-0.9269634724006612,19.695142069806657,0.2196806033633116,350,0.05,10,0.7,0.8,0.0,0.5,0.0,3,0.6666666666666666,0.2121212121212121
28,20,4320,2160,9.81939932346344,0.7101278071365018,4.514707956777679,0.0625756082244858,-0.3350710305416235,15.111325851546392,0.1719563324124456,100,0.02,6,0.7,0.6,0.5,2.0,0.0,1,0.6666666666666666,0.103030303030303
25,20,4319,2160,11.979635508919545,0.0318933845435581,11.240020064088752,0.1353447081969476,-0.5623599588988624,17.415525658572165,0.2016612206582311,350,0.1,6,0.7,0.6,0.5,0.5,10.0,2,0.3333333333333333,-0.3481553119113957
57,20,4320,2160,10.408643358725088,0.0866840131213525,9.895452638996971,0.1187272421456334,-1.2060570898100793,18.49458278302793,0.2081752545443422,350,0.3,6,0.9,0.6,0.0,0.5,10.0,2,0.0,0.0
7,20,4320,2160,11.40860346230644,0.8441079552122505,2.7577062614940764,0.0551885567736695,-1.09333791059752,15.061173513371632,0.1725153219827735,350,0.02,6,0.7,0.6,0.5,0.5,0.0,1,0.0,0.0666666666666666
43,20,4320,2160,11.505157040189264,0.9997378948987986,0.1254412596099825,0.0022308376428574,-0.6805090461575756,12.771386440361548,0.1458276613469521,700,0.3,10,0.9,0.6,0.0,0.5,0.0,3,0.3333333333333333,-0.1337392196096141
32,20,4320,2160,13.076979527296842,0.2336762559891325,10.97555853402173,0.1335445510982507,-0.7238223851045438,18.48207571806731,0.2030607763043374,350,0.3,6,0.9,0.6,0.0,1.0,10.0,3,0.0,-0.6595217486584658
20,20,4320,2160,9.79625324277966,0.9621005792607082,1.1170044486670587,0.0236293234948672,-0.775165426748788,15.836962688940542,0.1760323413168628,100,0.05,10,0.9,0.6,0.0,2.0,0.0,3,0.6666666666666666,0.6242424242424242
35,20,4320,2160,10.538456437212451,0.964047085726094,1.1980165991673886,0.026988952541399,-0.8178166980041444,11.361488591951352,0.136586213854032,350,0.3,10,0.7,0.6,0.5,1.0,0.0,3,0.0,-0.1878787878787878
21,20,4320,2160,13.53458451182754,0.0917045164088778,12.2573589875963,0.1429825559415512,-0.2395239419542887,16.33266738467746,0.183853432208242,350,0.1,6,0.7,0.6,0.0,1.0,10.0,1,0.3333333333333333,0.0379868588198793
17,20,4320,2160,9.364321755739274,0.9541806461389494,1.2914884559045052,0.0248742329835746,-0.3738151933810936,11.209381702696836,0.1299488035849537,700,0.02,6,0.7,0.6,0.0,1.0,0.0,3,0.3333333333333333,0.0303030303030303
14,20,4319,2160,8.017730767755749,0.9838954860417092,0.6112228837917981,0.0154652685726851,-0.9554545519761646,13.453122931266272,0.1529929962104259,350,0.02,10,0.7,0.8,0.0,1.0,0.0,3,0.6666666666666666,0.4424242424242424
31,20,4320,2160,10.542386812427322,0.9251226163720928,1.6420490095892888,0.0365327838169674,-0.8683763301334437,14.450247731306249,0.1626505418600353,100,0.3,6,0.9,0.6,0.0,0.5,0.0,3,0.3333333333333333,0.5636363636363636
24,20,4320,2160,11.447595375224395,0.8492964588440495,3.028599231237033,0.0563472264902967,-0.282057665858809,15.753428435899597,0.1786892908205151,100,0.1,10,0.9,0.6,0.5,1.0,0.0,2,0.3333333333333333,0.5272727272727272
6,20,4320,2160,10.416157974313808,-7.1314049914228406e-06,9.949255669205275,0.1195192718317608,-1.2466097929701825,17.322972464384854,0.1999549655682611,700,0.05,6,0.7,0.8,0.5,1.0,10.0,1,0.0,0.0
12,20,4320,2160,12.201505564407066,0.0488231701951393,11.66729534926238,0.1403469246601148,-0.8911736959567083,13.063356254365708,0.1553871619798339,350,0.05,10,0.7,0.6,0.5,1.0,10.0,3,0.3333333333333333,0.3553345272593507
49,20,4319,2160,10.290409143330445,0.8646473529334395,2.313127736797832,0.046999177343417,-0.3871227548885398,12.372127033560364,0.1377548482020073,700,0.02,6,0.7,0.8,0.5,0.5,0.0,2,0.6666666666666666,0.7454545454545454
29,20,4320,2160,11.617649440941983,-4.02224360640524e-06,11.157390883233813,0.1309812475555978,-0.8992498488894412,15.147469892501832,0.1727733511108356,100,0.02,10,0.7,0.8,0.0,1.0,10.0,3,0.0,0.0
19,20,4320,2160,12.333001752871052,0.1142654812379898,11.389135721171344,0.1360176781367526,-0.7705609004410339,15.625413198647678,0.1781034426523619,700,0.3,10,0.7,0.8,0.0,1.0,10.0,2,0.6666666666666666,0.2842676218074806
10,20,4320,2160,10.036645910894428,0.7557095755620605,3.4192354329656465,0.0632564088804231,-0.5351988962370335,14.679440935364475,0.1660148467417113,350,0.02,6,0.7,0.6,0.5,0.5,0.0,3,0.3333333333333333,0.3333333333333332
51,20,4320,2160,10.23043851322598,0.2760814837617137,8.58216497880441,0.1081497688011426,-0.4689657060023608,15.87584481186337,0.1816804777504505,350,0.3,10,0.9,0.6,0.0,0.5,10.0,1,0.6666666666666666,0.3106129346690164
34,20,4320,2160,11.311789894722123,-7.334363163469249e-07,10.82494787922612,0.1316979424406868,-0.6588637593941258,17.414117912716335,0.2017881538061768,100,0.02,6,0.7,0.8,0.5,1.0,10.0,1,0.0,0.0
41,20,4320,2160,11.993282992574905,0.0576354476310863,10.56930135620965,0.1252591370666258,-0.3602913672194259,14.954272177660908,0.1700504391523414,100,0.02,10,0.7,0.6,0.5,1.0,10.0,1,0.0,0.1507946222113219
22,20,4320,2160,11.99557782155496,0.0961716587185345,10.952930673846492,0.1311300630777072,-0.905617356679996,17.462758442914048,0.1933178907181915,100,0.3,6,0.7,0.8,0.0,2.0,10.0,3,0.0,0.1740776559556978
38,20,4320,2160,11.213015238951757,0.8122739149484707,3.559484714258924,0.066105658935514,-1.1949506895995097,15.091441996539078,0.1755642485759362,100,0.1,10,0.9,0.6,0.5,1.0,0.0,3,0.6666666666666666,0.6443798763008685
44,20,4319,2160,11.330176712326994,0.938919726699174,1.5657477820851256,0.0342526793621722,-0.3240430742020823,16.825317669245933,0.1921892241052491,700,0.3,10,0.7,0.8,0.5,0.5,0.0,1,0.3333333333333333,0.5393939393939393
27,20,4320,2160,10.48925950138657,0.0239027376966709,10.03965680440267,0.1233804687049853,-0.6909049638934512,17.434171025311507,0.1913399463431034,350,0.02,10,0.7,0.6,0.0,0.5,10.0,1,0.6666666666666666,0.2901294265928297
33,20,4320,2160,9.537172738004614,-3.5314484823079084e-05,9.391817796495223,0.1147838514234531,-0.671834633349903,17.368089463975693,0.1982829138667354,700,0.3,6,0.7,0.8,0.5,1.0,10.0,3,0.0,0.0
40,20,4320,2160,12.569034438309846,-5.527690014606179e-07,12.06720239709925,0.1400048510846951,-0.4494557945824808,13.017278012876158,0.1590669676676745,100,0.05,6,0.7,0.6,0.5,2.0,10.0,2,0.0,0.0
48,20,4320,2160,10.654254323420702,0.8659110132525512,3.0587864243321947,0.050313873177142,-0.5631449277086849,18.002474878408293,0.1995960213564358,100,0.02,10,0.7,0.8,0.0,0.5,0.0,2,0.3333333333333333,0.2848484848484848
54,20,4320,2160,9.106896953582762,0.8214458296513977,3.2145159356792767,0.0468551041650056,-0.2891988170921258,14.35417345373719,0.1684448921018022,100,0.02,6,0.7,0.8,0.0,2.0,0.0,2,0.3333333333333333,-0.1757575757575757
36,20,4320,2160,8.373733959496022,0.8559399771335165,2.510032189443028,0.0414507803929596,-1.377217855120553,22.43954885630696,0.2445985310790203,350,0.02,6,0.9,0.8,0.5,2.0,0.0,3,0.3333333333333333,0.103030303030303
50,20,4320,2160,11.265842612043231,0.8861814325990826,2.1216379847740097,0.046038627851965,-0.9352339804186982,16.194029657719827,0.1877635789735703,700,0.3,6,0.9,0.6,0.5,0.5,0.0,1,0.3333333333333333,0.2242424242424242
62,20,4320,2160,13.075470097506487,0.0284249070489237,12.340657777786252,0.1469486260453674,-1.6724656738194428,13.227254080949006,0.1511655764449226,100,0.05,10,0.7,0.8,0.5,2.0,10.0,2,0.3333333333333333,0.1740776559556978
53,20,4320,2160,11.548442066687125,0.0953114697039709,10.360618380617211,0.1264628782092821,-0.1482421114982834,12.466847155535664,0.1527950122038021,350,0.3,6,0.7,0.6,0.0,2.0,10.0,1,0.6666666666666666,0.4061811972299616
52,20,4320,2160,12.44895534515381,-3.259569503200055e-07,12.211829528278772,0.1473585305377055,-0.9212786541374084,15.159926332544398,0.1716333877450159,100,0.02,6,0.7,0.8,0.5,2.0,10.0,2,0.0,0.0
30,20,4320,2160,12.737027883088146,0.156140941340878,11.233063060089393,0.1324347384765744,-0.6889978784627828,13.564184067690814,0.1673522196504692,700,0.3,10,0.9,0.8,0.0,0.5,10.0,3,0.3333333333333333,-0.0277416792858826
71,20,4320,2160,11.933100676006742,-2.2238956685072253e-06,11.253103149555349,0.1290617100397104,-0.3378719456754648,13.640198944939506,0.1653963928230512,100,0.02,6,0.7,0.6,0.5,2.0,10.0,1,0.0,0.0
46,20,4320,2160,12.13443925416028,0.1188182001860674,11.335335421562196,0.131072064472627,-0.4686968979628942,16.329108827379017,0.188490834299762,350,0.3,6,0.7,0.6,0.5,0.5,10.0,1,0.0,-0.7817359599705715
39,20,4319,2160,11.209461812618787,0.7593386556495625,3.579211987616612,0.0706886115558326,-0.7290022832079528,19.504946760513164,0.2205308343095216,350,0.02,6,0.7,0.6,0.0,2.0,0.0,3,0.0,0.006060606060606
88,20,4320,2160,9.080838846111735,0.7271714482322187,3.388130692125673,0.0645064639932769,-0.3199721855792925,14.706090950590594,0.1724036313028613,100,0.1,6,0.7,0.6,0.5,1.0,0.0,3,0.6666666666666666,0.5151515151515151
42,20,4320,2160,11.276889527108931,0.06095316844954,10.307743746086402,0.1258653530592217,-0.7016162308579819,14.619768721262616,0.1715172895309938,350,0.05,6,0.7,0.6,0.5,1.0,10.0,1,0.6666666666666666,0.1740776559556978
55,20,4320,2160,9.817074846117585,0.8188636164435859,2.491406131766961,0.0523794117789907,-0.8829949533859882,19.603968164390988,0.2235841116267767,100,0.05,10,0.7,0.6,0.5,2.0,0.0,3,0.3333333333333333,-0.3212121212121211
73,20,4320,2160,10.504542261847744,0.0748974242578801,9.470676745661985,0.1130676634555134,-1.4790787883055665,17.261311278519806,0.1917538818644125,100,0.05,10,0.7,0.8,0.0,0.5,10.0,3,0.3333333333333333,0.1740776559556978
63,20,4320,2160,9.39901074278134,0.8980539363568182,1.718801539008747,0.0355595147037769,-0.3597031309818452,15.231607173416352,0.1719852326678798,350,0.02,10,0.9,0.6,0.5,2.0,0.0,3,0.6666666666666666,0.3939393939393939
45,20,4319,2160,13.058250282706506,0.7586439100028909,4.692589128258451,0.0770482785972273,-0.5177755819315788,13.512150929680578,0.1578949727512613,350,0.02,6,0.9,0.6,0.5,2.0,0.0,3,0.3333333333333333,0.006060606060606
70,20,4320,2160,11.027621488907824,0.8464159695814636,2.85402126707308,0.0552385583554656,-1.4071598494269306,16.05603002735862,0.1724772797160124,100,0.1,10,0.9,0.6,0.5,0.5,0.0,3,0.3333333333333333,0.4194548251392446
87,20,4320,2160,9.060737549408715,0.9540781624992652,1.670380149621676,0.0289712615431046,-0.508965559681845,15.90889915029208,0.1844453302044024,350,0.02,10,0.9,0.6,0.5,1.0,0.0,1,0.3333333333333333,-0.0909090909090908
86,20,4320,2160,9.261054764553146,0.9998822858487446,0.0913676488687963,0.0013977263933826,-0.4338173965735048,16.020558012573876,0.1803323847180198,700,0.3,10,0.9,0.6,0.0,2.0,0.0,1,0.6666666666666666,0.5636363636363636
61,20,4319,2160,9.061006949123108,0.8237998430105171,3.566089319117397,0.0536852674302737,-0.0848857920061867,13.080222611912976,0.1623136656531457,100,0.02,10,0.9,0.8,0.5,1.0,0.0,1,0.0,0.4787878787878787
23,20,4319,2160,10.50795034001959,0.9127067542157876,1.7965118996221956,0.0400242710310785,-0.0866140109542144,12.248029897345438,0.1475306261682475,100,0.1,6,0.7,0.6,0.0,1.0,0.0,3,0.6666666666666666,0.8303030303030302
47,20,4319,2160,13.916484206684526,0.2508176157131049,10.709467294122865,0.1286557016624526,-0.7172334784080288,13.65117092061926,0.1584636959295852,100,0.05,6,0.9,0.6,0.0,0.5,10.0,1,0.3333333333333333,-0.3569653238400649
80,20,4320,2160,11.970618157563388,0.0162443857222652,11.604304969045852,0.1379750796983029,-0.1177101114490488,12.982511185540094,0.1559029198023843,100,0.05,6,0.7,0.6,0.0,1.0,10.0,2,0.6666666666666666,0.5698028822981897
37,20,4320,2160,10.137898538200943,-7.525076080039383e-05,9.96069016509586,0.1239883090850996,-0.5303448003678872,17.175761626914696,0.1957743441940328,350,0.3,6,0.7,0.8,0.5,0.5,10.0,3,0.0,0.0
66,20,4320,2160,12.598794034211725,0.9313247333636216,1.4412137812931367,0.0363221826014804,-0.5541209230734656,14.263183135368209,0.1679851049426262,350,0.05,10,0.7,0.6,0.5,2.0,0.0,2,0.3333333333333333,-0.2121212121212121
59,20,4320,2160,12.062616320429026,0.7276558059203799,4.057510888452331,0.0762426074925752,-0.6889459821467441,13.858401431772444,0.1699477893736488,100,0.05,6,0.7,0.8,0.5,1.0,0.0,3,0.0,-0.0545454545454545
64,20,4320,2160,11.608019752083004,0.7672148018684048,3.7862224991550977,0.0718167036097374,-0.069594344098613,13.462238523253689,0.1573073523935289,350,0.02,6,0.9,0.6,0.5,1.0,0.0,3,0.6666666666666666,0.4424242424242424
65,20,4320,2160,10.825898649609751,0.8888720203281297,2.001027147082277,0.0429369705660657,-0.1389791283708963,13.210268518615653,0.1629928474717635,350,0.1,6,0.7,0.6,0.5,0.5,0.0,3,0.3333333333333333,0.085106776115209
83,20,4320,2160,10.443489794057829,0.97732407411082,0.5496414618072946,0.018176110072248,-0.6084357820704642,14.370393557769283,0.1789837974071855,350,0.02,10,0.9,0.8,0.0,1.0,0.0,3,0.6666666666666666,0.1636363636363636
82,20,4320,2160,10.997767325358256,0.8803982453722788,2.5892033198571123,0.0478881612966994,-0.473650100189428,13.918768231670064,0.1565880710229545,700,0.02,6,0.9,0.6,0.5,2.0,0.0,3,0.6666666666666666,0.6686960980480711
72,20,4320,2160,9.850224836932288,0.8938825587946279,2.209368334666446,0.0430867649493815,-0.4300037335927988,14.479004144182912,0.1566499223623282,350,0.02,6,0.9,0.6,0.5,1.0,0.0,3,0.3333333333333333,-0.1151515151515151
26,20,4320,2160,11.2480645303373,-7.452742700975179e-06,11.166450680450158,0.1354085694773404,-0.7586973297275521,16.702681955231558,0.1937067445186849,100,0.1,6,0.7,0.6,0.5,0.5,10.0,3,0.0,0.0
92,20,4320,2160,14.136164317837466,0.1332365018286387,11.92901939286126,0.1363080132204833,-0.3684168499253446,9.163968677520751,0.1118836415307556,700,0.1,6,0.7,0.6,0.5,2.0,10.0,3,0.6666666666666666,0.110672298715185
84,20,4320,2160,11.615701735726107,0.0156843375299476,11.257929332874438,0.1406415008853502,-1.2573721224677636,17.844380557095562,0.2033034463712534,100,0.05,10,0.7,0.6,0.0,0.5,10.0,3,0.6666666666666666,0.6963106238227914
77,20,4320,2160,12.667569496366712,0.0116669321868597,12.35718961715698,0.1477802072511765,-1.0000307534599973,14.265650374801073,0.167895453354576,100,0.02,6,0.7,0.6,0.0,1.0,10.0,2,0.6666666666666666,0.0348155311911395
67,20,4320,2160,12.084937769667144,0.829977025002052,3.114993450725365,0.0591492743004219,-0.4269903614465098,10.744046852102986,0.1328226514299414,700,0.1,6,0.9,0.6,0.5,2.0,0.0,3,0.3333333333333333,0.1636363636363636
58,20,4320,2160,10.80597595554811,0.859381311053538,2.576966181807457,0.0536134616685568,-0.4174757298828555,14.689551721827852,0.1827236722230268,700,0.05,6,0.7,0.6,0.5,2.0,0.0,1,0.0,-0.7454545454545454
68,20,4320,2160,10.567041211989189,0.8441700222035255,2.5863191640692205,0.0584048686905812,-0.87719507292421,15.495472911728754,0.172064725138893,700,0.02,10,0.9,0.6,0.5,1.0,0.0,1,0.6666666666666666,0.309090909090909
74,20,4320,2160,10.686593514195192,0.0325286550380299,10.382211358988728,0.1297145112437331,-0.590616804543586,16.13978140089247,0.1849355622251667,100,0.1,6,0.7,0.6,0.0,1.0,10.0,3,0.0,0.0
60,20,4320,2160,12.295300156098824,0.2090574734226398,10.7344633102417,0.1291999740333657,-0.8358565208538555,12.401121957920216,0.1498891233873785,700,0.3,6,0.7,0.6,0.5,0.5,10.0,3,0.3333333333333333,0.0131590338991953
78,20,4320,2160,10.200316232575313,0.8935667688753817,1.877193591244367,0.0404070944506445,-0.8379307617827572,15.73571631109273,0.1736121452520561,700,0.1,6,0.7,0.6,0.5,0.5,0.0,1,0.6666666666666666,0.5515151515151515
99,20,4320,2160,9.981131082022632,-8.182955410607207e-06,9.743558562243429,0.1190832243648524,-1.1291122652601198,20.92495214992099,0.2278089581344496,100,0.3,6,0.7,0.8,0.0,2.0,10.0,1,0.0,0.0
76,20,4320,2160,12.651074384583367,0.1770143147011114,10.998363930207711,0.1306470471465123,-0.7163674496951409,16.898949117307314,0.1917705867084912,700,0.05,6,0.9,0.8,0.0,1.0,10.0,3,0.0,-0.5617690055391233
56,20,4320,2160,10.89933560265435,-2.721168652630724e-07,10.660924406404847,0.1291847314858018,-0.5711499599700487,11.973223927815756,0.1443711571508212,350,0.02,6,0.7,0.6,0.5,0.5,10.0,2,0.0,0.0
89,20,4320,2160,12.180332685377865,0.829481745388965,3.0256887144275675,0.0629738392345026,-1.0055459301627856,11.350112351598565,0.137505784738104,700,0.02,6,0.7,0.8,0.5,0.5,0.0,1,0.3333333333333333,0.0545454545454545
69,20,4320,2160,9.622402591705322,-1.0341255125556614e-06,9.271950239075556,0.1087102400574167,-2.0526138632494058,18.409018386558248,0.1996906534433032,700,0.1,6,0.9,0.6,0.0,1.0,10.0,2,0.0,0.0
75,20,4320,2160,9.94694314762398,-1.3868354070023514e-05,9.46657837903058,0.1113947247507338,-0.8840778981387114,13.511242568404588,0.1578762554180923,100,0.1,10,0.7,0.6,0.5,1.0,10.0,2,0.0,0.0
85,20,4320,2160,11.124773146311444,0.1919043770534182,9.374119084941016,0.1136785085804949,-0.4739822922553653,15.223347124523588,0.1765118297747678,700,0.3,10,0.9,0.6,0.0,2.0,10.0,3,0.6666666666666666,0.3312945782245396
79,20,4320,2160,12.419374511506822,0.0892901810498243,11.898646323062756,0.1421148802710553,-0.3710517345503514,15.90964508374532,0.1717170798785153,350,0.3,10,0.7,0.8,0.0,1.0,10.0,1,0.6666666666666666,0.6963106238227914
96,20,4319,2160,10.766647110728956,0.9550053570758956,1.2552846267581343,0.0276707690192454,-0.5602714335386108,14.362053001773097,0.1653033873107466,700,0.02,6,0.7,0.8,0.0,2.0,0.0,3,0.3333333333333333,0.1829302299957312
94,20,4319,2160,9.501689789227818,0.8413792783788744,2.346686011015214,0.0541245303340347,-0.3475354670153761,12.234706649118,0.1424131648968225,350,0.05,6,0.7,0.6,0.5,2.0,0.0,3,0.0,0.4255338805760452
91,20,4320,2160,8.808104003789248,0.838920399532911,2.611384379143516,0.0459282801783901,-1.153664295472112,16.094593627629457,0.1759976597365436,100,0.02,10,0.7,0.8,0.0,0.5,0.0,1,0.6666666666666666,0.5272727272727272
97,20,4320,2160,11.909496287791816,0.7655601274655488,3.6101954985509903,0.0719598148556776,0.057122787067517,11.491751786271733,0.1388924963295405,350,0.05,6,0.7,0.6,0.5,0.5,0.0,3,0.3333333333333333,0.5636363636363636
81,20,4319,2160,9.512504359592295,0.9347841248319968,1.320552904487888,0.0305763973140825,-0.7723343123054822,17.71526519433216,0.1956303696821796,100,0.3,10,0.9,0.8,0.5,1.0,0.0,2,0.3333333333333333,-0.0545454545454545
95,20,4320,2160,10.99127329709905,0.8796058795132263,2.104895175305557,0.0472203241972749,-0.1570575448700397,17.270659987948562,0.1936821472803754,700,0.02,10,0.7,0.8,0.5,2.0,0.0,1,0.3333333333333333,-0.1515151515151515
93,20,4320,2160,9.907961583181663,0.8520529894357711,2.411820425347046,0.0480501269135271,-0.2288098735268464,12.786584773858388,0.1505161819171685,350,0.02,10,0.7,0.6,0.5,2.0,0.0,3,0.3333333333333333,-0.2242424242424242
98,20,4320,2160,12.277606536017526,0.0403948863146741,11.335932754057424,0.1383864645556248,-0.8623453901072233,15.529470196829903,0.1756255635214827,100,0.02,10,0.7,0.6,0.0,0.5,10.0,2,0.3333333333333333,0.259499648053841
90,20,4320,2160,11.57735713412364,0.8845719560119012,2.1404447497209724,0.0480056640394931,-0.1424238095760011,10.76305260238824,0.1352057226029177,700,0.02,10,0.9,0.8,0.5,2.0,0.0,3,0.3333333333333333,0.1393939393939393
18,75,16200,2160,9.668050906823831,0.8390001506165352,2.4878702236565102,0.0515035776374552,-0.0892510003309743,14.288310552173192,0.1651653550627401,350,0.05,6,0.9,0.8,0.5,1.0,0.0,1,0.0,0.3575757575757575
5,75,16200,2160,10.337123223834569,0.1517869346464456,9.72237694281119,0.1212834492019855,-0.3319201165686236,14.495119376712374,0.1647971529170366,350,0.1,6,0.9,0.8,0.0,1.0,10.0,2,0.6666666666666666,0.3606418307164742
19,75,16200,2160,8.992338452907623,0.8094777303085501,2.867773289596961,0.0563644374887351,-0.6191514305535217,15.713487315509054,0.1703180254264164,100,0.1,6,0.9,0.8,0.5,1.0,0.0,2,0.6666666666666666,0.709090909090909
22,75,16200,2160,9.412892882750784,0.8934865414161375,1.7537999142898062,0.0413556745868287,-0.5771264868647523,15.000826348030111,0.1758682575664283,700,0.3,6,0.9,0.8,0.5,2.0,0.0,3,0.6666666666666666,0.1878787878787878
8,75,16200,2160,9.883326853072202,0.8817583544394644,2.33264925901824,0.0431040614630776,-0.5275295679835346,16.53381634540028,0.1866699434202124,100,0.05,10,0.9,0.8,0.5,2.0,0.0,2,0.0,-0.0909090909090908
9,75,16200,2160,9.62202030301094,0.9415205309917224,1.3044724811576336,0.0335746261325141,-0.8199844226379007,12.788079610709792,0.1568615128454236,700,0.02,10,0.7,0.8,0.0,2.0,0.0,2,0.3333333333333333,0.0303030303030303
51,75,16200,2160,9.634958398155591,0.8691328299211378,2.308612040491039,0.0462257415624139,-0.3663164650508683,15.62957028636226,0.1752177445560586,700,0.02,6,0.9,0.6,0.5,1.0,0.0,2,0.6666666666666666,0.6383008208640678
2,75,16199,2160,8.720719416766364,0.8601503116821678,2.22150827634504,0.0453682680660853,-0.4114007491688138,14.190106651385625,0.1595498911052658,700,0.02,6,0.7,0.8,0.0,2.0,0.0,3,0.3333333333333333,0.4787878787878787
32,75,16200,2160,10.221519003135557,0.8470170728331794,2.554412700319749,0.0541394144087009,-0.1641923196725305,15.319552646919531,0.1668753344325409,700,0.05,6,0.7,0.6,0.5,1.0,0.0,1,0.6666666666666666,0.3343480490240355
0,75,16199,2160,9.961653555438971,0.8049477481484679,3.024120716897073,0.0581061797102735,-0.3195771761050914,13.997728924044855,0.1628904551828384,100,0.1,6,0.9,0.8,0.5,0.5,0.0,3,0.3333333333333333,0.3212121212121211
10,75,16200,2160,9.61803421054725,0.933154300622481,1.4215590786145378,0.0342347164642511,-0.3974609185494631,13.507796912612738,0.1583924365817848,350,0.3,10,0.9,0.6,0.5,2.0,0.0,1,0.6666666666666666,0.4545454545454545
88,75,16199,2160,10.280788454236326,0.7832781951848735,3.5153997933456385,0.0620656984902996,-0.2128715099971316,14.29562525505269,0.1652613957921498,350,0.02,6,0.7,0.8,0.0,0.5,0.0,1,0.3333333333333333,0.309090909090909
57,75,16199,2160,9.261216253684484,0.843862276742766,2.437365030992637,0.0501437684507388,-0.3840430136564305,14.350248415028606,0.1648904580662687,350,0.05,6,0.7,0.6,0.5,2.0,0.0,3,0.3333333333333333,0.4666666666666666
53,75,16200,2160,8.79980863761019,0.792515053074165,3.205890465951088,0.0579764101756846,-0.1679495372460659,13.091153562157242,0.1541006539507491,350,0.02,6,0.7,0.6,0.5,0.5,0.0,1,1.0,0.5636363636363636
44,75,16199,2160,9.538899600516563,0.8917425980858256,1.8202731004294053,0.0421225607500242,-0.3888752144043963,18.82866628178844,0.1968382930855017,700,0.02,10,0.9,0.6,0.5,2.0,0.0,2,0.6666666666666666,0.8303030303030302
3,75,16199,2160,9.918543916683294,0.7694667776598242,3.1815766700017147,0.0609047677904417,-0.4173349762708278,14.056235312996089,0.1621142746826826,100,0.1,6,0.7,0.6,0.5,0.5,0.0,2,0.3333333333333333,0.2484848484848484
6,75,16200,2160,9.67049478519993,0.8898300878080708,1.973034228634157,0.041929722648904,-0.6234406854942529,14.186289252263528,0.1699755999230621,350,0.02,10,0.9,0.8,0.5,0.5,0.0,3,0.3333333333333333,0.0181818181818181
21,75,16200,2160,10.211333752208288,0.9026224834858938,1.981621890789496,0.0420954951404185,-0.0907179768777277,15.391929328000105,0.1724648191864707,100,0.05,10,0.9,0.6,0.0,1.0,0.0,2,0.3333333333333333,0.3575757575757575
24,75,16200,2160,9.516001308246896,0.748149189619921,3.698053628080938,0.0661310432441678,-0.0449493886740268,13.0997884660297,0.1613215452846157,350,0.02,6,0.7,0.8,0.5,1.0,0.0,3,0.6666666666666666,0.3818181818181818
75,75,16199,2160,11.88969469513705,0.0908808744680614,11.233886318794331,0.1363622021827503,-0.5309780615836928,12.058489415204082,0.1423153919743786,700,0.3,6,0.7,0.6,0.0,1.0,10.0,3,0.6666666666666666,0.5975032225939045
43,75,16200,2160,9.29508194762542,0.9211818513625036,1.484279372224524,0.0372345504937105,-0.6669825069736757,13.249804426232972,0.1452395868817318,700,0.05,10,0.7,0.8,0.5,0.5,0.0,2,0.3333333333333333,0.170213552230418
25,75,16199,2160,10.000424093809212,0.7640802345376826,3.578428958303453,0.0638669045561651,-0.2145136847067821,15.374104163823304,0.1778005286619936,350,0.02,6,0.7,0.6,0.5,1.0,0.0,3,0.6666666666666666,0.7212121212121211
15,75,16199,2160,10.075167683719132,0.8116699528025361,2.809664865522901,0.0558232111518922,-1.0537081674433169,15.830487123021372,0.1749364832966349,700,0.02,6,0.9,0.8,0.5,0.5,0.0,3,0.6666666666666666,0.6484848484848483
13,75,16199,2160,9.349959923408267,0.9157055058749988,1.560264801387995,0.037330120564696,-0.1551911699168024,10.54726838371268,0.1266769055677008,350,0.1,10,0.9,0.8,0.5,1.0,0.0,3,0.6666666666666666,0.5878787878787878
29,75,16200,2160,10.304589015629556,0.8343027070721659,2.621575059353301,0.0541346759319767,-0.4445784707284208,13.554344274512044,0.1506802304275411,350,0.02,10,0.7,0.8,0.5,1.0,0.0,3,0.6666666666666666,0.8787878787878788
30,75,16200,2160,10.538872487238896,0.9133698552799,1.7737727612031575,0.0395229420203375,-0.3068051278080586,12.650985472246452,0.1472049248452804,350,0.05,10,0.7,0.8,0.5,0.5,0.0,1,1.0,0.7454545454545454
7,75,16199,2160,9.901362344752515,0.7202290165013842,4.019649837796851,0.0692201277681799,-0.7302310841907265,13.625460732292243,0.1568411647176053,100,0.05,6,0.7,0.8,0.0,1.0,0.0,2,0.0,-0.5030303030303029
12,75,16200,2160,9.68370426726047,0.7887416364095101,3.031648857570481,0.0601126134833405,-0.8039813150809934,13.043666392653076,0.1517628392221353,100,0.1,6,0.7,0.8,0.5,2.0,0.0,2,0.3333333333333333,0.3575757575757575
31,75,16200,2160,9.036597460343517,0.9286937778282192,1.4625015295538015,0.0337490222655542,-1.0005637046946605,14.478805312933748,0.1683059729451755,350,0.02,10,0.7,0.6,0.0,1.0,0.0,3,0.3333333333333333,-0.0666666666666666
50,75,16199,2160,9.96753499018486,0.7926531363616971,3.0769607225734084,0.0613231172441583,-0.6958264546219726,15.472992462295071,0.1757661812354185,700,0.02,6,0.9,0.8,0.5,1.0,0.0,1,0.0,-0.0424242424242424
20,75,16200,2160,10.50306952011668,0.8822215134278037,2.1253037638204955,0.0486032451827593,-0.5928209199042709,14.159400258075308,0.1667464226387716,700,0.1,6,0.9,0.8,0.5,2.0,0.0,2,0.0,-0.1636363636363636
87,75,16199,2160,9.221043313298717,0.8541092084888053,2.648329943412966,0.0488395428298481,-0.2753818879558389,14.240411178900136,0.1695696496915889,100,0.1,6,0.7,0.8,0.5,1.0,0.0,3,0.3333333333333333,0.5030303030303029
52,75,16199,2160,10.080513411555266,0.8166795094057007,2.866785302933385,0.055939382606539,-1.342709612216261,17.198733032566533,0.1895247034169075,700,0.02,6,0.7,0.8,0.5,0.5,0.0,3,0.6666666666666666,0.3708223816448394
83,75,16199,2160,10.044242436412542,0.8075259278032174,2.773840137018926,0.0569879739174927,-0.0312817483688996,12.236759223915913,0.1433179280203026,700,0.02,6,0.9,0.6,0.5,0.5,0.0,2,0.6666666666666666,0.4909090909090908
23,75,16199,2160,9.174199569397835,0.9084991713676622,1.6593055087356343,0.0395329893325577,-0.3285202662157016,14.081332384789432,0.1631280434580771,350,0.1,10,0.7,0.8,0.5,0.5,0.0,1,0.6666666666666666,0.8666666666666665
14,75,16199,2160,9.224508249692422,0.8156805278211641,2.923279102965447,0.058257853019254,-0.6565659419393732,12.395001502831777,0.140816015261853,700,0.02,6,0.7,0.6,0.5,0.5,0.0,1,0.6666666666666666,0.1636363636363636
35,75,16200,2160,10.877602961450538,0.7619445055547903,3.8892194330324017,0.0695111247883612,-0.8282491657021538,11.772794285571134,0.1369775879368864,100,0.1,6,0.7,0.6,0.0,2.0,0.0,1,0.0,0.1393939393939393
76,75,16199,2160,9.375156486265416,0.834324931362789,2.7657986160496657,0.0528597599320439,-0.6281814690983474,16.829888721748635,0.1867790946124435,700,0.02,6,0.7,0.6,0.0,2.0,0.0,1,0.3333333333333333,0.2242424242424242
86,75,16199,2160,9.28106859468024,0.9265325323794572,1.4810242621667171,0.0353670116013016,-0.3482883135182115,14.794383782854789,0.1748711589273094,350,0.05,10,0.7,0.8,0.5,1.0,0.0,3,0.3333333333333333,0.2606060606060606
71,75,16199,2160,9.43674749753723,0.8891739176406881,1.9207418625064263,0.0446272405387327,-0.0541716903132249,11.78121068082474,0.1468163540096638,700,0.02,10,0.7,0.8,0.5,0.5,0.0,3,0.6666666666666666,0.6363636363636362
47,75,16199,2160,10.011141207270423,0.7707860698730215,3.55160740262768,0.0627885978613212,-0.5188344786152297,13.401733791828155,0.1490288435279237,100,0.05,6,0.9,0.8,0.0,2.0,0.0,2,0.3333333333333333,-0.1515151515151515
82,75,16199,2160,10.58130340676666,0.7974203126729683,3.2603139109271684,0.0633950910004836,-0.3439326890598113,13.476698649900934,0.1495375441535426,700,0.02,6,0.9,0.6,0.5,2.0,0.0,3,0.6666666666666666,0.7963562622208846
28,75,16200,2160,8.76319497529077,0.8825395231486688,2.1230415321010287,0.0445977175078926,-0.1921010355001506,14.2293208235723,0.1624884590518054,700,0.02,6,0.7,0.8,0.5,0.5,0.0,1,0.6666666666666666,0.4666666666666666
62,75,16200,2160,10.375719578464032,0.8037696771441363,3.264902330128125,0.0635753376448709,-1.2855147413376873,12.139146292518683,0.1397941024597692,700,0.02,6,0.7,0.8,0.5,2.0,0.0,1,0.3333333333333333,0.2969696969696969
17,75,16200,2160,10.246515299991325,0.8685148445838495,2.1581089725171383,0.0493051186811304,-0.3176515222889555,10.708925335142348,0.1272648329903206,700,0.02,10,0.9,0.6,0.5,2.0,0.0,3,0.3333333333333333,0.1636363636363636
66,75,16200,2160,10.208231122202344,0.7933083297359127,3.378915173906157,0.0628862764951371,-0.5446139141579471,15.333997920045146,0.1674705099234285,350,0.02,6,0.9,0.8,0.0,0.5,0.0,2,0.3333333333333333,0.309090909090909
34,75,16199,2160,10.20972343445608,0.8918663738750146,1.9303570010909816,0.0431775549586484,-0.2080314708831769,14.604040218635843,0.1721985267176114,350,0.05,10,0.7,0.8,0.5,0.5,0.0,2,0.6666666666666666,0.4620082131968491
77,75,16200,2160,10.060299910324591,0.8307078268416632,2.621898092620466,0.0576385701601535,-0.6186995090346619,13.283728626171747,0.1510440827530889,350,0.02,10,0.9,0.8,0.5,2.0,0.0,3,0.6666666666666666,0.7333333333333332
38,75,16200,2160,10.656942510646063,0.8592429951199809,2.368020315900141,0.0520544276612747,-0.4891037868564036,12.530455012409776,0.1446059563513341,350,0.05,10,0.7,0.6,0.5,2.0,0.0,1,0.3333333333333333,0.4316129360128458
54,75,16200,2160,9.348506615222972,0.9300895116478058,1.318237492595828,0.0336877025329152,-0.4470984795695789,15.589327091420138,0.1784624868265868,350,0.05,10,0.9,0.8,0.5,1.0,0.0,1,0.3333333333333333,-0.1878787878787878
11,75,16200,2160,10.128359862496822,0.8706894284594257,2.344513141422216,0.0488151512878218,0.0895039171337007,12.353806901662438,0.1484053590033189,350,0.05,6,0.7,0.8,0.5,0.5,0.0,2,0.6666666666666666,0.6242424242424242
26,75,16199,2160,10.21508915140846,0.8502203448812928,2.636435584785078,0.0513202582861479,-0.1202429117666199,13.109952671351255,0.1545985059509334,700,0.02,6,0.7,0.6,0.0,1.0,0.0,3,0.3333333333333333,0.3818181818181818
1,75,16199,2160,9.313839415442551,0.902951854303638,1.5265388021067603,0.039658790367459,-0.1610162849209873,14.483130303599214,0.1621772417995069,350,0.05,10,0.9,0.6,0.5,2.0,0.0,2,0.0,0.5393939393939393
84,75,16199,2160,10.057109327500534,0.8200162713019208,3.0128706863038204,0.0577953851719946,-0.5410072065057867,15.242968837729206,0.1679753276721316,700,0.02,6,0.9,0.6,0.5,1.0,0.0,3,1.0,0.7333333333333332
37,75,16199,2160,10.496471825453764,0.7787945765915829,3.646412168054628,0.0670282977216016,-0.1374115510650151,14.1699962038464,0.1687795983037963,350,0.02,6,0.7,0.8,0.0,2.0,0.0,1,0.3333333333333333,0.2242424242424242
27,75,16200,2160,9.863379870520696,0.8333813737957233,2.868791137145568,0.0553288544306745,-0.7541410428555544,18.27653686819253,0.1948849506218115,700,0.02,6,0.7,0.6,0.5,2.0,0.0,2,0.6666666666666666,0.4303030303030302
98,75,16199,2160,10.542779892171897,0.8792872029270141,2.1505848264786027,0.0465392563884222,-0.5325902798289335,13.923919778951896,0.1593201292341594,350,0.02,10,0.9,0.8,0.5,0.5,0.0,2,0.3333333333333333,0.5878787878787878
81,75,16199,2160,10.088872380897522,0.8188623324444106,3.041476734252083,0.0558246182807122,-0.3216540573660591,14.932013811711911,0.1689360555206639,100,0.1,6,0.7,0.6,0.5,0.5,0.0,1,0.6666666666666666,0.4424242424242424
85,75,16199,2160,9.178778551633354,0.8792885880301499,2.1545534823847707,0.0447237344548641,-0.3352251655617235,15.504088135714884,0.1679983198874405,350,0.05,6,0.9,0.8,0.5,1.0,0.0,1,0.6666666666666666,0.9240164263936982
96,75,16199,2160,10.64219470179268,0.973816625791698,0.875632287943479,0.0216044746430791,-0.5708748218696389,15.141130815998272,0.1658641256991889,700,0.05,10,0.7,0.6,0.0,0.5,0.0,2,0.3333333333333333,0.5304976669876206
65,75,16200,2160,9.79284113076651,0.87063553163647,2.432293747539949,0.0474709929955425,-0.1583824627054433,14.348341457071124,0.1643753350179976,700,0.02,6,0.7,0.6,0.0,2.0,0.0,2,0.3333333333333333,0.516719712128055
41,75,16200,2160,10.18326900027491,0.7773519301039109,3.73567965770852,0.0671795994566128,-0.0950978662178354,12.976471319551822,0.1525767125441777,350,0.02,6,0.7,0.8,0.5,2.0,0.0,1,0.6666666666666666,0.6606060606060605
33,75,16200,2160,9.477281441946088,0.925225208810744,1.5835706449805569,0.0351528362081316,-0.3509177711051325,15.832980447014172,0.1782391453136932,100,0.05,10,0.9,0.8,0.0,1.0,0.0,1,0.6666666666666666,0.705170430668875
78,75,16199,2160,10.54261150269598,0.8829202354359623,2.1231737356663136,0.0437568823206201,-0.2105791922979041,12.352465376633184,0.1409003696937864,100,0.1,10,0.7,0.6,0.5,0.5,0.0,3,0.6666666666666666,0.7333333333333332
94,75,16199,2160,9.979893625994002,0.8387217061426705,2.6488524332196914,0.0537162007893024,-0.7264521394722747,14.625659351260577,0.1611971308087018,350,0.02,10,0.7,0.6,0.5,1.0,0.0,1,0.3333333333333333,0.5531940447488588
36,75,16199,2160,9.195001752482057,0.8431403522197316,2.5759189165901737,0.0499764817249614,-0.7002385268141189,18.902795741712605,0.2068589325441127,700,0.02,6,0.9,0.6,0.5,1.0,0.0,2,0.0,-0.2606060606060606
99,75,16199,2160,10.785790845849814,0.7866402731785361,3.4946844500361034,0.0615769463404981,-0.3922849249271132,17.361597571196377,0.1842194907170095,350,0.02,6,0.7,0.6,0.5,0.5,0.0,2,0.6666666666666666,0.6969696969696969
39,75,16199,2160,10.214662698069263,0.7726112722711892,3.5636489046243978,0.0622612575708972,-0.495200801837393,18.68985607955191,0.2050790503652303,350,0.02,6,0.9,0.6,0.0,2.0,0.0,1,0.3333333333333333,-0.406060606060606
49,75,16199,2160,9.34266744824914,0.8138713441432953,2.909234845440156,0.0578051014398497,-0.852750276988248,13.905555904353106,0.159205434334877,700,0.02,6,0.7,0.8,0.5,0.5,0.0,2,0.3333333333333333,0.8181818181818182
58,75,16200,2160,8.352568323673013,0.950394625670272,1.0888043484941188,0.0277473063184108,-0.24882354189077,13.617037095228833,0.171509245930776,350,0.02,10,0.9,0.8,0.0,0.5,0.0,2,0.0,-0.2969696969696969
80,75,16200,2160,10.601303109551656,0.9077113313307276,1.8610496253847104,0.0424377833106283,0.0423993197479299,11.105656238441114,0.1443051670569896,700,0.02,10,0.7,0.8,0.5,0.5,0.0,2,0.3333333333333333,0.2969696969696969
59,75,16200,2160,9.269199181018053,0.8931126686892972,1.7240246176326188,0.0408591722462174,-0.5382640435270929,13.61440875803983,0.1621896304567632,700,0.02,10,0.7,0.8,0.5,2.0,0.0,2,0.3333333333333333,0.0181818181818181
97,75,16200,2160,10.484524523156477,0.9096652083184608,1.6769472713888758,0.0416387228000079,-0.0771846169911101,11.788677133939885,0.1484554975823845,700,0.1,10,0.9,0.6,0.5,2.0,0.0,3,0.3333333333333333,0.1151515151515151
55,75,16199,2160,10.189434658484211,0.8158190615618495,2.81388915267818,0.0556129629676962,-0.2972706411628278,16.498589799359994,0.1855802071490006,700,0.02,6,0.9,0.6,0.5,2.0,0.0,3,0.3333333333333333,0.0787878787878787
73,75,16200,2160,10.139464007892723,0.8488012995749814,2.482436552946318,0.0516388413240569,-0.548114003479008,13.164233721406372,0.1515306441454582,350,0.02,10,0.7,0.8,0.5,2.0,0.0,2,0.3333333333333333,0.2363636363636363
63,75,16200,2160,8.556120604475339,0.8418230479657862,2.692138279137063,0.0507568580854307,-0.590970921488353,16.248526181357878,0.1860373867901199,350,0.02,6,0.7,0.8,0.5,2.0,0.0,3,0.3333333333333333,0.2484848484848484
60,75,16200,2160,9.64441179326287,0.9082472204021712,1.762129842508283,0.0408606634993039,-0.7320276168016011,12.893379907298971,0.145588864120103,350,0.02,10,0.7,0.8,0.0,1.0,0.0,3,0.6666666666666666,0.6121212121212121
64,75,16200,2160,10.41663244592702,0.7805078897616609,3.603618084631168,0.0633551676762149,-0.2896667134310329,14.790882062823686,0.1727341543233947,350,0.02,6,0.9,0.6,0.5,1.0,0.0,3,0.6666666666666666,0.5757575757575757
4,75,16200,2160,8.876670996383385,0.8557840332662754,2.2254544980302686,0.04818963583248,-0.3702442816180387,14.63520086924235,0.1645803742867172,350,0.02,10,0.7,0.8,0.5,2.0,0.0,2,0.0,-0.2727272727272727
69,75,16200,2160,9.407901060774002,0.8904713782004896,1.9584534621282537,0.042936365354182,-1.1995517342679514,15.873143724197591,0.1695074898232605,100,0.1,10,0.7,0.6,0.5,2.0,0.0,1,0.3333333333333333,0.5030303030303029
79,75,16200,2160,10.11188493542318,0.915687434302042,1.689963315157194,0.0395420444019372,-0.2839131686257785,14.85399360952554,0.1661706810708203,100,0.05,10,0.7,0.8,0.0,0.5,0.0,2,0.3333333333333333,0.1393939393939393
46,75,16199,2160,10.092480891594686,0.8823470576426881,1.8981529319832944,0.0432583104995063,-0.3955717228663409,16.33235097606977,0.1837385262026659,350,0.05,10,0.9,0.8,0.5,0.5,0.0,1,0.6666666666666666,0.1515151515151515
93,75,16200,2160,9.906668141359164,0.8930730954836941,1.923226728974997,0.0430310684329265,-0.1211145903005423,12.529444226909568,0.1437691977603713,700,0.1,6,0.7,0.6,0.5,0.5,0.0,2,0.6666666666666666,0.7212121212121211
92,75,16200,2160,9.790642039865624,0.7612763669898188,3.7832016509040143,0.0686209707480363,-0.7165038422523793,10.2813544885759,0.1253082822014759,350,0.02,6,0.7,0.8,0.5,2.0,0.0,3,0.6666666666666666,0.406060606060606
90,75,16200,2160,9.865279635411722,0.8933578419599193,1.8293615726833343,0.0439391371088237,0.0762141093229966,9.898459062576292,0.121581392484046,350,0.05,10,0.7,0.8,0.5,0.5,0.0,3,0.6666666666666666,0.406060606060606
40,75,16200,2160,10.985690554057006,0.8562388145757935,2.4624937310318167,0.0523913403809263,-0.2232467040799308,12.36183258774104,0.1461283706309296,700,0.05,6,0.7,0.8,0.5,0.5,0.0,1,0.6666666666666666,0.7454545454545454
56,75,16200,2160,10.687998426393229,0.8865431681588317,1.789889586895648,0.0451541218386674,-0.3893290954041484,11.857929830992664,0.135760735912137,700,0.02,10,0.9,0.8,0.5,0.5,0.0,2,0.3333333333333333,0.5757575757575757
67,75,16200,2160,10.467515953228798,0.7494321420900565,3.9846442977651058,0.0689989186628331,-0.9928399109852976,13.64532731347614,0.1569631955541873,350,0.02,6,0.7,0.6,0.5,1.0,0.0,3,0.6666666666666666,0.5878787878787878
89,75,16199,2160,10.295381002262278,0.8186472104994459,2.7560225364965585,0.0561715543540989,-1.2384808293926133,13.415516078163076,0.1452718115916109,350,0.02,10,0.7,0.6,0.5,1.0,0.0,2,0.6666666666666666,0.6484848484848483
16,75,16200,2160,10.101398493131002,0.7985278728988916,3.69304382475776,0.0606478481649752,-0.2364082445464883,13.718596365341435,0.166689099240198,100,0.05,6,0.7,0.8,0.0,1.0,0.0,3,0.3333333333333333,0.0909090909090908
70,75,16200,2160,10.0150915311207,0.8483728868034268,2.405843998488832,0.0523267215187929,-0.9378674992731916,14.378373752611656,0.1547538520352171,100,0.1,10,0.9,0.6,0.5,0.5,0.0,3,0.3333333333333333,0.4620082131968491
72,75,16200,2160,9.777116762797036,0.9121737068752488,1.619944894551452,0.0380238546134765,-0.5291227886734227,14.734312830236224,0.1619879758488073,700,0.02,10,0.7,0.8,0.5,0.5,0.0,3,0.3333333333333333,0.0303030303030303
42,75,16200,2160,10.430668874472747,0.8982592403115475,1.694956936428588,0.0428967195175094,-0.6180472221445918,14.192626856653778,0.1672525282107219,700,0.05,10,0.7,0.8,0.5,0.5,0.0,1,0.6666666666666666,0.4909090909090908
74,75,16199,2160,9.685958307255348,0.9931687478421998,0.4905851904629833,0.0107570279679655,-0.1674438527797392,13.558973679233482,0.1584366496536853,700,0.05,10,0.7,0.8,0.0,1.0,0.0,1,0.6666666666666666,0.4181818181818181
45,75,16199,2160,9.50560143479704,0.8285084435529306,2.8504499910886447,0.0534174218249313,-0.8958652734451533,15.934053104103166,0.1764689321463524,100,0.1,6,0.9,0.8,0.0,0.5,0.0,3,0.3333333333333333,-0.103030303030303
48,75,16199,2160,10.17904237995162,0.7780488937341752,3.3862934704218195,0.0617531960030277,-0.1998655137877238,15.661871747793976,0.1748713016676631,350,0.02,6,0.9,0.6,0.5,2.0,0.0,2,0.6666666666666666,0.0303030303030303
61,75,16199,2160,10.263712942076245,0.7493326794958255,3.970539675037212,0.0687939676046654,-0.0021631917888573,13.88883848271988,0.1560027660759804,100,0.05,6,0.7,0.8,0.0,0.5,0.0,3,0.3333333333333333,0.5030303030303029
91,75,16200,2160,8.122708514014743,0.8920656852340683,1.744294873747167,0.0388807162511153,-0.5484151427882928,13.852455476406549,0.1492318743790353,700,0.05,6,0.7,0.8,0.5,2.0,0.0,2,1.0,0.7212121212121211
95,75,16200,2160,10.903166070506895,0.9156666223316704,1.5730071754633526,0.0380948887305419,-0.462099857053831,19.665822491104954,0.2177211548894984,700,0.1,10,0.9,0.6,0.5,0.5,0.0,1,0.3333333333333333,-0.0181818181818181
68,75,16200,2160,8.894071509900101,0.8578827348821277,2.3183752094168035,0.0508925892434782,-0.7289934901234332,14.633190582836118,0.165132981146955,350,0.05,6,0.7,0.8,0.5,1.0,0.0,1,0.0,0.5030303030303029
