seed,n_train_catalysts,n_train_samples,n_test_samples,cv_mae_mean,train_r2,train_mae,train_rmse,test_r2,test_mae,test_rmse,hp_n_estimators,hp_learning_rate,hp_max_depth,hp_subsample,hp_colsample_bytree,hp_reg_alpha,hp_reg_lambda,hp_gamma,hp_min_child_weight,ranking_top_3_accuracy,ranking_spearman_corr
8,10,2160,2160,9.032761979721212,0.2158882696924502,6.778778235382504,0.1008074022715838,-0.4739644571650827,10.996633819297507,0.1392431512202601,100,0.02,6,0.7,0.6,0.0,2.0,10.0,2,0.3333333333333333,-0.3497195779097137
5,10,2160,2160,10.870402492202292,0.9999249543830404,0.0770552379109776,0.0011486401018606,-0.3377783494168638,12.147149002231329,0.1617489147621785,700,0.3,6,0.7,0.6,0.0,0.5,0.0,1,0.3333333333333333,-0.0545454545454545
2,10,2159,2160,3.847343631087172,-2.945537674303722e-05,3.6576833075646618,0.0541020492645507,-0.8068426541025375,13.984084882029782,0.1895616385993424,350,0.3,10,0.7,0.6,0.5,2.0,10.0,1,0.0,0.0
9,10,2160,2160,10.742086658124572,0.197240928516266,8.665086505148146,0.1020163159544748,0.1200884061453875,9.728356161647373,0.1200317434585501,350,0.1,10,0.7,0.6,0.0,1.0,10.0,3,1.0,0.4633410831661633
3,10,2159,2160,7.089772597885812,-1.8538502278619973e-05,6.866095942399633,0.0926633247892582,-0.0809162556668015,10.18807225456944,0.1432684954098844,700,0.3,10,0.7,0.8,0.0,1.0,10.0,3,0.0,0.0
6,10,2160,2160,9.35731665001975,0.3603763293715316,7.681295288138919,0.1049707933698839,0.0934028380816526,12.1729126379225,0.148898975548142,350,0.3,6,0.9,0.6,0.0,0.5,10.0,1,0.3333333333333333,0.5205792062953536
15,10,2160,2160,4.414235958708462,0.8372504409489065,1.4596821993990847,0.0261130330036983,-0.6749801607605577,14.790648593285416,0.1995446445902796,100,0.1,6,0.7,0.6,0.5,1.0,0.0,2,0.0,0.1636363636363636
4,10,2160,2160,11.028404962574996,0.1422180127323349,9.660941152749238,0.1264789095710329,0.022043417090812,12.940374966903969,0.1510180262045264,350,0.3,10,0.9,0.6,0.5,1.0,10.0,2,0.6666666666666666,0.493829164658431
14,10,2160,2160,6.10708877545816,-1.6372865571767647e-05,5.436734492425566,0.0743250616699294,-0.001587516841943,6.8861178364577125,0.090897003822355,100,0.3,6,0.9,0.6,0.5,0.5,10.0,3,0.0,0.0
10,10,2160,2160,15.573959981070624,0.1278409179204066,12.211766181521943,0.1459454948897448,0.0869052174029612,11.772285830886275,0.134702981385108,100,0.02,10,0.7,0.6,0.5,0.5,10.0,1,0.6666666666666666,0.4692162648318695
13,10,2160,2160,14.200056908925372,0.4185309752184256,9.566755229808669,0.1127967986732307,-0.6999120037276509,10.540969250996907,0.1274834400570792,350,0.3,6,0.9,0.6,0.0,0.5,10.0,2,0.3333333333333333,-0.0710669054518701
11,10,2160,2160,10.019425901268368,0.9435118141964568,1.540735206633819,0.0324267316877295,-7.119801814484811,14.594905332506256,0.1727482765098222,350,0.05,10,0.9,0.8,0.5,1.0,0.0,3,0.3333333333333333,-0.0307728727448331
7,10,2160,2160,14.321645529888295,0.2002205619720296,11.72911239023562,0.128131704657688,-0.0272034906012053,13.5181115187539,0.1514607486575657,700,0.1,10,0.7,0.6,0.5,1.0,10.0,2,0.3333333333333333,0.0127128345232745
17,10,2160,2160,9.418449648044728,0.1856301875241019,8.330476279082122,0.1090137818092737,-0.060062428656141,9.16140562967018,0.1340088331220651,700,0.3,6,0.9,0.8,0.5,0.5,10.0,1,0.3333333333333333,0.1139605764596379
25,10,2155,2160,7.2198925273146894,-1.5454900248457193e-07,6.257289588644997,0.0786913702782671,-0.426516235176523,12.883458928355466,0.1734402301578691,700,0.3,10,0.9,0.8,0.0,1.0,10.0,2,0.0,0.0
31,10,2160,2160,9.291455456749365,0.997969075367736,0.2275129255860208,0.0049660436105859,0.2710619029720459,8.108921611591295,0.1053831808446553,350,0.02,10,0.7,0.6,0.0,1.0,0.0,3,0.3333333333333333,0.309090909090909
0,10,2160,2160,9.414045594180072,-8.654839779254075e-05,8.839582532070299,0.1037805281655015,-0.0588810406190198,8.8843101672773,0.1098506686554991,700,0.3,6,0.7,0.8,0.5,1.0,10.0,1,0.0,0.0
18,10,2160,2159,7.057240479841001,0.9745527695905198,0.7520357460683186,0.0131616692805087,-0.370668488598719,11.409849890717314,0.136811992465385,350,0.1,10,0.7,0.6,0.5,2.0,0.0,3,0.0,-0.0666666666666666
1,10,2156,2160,14.195414356455654,0.8304268448350162,3.2092144238024294,0.0720310327721032,-0.3297606487760367,11.008559517961933,0.1494698057845595,350,0.02,10,0.7,0.8,0.5,2.0,0.0,1,0.3333333333333333,0.4303030303030302
16,10,2160,2160,14.613560197971486,0.1215305435228457,11.351532117525736,0.1411948468885306,-0.0776838031757891,13.378635173903572,0.1461072037684544,100,0.05,10,0.7,0.8,0.5,0.5,10.0,3,0.6666666666666666,0.4670993664969137
22,10,2149,2160,14.06191411483295,0.3453842494312719,9.7704211249691,0.1148815648336236,0.0615884699890019,11.172282448521369,0.1424423913656079,350,0.05,10,0.9,0.6,0.5,2.0,10.0,3,0.3333333333333333,0.3654108983929806
36,10,2160,2160,4.672679323455619,0.995265058006794,0.2451661358098243,0.0052681988837472,-0.6221740320249958,14.94351995336753,0.2159358022843371,350,0.02,6,0.9,0.6,0.0,2.0,0.0,1,0.3333333333333333,-0.3212121212121211
20,10,2160,2160,9.548279479874504,0.6935849902369963,3.538409761124188,0.0659129930270223,0.0795753033063324,9.819675220825054,0.1342374654814586,100,0.02,6,0.7,0.6,0.0,0.5,0.0,2,1.0,0.6139845991168652
21,10,2160,2160,15.731473393263638,0.4591388809827964,10.654385855639424,0.1240167956496289,-2.2069442042823275,14.682816316110117,0.1598020753690337,350,0.3,10,0.7,0.6,0.0,0.5,10.0,1,0.3333333333333333,-0.2027307058957378
35,10,2160,2155,16.3665322028266,0.2732709053820269,11.260715542016204,0.1374408524635066,-0.3124903381612989,12.104161755059543,0.1457235393017318,100,0.05,6,0.7,0.6,0.0,1.0,10.0,3,0.3333333333333333,-0.1505597584019682
24,10,2160,2160,10.168915971224434,0.9275202646445384,1.237858442895713,0.0423553708320339,-0.613681965299582,14.144209935843117,0.1714604880325018,100,0.1,10,0.7,0.6,0.0,0.5,0.0,3,0.3333333333333333,0.6121212121212121
43,10,2160,2159,10.122869557981137,-3.023558514669844e-09,9.413507658993757,0.1203552164324467,-0.0104068568426007,10.349307445775253,0.1288520265624364,100,0.02,6,0.7,0.6,0.5,0.5,10.0,2,0.0,0.0
29,10,2160,2156,7.082577147859363,0.879084212291994,1.9986355208836497,0.0533378153953423,-1.217840697257834,17.507609659626883,0.1859490570937373,350,0.02,6,0.7,0.6,0.0,0.5,0.0,3,0.0,-0.4680872686336497
33,10,2160,2160,6.758440281638393,-2.6376578853293253e-05,5.7027058569590245,0.0854723275074569,-0.0054264595009854,6.207939174793385,0.0795987860037517,700,0.3,6,0.7,0.8,0.5,1.0,10.0,3,0.0,0.0
28,10,2160,2160,10.923045649881717,-1.2734255232516034e-05,10.761294877264236,0.1349452601292134,-0.3264323261981419,10.387254471072444,0.1143811917459512,700,0.1,10,0.7,0.6,0.5,2.0,10.0,3,0.0,0.0
41,10,2160,2160,11.622553204430474,-1.8760101827552947e-07,10.929905083091173,0.1353261242677563,-0.1068666713771149,11.515017475728635,0.1349039724111594,100,0.02,10,0.7,0.8,0.5,1.0,10.0,1,0.0,0.0
51,10,2157,2160,12.925688710089204,0.4481619862080875,9.736175192911205,0.1225351035944214,-0.1376993906204067,6.727188685999976,0.0768208660189011,700,0.1,6,0.7,0.6,0.0,0.5,10.0,3,0.0,0.0
30,10,2160,2156,12.203994952594792,0.9030540097565564,3.1950758790528333,0.0510303884126367,-0.9692264605123806,16.32516588149575,0.1986743219527321,100,0.02,10,0.9,0.8,0.0,2.0,0.0,1,0.3333333333333333,0.0425533880576045
12,10,2146,2160,12.054508427493326,0.2422794166622802,9.762927557882149,0.1211479798329273,-0.0190994470842658,9.980972025835957,0.129788382238002,350,0.05,10,0.7,0.6,0.5,1.0,10.0,3,0.3333333333333333,-0.2901294265928297
34,10,2160,2157,11.7215172888173,0.9481136657954942,1.178941679595602,0.031980918491808,0.0348327004440548,11.369101883466175,0.1536547890862735,350,0.05,10,0.7,0.8,0.5,0.5,0.0,2,0.3333333333333333,0.3454545454545454
49,10,2160,2157,7.151881098810127,0.9784474316277876,0.8123496348789807,0.0172449668586936,-2.440254757537818,18.722135744746737,0.2341554847972721,700,0.1,6,0.9,0.8,0.5,0.5,0.0,2,0.0,-0.5757575757575757
19,10,2160,2157,9.089881970617506,0.2682137620067548,7.721126590304904,0.0989071803466281,-0.0140935983516108,9.766394746309084,0.1160081127496704,350,0.3,10,0.7,0.8,0.5,1.0,10.0,3,0.0,0.0
57,10,2160,2160,7.642742051253649,0.9829429094203646,0.7149856799867229,0.0158408505163789,-0.3701023261302161,7.004973568641709,0.1260087088426303,350,0.3,6,0.7,0.6,0.5,0.5,0.0,1,0.6666666666666666,0.4924034903808523
58,10,2159,2160,13.979467016815722,0.1416602583989377,11.889817716678904,0.1353807062134033,-0.0133364645740179,9.060367597297386,0.1111769197300523,100,0.02,6,0.7,0.8,0.5,1.0,10.0,1,0.6666666666666666,-0.0498638394671177
26,10,2160,2160,9.04437456019085,0.8140099436404442,2.152198745118329,0.0558771936731934,-0.2580387653015301,12.5800115153635,0.1441535981631599,100,0.3,6,0.7,0.6,0.5,0.5,0.0,2,0.6666666666666666,0.7781190959104828
38,10,2153,2160,4.683862075737923,-6.138489716533968e-11,4.44767777734837,0.0578435128004796,-0.2645831684520456,9.591238953978928,0.1358984724638433,100,0.3,6,0.9,0.6,0.0,1.0,10.0,3,0.0,0.0
44,10,2156,2160,8.964923697688167,0.1928589570601169,7.851027278864761,0.1100603041408647,-0.1441896093505523,11.660642779844778,0.167560393380052,100,0.3,6,0.9,0.8,0.0,0.5,10.0,1,0.0,0.0
53,10,2160,2160,11.40020312662478,0.0411975287067145,10.633557649541784,0.1225681801591178,-0.0727194328640006,12.554108001214486,0.1401662704654535,100,0.05,10,0.7,0.6,0.5,0.5,10.0,3,0.3333333333333333,-0.2611164839335467
39,10,2160,2157,15.347163168523045,0.9363730277247844,2.77113337068646,0.0406346256590048,-0.582414855353478,15.598645144654029,0.196739553031188,100,0.02,10,0.9,0.8,0.0,0.5,0.0,2,0.3333333333333333,0.2484848484848484
55,10,2160,2160,10.753494925940478,0.2407943212234308,8.490982324988753,0.1089169563181123,-0.0496599371920252,8.88429573889132,0.1237594876631576,350,0.3,10,0.7,0.6,0.5,2.0,10.0,2,0.0,0.0580258853185659
62,10,2160,2157,9.920133556065805,0.9715365574572976,1.1978078938469383,0.0255804014564038,-1.143027420421114,12.935980842137814,0.1590227631806002,350,0.1,10,0.7,0.6,0.5,1.0,0.0,3,0.0,-0.2242424242424242
32,10,2146,2160,11.62999687935996,0.8952685029760643,2.2547863173528717,0.0546287584783832,0.2351254581523066,9.38202197435198,0.1310052707005359,100,0.3,10,0.7,0.8,0.5,2.0,0.0,2,0.6666666666666666,0.6242424242424242
37,10,2149,2160,12.961820564973507,0.2804082852946875,9.847257816941308,0.1114714914183523,-0.0620278874079187,13.370767611397635,0.1527449482594591,350,0.3,6,0.7,0.8,0.5,0.5,10.0,3,0.3333333333333333,0.2667174748345406
52,10,2157,2157,16.33134674560356,0.9661228926854978,1.4333666944624728,0.0326613707150471,-1.4137411490565643,18.30638519024355,0.2172283267451175,100,0.3,6,0.7,0.6,0.0,2.0,0.0,3,0.3333333333333333,0.1999999999999999
71,10,2160,2149,10.897737353377874,0.1337118454709158,9.642474865825088,0.1264077614368371,-0.12758828188578,12.87410300624487,0.1646505946484597,700,0.1,6,0.7,0.8,0.5,2.0,10.0,1,0.3333333333333333,-0.0381024964049343
40,10,2160,2160,12.73994704393338,0.7331268591744945,4.822857499882564,0.0896285735081069,-0.3049580712840649,9.27042365121086,0.1246197700606033,350,0.02,6,0.7,0.8,0.5,0.5,0.0,1,0.3333333333333333,0.1999999999999999
45,10,2160,2160,8.104163065994227,0.9998748157913926,0.0835552879040457,0.0012777318289631,-0.1828820521940501,14.855401881655885,0.1727191051198158,100,0.3,10,0.9,0.8,0.0,1.0,0.0,2,0.0,-0.0181818181818181
65,10,2160,2160,11.240581833168312,-1.81921714803579e-07,10.575092760721844,0.1246215944505381,-1.832744020463065,10.840416976257607,0.113101347647514,100,0.02,6,0.7,0.6,0.0,1.0,10.0,1,0.0,0.0
69,10,2160,2160,3.8439684672708863,-5.125060622557243e-07,3.558274303233182,0.0544871768378943,-0.3531506014937591,10.108147331917728,0.158475720837291,350,0.1,6,0.9,0.8,0.5,0.5,10.0,1,0.0,0.0
27,10,2160,2160,10.266747699313694,0.0517804585750875,9.092951917295103,0.1086219199827764,-0.039201345232456,8.641690307193333,0.1101651155371319,100,0.05,10,0.7,0.8,0.5,0.5,10.0,1,0.0,-0.0870388279778489
56,10,2160,2160,11.48634205396908,0.8982883256631262,2.0527149705620737,0.0508150543845423,-0.0187641763271459,9.422671580680644,0.134849249782384,350,0.02,6,0.7,0.8,0.0,2.0,0.0,1,0.6666666666666666,0.6121212121212121
66,10,2160,2160,10.243987398115848,0.9819566319814732,0.7675294713005322,0.0179756757480773,-1.9135013003651176,12.402453863177088,0.1450211790935046,700,0.3,10,0.9,0.6,0.5,2.0,0.0,3,0.6666666666666666,0.6727272727272726
54,10,2160,2160,9.894298131245154,0.7674343725222672,4.034708365312329,0.0666118977693096,-2.085212578829043,10.21031794510506,0.1308977327638482,100,0.02,6,0.7,0.8,0.5,2.0,0.0,3,0.3333333333333333,0.085106776115209
42,10,2160,2160,12.762409016733509,0.852840858421579,2.3325179127514084,0.0607371660736917,-0.1356125699320873,10.54665050238371,0.1586847018348239,350,0.02,10,0.9,0.8,0.5,2.0,0.0,3,0.3333333333333333,0.2848484848484848
73,10,2160,2160,14.31003130224016,0.2977973797021668,9.920483041869268,0.1266804474476995,0.1730311234323103,9.634426489759376,0.1088766078871244,350,0.02,10,0.7,0.8,0.0,1.0,10.0,1,1.0,0.7653454385433384
82,10,2160,2160,7.895732010856392,0.9999319894966386,0.0590204193052682,0.0009550996660013,-0.9252541064455324,11.404167308217618,0.1494305999536397,700,0.3,10,0.9,0.8,0.0,1.0,0.0,2,0.0,-0.2606060606060606
68,10,2160,2160,7.963387554652203,0.9854180683102112,0.7455450628880282,0.0145065145806621,-3.5878136100266103,12.5063384619527,0.16404439201634,100,0.3,6,0.9,0.8,0.5,2.0,0.0,3,0.3333333333333333,-0.4133757697024439
48,10,2160,2160,11.598792444092258,0.6168467459301414,5.74261441623723,0.0959929605757735,-0.1993963677006043,7.636474301947486,0.1007614369372817,100,0.02,10,0.9,0.6,0.5,0.5,0.0,1,0.3333333333333333,0.2848484848484848
60,10,2160,2160,12.121069227854411,0.0545301817564303,10.683168796609948,0.1333667442716588,-0.1231960678338124,12.195684902756302,0.13607780357886,100,0.02,6,0.7,0.6,0.0,0.5,10.0,3,0.3333333333333333,0.3853373177942261
50,10,2160,2160,10.246680139788875,0.8418326458635604,3.548220463549649,0.0466687963321764,-0.5495923776349181,9.741848263343174,0.1107788269852539,100,0.02,10,0.9,0.6,0.5,2.0,0.0,1,0.3333333333333333,0.309090909090909
70,10,2157,2159,7.510692861139451,-2.210047829587225e-05,7.06415009089626,0.0984583526154061,-0.1860427159843869,8.85351844034906,0.1150156251423512,350,0.3,6,0.7,0.6,0.5,1.0,10.0,2,0.0,0.0
64,10,2160,2160,15.783800428685112,0.8728883973270072,3.050539948104781,0.0660565203967134,-0.6513507070814528,13.884138257000767,0.1753582700098761,350,0.05,10,0.7,0.8,0.5,1.0,0.0,3,0.0,0.2969696969696969
74,10,2160,2156,16.246171744311297,0.2641526689037975,10.624955032136706,0.1339530740166525,-0.0909527509266017,9.966723980310896,0.1127727702621362,100,0.02,6,0.7,0.8,0.0,0.5,10.0,1,0.6666666666666666,0.671721498941343
23,10,2159,2160,17.62772382942643,0.1957026844120865,13.09870749072048,0.1478549297438016,-0.167659316915989,11.34647100324984,0.1297568998976597,700,0.02,10,0.7,0.6,0.0,0.5,10.0,3,0.6666666666666666,0.3675772505379449
76,10,2157,2160,13.727509550002845,0.3768329630475743,9.77495463640534,0.1211941752183258,-0.1087359521548974,9.017394630644056,0.1045774760432978,700,0.3,6,0.7,0.6,0.5,2.0,10.0,1,0.3333333333333333,0.1139605764596379
83,10,2160,2160,9.99736948384179,-1.1194763738231472e-07,9.52078458874314,0.1150319520226065,-0.183086407289009,11.14510097750911,0.1369550842223924,100,0.02,6,0.7,0.6,0.5,0.5,10.0,2,0.0,0.0
78,10,2160,2160,10.74911741874836,0.2581036620072641,8.288530129503322,0.1045415749896286,-0.111512076087473,9.160916208691068,0.1137118734648227,350,0.05,6,0.7,0.6,0.5,2.0,10.0,2,0.0,-0.1470498005638432
59,10,2160,2160,9.165051343464553,0.9747509248653308,0.8326934976591319,0.0182948075593373,0.2343774998216391,9.792374953818864,0.1380225103318446,700,0.3,6,0.9,0.6,0.5,2.0,0.0,2,0.6666666666666666,0.6848484848484848
61,10,2157,2160,12.573478985002591,0.873370871150499,2.754912613282165,0.0582600715682731,-1.4866907435170749,18.991308431592977,0.2323130188473827,100,0.05,6,0.7,0.8,0.0,2.0,0.0,2,0.0,-0.2242424242424242
75,10,2160,2160,7.852883016602827,0.7652803613852133,2.0706796085066084,0.0587670404264891,-0.4890629362361582,11.390035007687034,0.1462360163292656,100,0.1,10,0.7,0.6,0.5,0.5,0.0,1,0.3333333333333333,-0.1757575757575757
80,10,2160,2160,12.795249701429295,0.2498184585397961,10.34540167702569,0.1230792782098782,-0.2499829259960235,10.931794786100037,0.132286393464383,350,0.1,10,0.7,0.8,0.5,2.0,10.0,3,0.0,0.0
67,10,2160,2160,12.198875279956392,-1.3037238651092409e-05,11.460688256864197,0.133982870640652,-3.4520424481040948,13.588675674155908,0.1431860708569086,100,0.1,6,0.7,0.6,0.0,0.5,10.0,1,0.0,0.0
46,10,2160,2160,17.04575740125444,0.2253137155586437,12.326532245212132,0.1391937892081558,-0.2140261058261381,12.719535718847204,0.1396258236309978,100,0.02,10,0.7,0.8,0.5,2.0,10.0,3,0.6666666666666666,0.2808418212474231
47,10,2160,2160,11.920040221522838,0.8237325913385622,3.851076892458282,0.0830980020055501,-2.561742566341946,15.817098784137656,0.1944581688106108,100,0.05,6,0.9,0.8,0.0,2.0,0.0,2,0.3333333333333333,0.0909090909090908
88,10,2160,2160,7.460335013071696,-1.168846588406325e-07,7.063886730052807,0.086316120853919,-0.1862658581914069,12.76646722864222,0.1639066414985827,350,0.1,10,0.9,0.8,0.5,1.0,10.0,3,0.0,0.0
63,10,2160,2160,12.42956861284044,0.0803160374967025,11.123297810024686,0.1322836260361147,-0.0723774586993062,12.628849656316968,0.1421666026785953,700,0.02,6,0.7,0.8,0.5,1.0,10.0,1,0.0,-0.4172093210150971
94,10,2160,2160,13.207838446475842,0.5880203659038881,6.8493147708751545,0.0910821703347279,-0.1628480158420362,9.627830880482993,0.1328134265995809,350,0.02,10,0.7,0.6,0.0,2.0,10.0,3,0.3333333333333333,0.2018141917747492
87,10,2160,2160,11.747199058002897,-2.2965020507470518e-07,10.305670573446486,0.1233656000384216,-0.0248856070076808,9.37766450987922,0.1227824742198063,100,0.02,10,0.7,0.8,0.5,2.0,10.0,2,0.0,0.0
84,10,2160,2160,4.743508002875648,0.9230294605882844,0.8832207236513744,0.0187353397514651,0.1575348007089309,9.759121981635085,0.1378195629132867,100,0.3,10,0.9,0.6,0.5,1.0,0.0,2,0.6666666666666666,0.7696969696969697
85,10,2149,2157,12.352012979848368,0.5010643746664754,7.383886489939168,0.0933116357152871,-1.652809845182662,12.566714244271298,0.1573596314687682,700,0.3,10,0.7,0.8,0.0,0.5,10.0,1,0.3333333333333333,-0.2444506035193523
77,10,2160,2159,14.605627735279224,0.1933576028690664,11.910656814221982,0.149425105982627,-0.4903542541091421,10.692155652490133,0.1194331666803013,350,0.05,6,0.7,0.6,0.0,0.5,10.0,3,0.6666666666666666,0.1556997888323045
72,10,2160,2148,13.983393620715166,0.9320455959227292,1.7644271788623236,0.0420543978278872,-6.864224584621685,19.32633976208209,0.2147889124341481,700,0.3,6,0.7,0.6,0.5,2.0,0.0,3,0.3333333333333333,0.3497195779097138
81,10,2160,2160,10.565109229630066,0.9455832168839762,1.4628195765063476,0.0333707071087224,-1.4611656258498231,13.63708310848378,0.178103265191783,100,0.3,10,0.7,0.6,0.5,0.5,0.0,2,0.0,-0.0424242424242424
79,10,2160,2160,8.293170290693157,0.9578764789856246,1.1370793131726074,0.0262847806579534,-0.2055302523299556,9.024978961931128,0.1083955746426782,350,0.3,6,0.7,0.8,0.5,0.5,0.0,1,0.6666666666666666,0.3212121212121211
86,10,2160,2160,14.483929242911165,0.4247812017332668,10.008874750049028,0.1234880850076322,0.0399689889541277,13.74403616472527,0.1527703846003499,350,0.3,10,0.9,0.6,0.0,2.0,10.0,1,0.3333333333333333,0.3329001514305915
90,10,2160,2160,8.706869523400027,0.9541591746100476,1.322200029944932,0.0260496182135523,-1.0517240861324375,8.132115693004042,0.1239995975526207,100,0.05,10,0.9,0.8,0.5,2.0,0.0,3,0.3333333333333333,0.0674897431053833
93,10,2160,2160,10.358574008985284,0.999740283250155,0.0937577124498441,0.0020064191979762,0.0984934999860764,8.17507767238361,0.1028935355427604,700,0.3,10,0.9,0.6,0.0,0.5,0.0,3,0.3333333333333333,0.7234075969792768
92,10,2160,2160,13.743703059173294,0.8462004741085751,2.989923178023525,0.0632902326033215,-3.1501729088863444,13.442044526541638,0.1613482783213493,100,0.3,6,0.7,0.8,0.5,0.5,0.0,3,0.3333333333333333,0.2012232529953043
98,10,2160,2160,18.108270991566005,0.9783280710202158,1.1907130062305025,0.0257467370568312,-0.4651026171940138,13.531981526105492,0.1576981389623472,350,0.05,10,0.9,0.6,0.5,2.0,0.0,3,0.0,0.2363636363636363
89,10,2160,2160,12.924345293045045,0.3432847178906689,9.939867189195422,0.1274845154185768,-0.1342134952074027,9.030472655561235,0.1018437044351134,100,0.1,6,0.9,0.6,0.5,2.0,10.0,3,0.0,0.0432172875503037
95,10,2160,2160,9.885813956437286,0.1451379699619533,8.379240484944098,0.1144415425867225,-0.086243108990073,13.672417313257856,0.1680215369505635,350,0.1,10,0.9,0.6,0.5,2.0,10.0,1,0.3333333333333333,0.1740776559556978
96,10,2160,2160,10.173914457603738,0.2787671298368065,8.330969205079255,0.109889484200079,-0.2647194406163522,12.96356463900319,0.1598509512372007,350,0.1,6,0.7,0.6,0.5,1.0,10.0,2,0.3333333333333333,-0.0870388279778489
97,10,2160,2160,11.257360973711368,0.1915762327635022,9.77127678906476,0.1223677409684815,0.1900794240379275,12.810543123174597,0.1414719542871247,350,0.3,6,0.7,0.8,0.0,0.5,10.0,1,0.6666666666666666,0.497468338163091
99,10,2160,2159,7.676702388657465,-1.4396604408828397e-05,7.3842653458206735,0.1047342737379176,-0.292062277438561,8.032372591726313,0.1111237202257126,700,0.3,10,0.9,0.6,0.0,0.5,10.0,1,0.0,0.0
91,10,2160,2160,9.68923123443568,0.8596002699496823,3.034688160364275,0.047065058272239,-0.7499531572788773,7.699982051496153,0.0988756529463103,100,0.02,10,0.7,0.8,0.5,0.5,0.0,2,0.0,0.2006088294144213
0,5,1080,2160,10.144258550153312,0.8614022159073076,2.3812829555308923,0.040456491667295,-0.5547161133083742,9.76351537649205,0.1331081564492779,100,0.05,6,0.7,0.8,0.5,2.0,0.0,1,0.0,0.1151515151515151
2,5,1079,2160,5.602711797290377,-4.9263945182342894e-05,4.751441623680673,0.0690829318848332,-0.7290147771282658,13.69980716449243,0.1854341165114271,350,0.3,10,0.7,0.6,0.5,2.0,10.0,1,0.0,0.0
3,5,1079,2160,9.108919131021889,-3.3454941971378105e-05,8.544546641366585,0.110150298549976,-0.0332857570094291,10.716052121762877,0.1400763760375663,350,0.3,10,0.7,0.6,0.5,0.5,10.0,2,0.0,0.0
6,5,1080,2160,12.963843686492352,0.0484187721872101,11.198592537067556,0.152109105503149,-0.0236304465407821,13.237451732776783,0.1582180871520973,700,0.05,6,0.7,0.8,0.5,1.0,10.0,1,0.0,-0.3055632543991904
8,5,1080,2160,12.689388986119516,0.4235683073778333,7.732992580555103,0.1073815601325359,-0.5035215224655014,10.92892541938358,0.1406323267930921,350,0.3,10,0.7,0.8,0.0,0.5,10.0,3,0.0,-0.0580258853185659
9,5,1080,2160,15.592414421858612,0.1784052802070777,11.132954507050693,0.1230023067409719,0.03404308652325,10.706094215887566,0.1257637480293467,350,0.02,6,0.7,0.6,0.0,2.0,10.0,3,1.0,0.4633410831661633
5,5,1080,2160,8.994456728122852,-4.792356696770028e-05,7.613538171980116,0.1012958719827045,-0.1937900887697627,10.448244840480664,0.152796455017069,700,0.3,6,0.7,0.8,0.5,1.0,10.0,1,0.0,0.0
1,5,1080,2160,14.282758786788694,0.7961335518768555,4.898562592160371,0.0966780549577044,-3.300734929089252,22.114822959138284,0.2688054500692631,350,0.02,10,0.7,0.8,0.5,2.0,0.0,1,0.3333333333333333,0.0787878787878787
10,5,1080,2160,17.518126845183197,0.1690156366668298,13.15690759588171,0.1509305318415904,0.0015843931818,12.2356676280057,0.1408558724686716,100,0.02,10,0.7,0.6,0.5,0.5,10.0,1,0.3333333333333333,0.045570946529782
7,5,1080,2160,12.879070532111522,0.9701885509841736,1.306276098200103,0.0257648621733607,-0.3487040978889359,13.33533164513858,0.1735522284332839,100,0.3,10,0.7,0.8,0.5,1.0,0.0,3,0.6666666666666666,0.1757575757575757
4,5,1080,2160,11.636268690427144,-4.371790458579383e-05,10.378666789090191,0.1441587674856115,-0.0691466806801497,13.085752828032884,0.1579020064348452,350,0.3,6,0.7,0.8,0.5,0.5,10.0,1,0.0,0.0
11,5,1080,2160,8.659475514547967,0.9094775924599972,1.67995348360217,0.0332094180435254,-6.310092305744179,14.40228497027247,0.1639088634873283,350,0.3,10,0.7,0.6,0.5,2.0,0.0,1,0.0,0.3077287274483318
14,5,1080,2160,7.922731236485696,0.9567589141269036,1.2181970161109024,0.0194910859010137,-0.0769432446212663,7.500755180015608,0.0942543764675249,700,0.02,6,0.7,0.6,0.5,0.5,0.0,1,0.3333333333333333,0.2242424242424242
16,5,1080,2160,12.618964206289364,0.9167351232566212,3.090389075809055,0.0413789503162201,-0.9953432231420568,17.618135530595424,0.1988084120650489,100,0.02,6,0.9,0.6,0.5,1.0,0.0,2,0.3333333333333333,-0.0424242424242424
15,5,1080,2160,3.490525489490893,0.7407666256738803,1.4192044042285394,0.0226858957340793,-1.17076324827667,17.755356726934785,0.227165028188586,100,0.05,10,0.9,0.6,0.5,1.0,0.0,3,0.0,0.1272727272727272
12,5,1069,2160,14.46669325028076,0.9944374942119308,0.4788099207315919,0.0123836265511554,-0.2748348800128073,10.685433640977791,0.1451625220092778,700,0.3,6,0.9,0.6,0.0,2.0,0.0,1,0.6666666666666666,0.8181818181818182
13,5,1080,2160,15.63600668447989,0.5305828115800296,8.98093056290238,0.1085216016356685,-0.3542873578408496,9.804912011888293,0.1137878694942147,350,0.3,10,0.9,0.8,0.0,1.0,10.0,3,0.6666666666666666,0.3971182483309582
17,5,1080,2160,3.2669068902482588,0.9906586046764017,0.2173568576754446,0.0044580005123826,-0.2342962801030479,9.102082169138347,0.1446030370942153,700,0.02,6,0.7,0.6,0.0,1.0,0.0,3,0.0,-0.006060606060606
19,5,1080,2157,9.50141321093948,-0.0001469993308835,7.905198333881519,0.0945750646887893,-0.015252697829942,9.789830405279943,0.1160743919087585,700,0.3,10,0.7,0.8,0.0,1.0,10.0,2,0.0,0.0
21,5,1080,2160,19.360546695838373,0.990037199539112,0.6477476150317428,0.0199145811791163,-4.670987153664505,15.182335516145404,0.2125034792540973,350,0.02,10,0.7,0.8,0.0,1.0,0.0,1,0.3333333333333333,-0.2969696969696969
22,5,1069,2160,10.92142438093821,-0.0001966581316747,9.051848517365274,0.1123463534578297,-0.026445198803358,11.015272928873696,0.1489739977641209,100,0.3,6,0.7,0.8,0.0,2.0,10.0,3,0.0,0.0
18,5,1080,2159,8.279518635780724,0.997609159695854,0.2405041399235402,0.0044242010545835,-0.34236157857918,10.85969995840825,0.1353919084902872,700,0.02,6,0.7,0.6,0.0,1.0,0.0,1,0.0,-0.0545454545454545
23,5,1079,2160,15.8585640174938,0.2639115959470061,12.188969284920256,0.1370337237735752,0.0009097833962866,10.8390921942393,0.1200258360128903,350,0.3,10,0.7,0.6,0.5,1.0,10.0,3,0.3333333333333333,0.4351941398892446
26,5,1080,2160,5.309178890828733,0.8925903834716016,1.378504253581718,0.0209789668902876,-0.1645086516966927,10.112758186139445,0.138691496731062,100,0.02,10,0.7,0.8,0.5,0.5,0.0,2,0.6666666666666666,0.395138603392042
33,5,1080,2160,10.277615229288738,-1.0582842663975356e-05,8.316134222525138,0.1116107992465874,-0.0390815216521249,6.9849621638545285,0.0809200420711501,700,0.1,10,0.7,0.8,0.0,1.0,10.0,2,0.0,0.0
30,5,1080,2156,16.872704871142354,0.2965967142022682,11.212476412102026,0.1323250298215192,-0.0846146476839853,12.70144801396386,0.1474455401404355,700,0.02,6,0.7,0.6,0.0,0.5,10.0,2,0.3333333333333333,-0.0743123097079961
20,5,1080,2160,12.522064099841648,-0.0001778669560665,11.197437660076,0.143271459096378,-0.0801650981702675,11.013012268278333,0.1454201815117772,350,0.3,10,0.7,0.6,0.0,1.0,10.0,1,0.0,0.0
32,5,1077,2160,12.1127596788675,0.0962173135702006,10.335313558888416,0.1465602681264948,-0.1496464460485707,12.726808896417973,0.1606111961009724,100,0.1,10,0.7,0.6,0.0,2.0,10.0,3,0.3333333333333333,-0.1740776559556978
27,5,1080,2160,4.220746569666339,0.9697596058266196,0.8028833101805368,0.0137920626278194,-0.1517984585131586,8.67217028881613,0.1159798360834072,700,0.02,10,0.9,0.6,0.5,1.0,0.0,3,0.3333333333333333,0.0909090909090908
25,5,1080,2160,9.368234144140173,-2.380021931602805e-05,7.73441056251526,0.093557948604645,-0.3474602797934667,12.65051181598946,0.1685658006889226,100,0.3,10,0.7,0.8,0.0,0.5,10.0,2,0.0,0.0
31,5,1080,2160,12.859617531387894,-8.517342662051064e-06,10.836475796169704,0.1196784614919358,-0.1061682109205022,10.962680493637368,0.1298184936389653,100,0.3,6,0.7,0.8,0.0,1.0,10.0,1,0.0,0.0
36,5,1080,2160,9.074257257073011,-0.0001678354433425,7.326459349879512,0.095787898267058,-0.3480438480319692,14.612688357211924,0.1968466107118656,350,0.3,10,0.7,0.6,0.0,1.0,10.0,3,0.0,0.0
35,5,1080,2155,8.086321950135408,-6.480537595443536e-07,7.075737009931494,0.1037046340456241,-0.0283839042392681,9.317734057831377,0.1289909640393673,700,0.1,6,0.9,0.6,0.5,1.0,10.0,3,0.0,0.0
29,5,1080,2156,15.312130752139623,0.7585411763382816,4.260857624424001,0.0825918078058225,-2.1428055642792336,20.663640147878866,0.2213540961205181,350,0.02,10,0.7,0.6,0.5,1.0,0.0,1,0.0,-0.2613993837824278
38,5,1076,2160,3.970321436408181,0.8376013711507557,1.4821714159835226,0.0230024453807138,-0.313262999546366,9.55578318114634,0.1384894628655741,100,0.02,10,0.9,0.6,0.0,2.0,0.0,2,0.3333333333333333,-0.0425533880576045
28,5,1080,2160,8.903379929551372,0.85247635146124,2.909089694023133,0.0377518597780043,-0.6764739817581866,10.831654820994094,0.1285909714757144,100,0.02,6,0.9,0.8,0.5,1.0,0.0,3,0.3333333333333333,-0.0666666666666666
24,5,1080,2160,16.538497738937536,0.8755261978995575,2.7550165776351707,0.0667221162511478,-1.4257969195126838,17.78405346012571,0.2102240037273106,700,0.3,10,0.9,0.6,0.5,2.0,0.0,3,0.6666666666666666,0.5151515151515151
43,5,1080,2159,1.3911622639276362,-2.1565051773198007e-06,1.2556378063007636,0.0193468933151681,-0.3371652534154163,8.571796434502074,0.1482298443136617,700,0.3,6,0.7,0.6,0.5,0.5,10.0,2,0.0,0.0
37,5,1069,2160,3.4908378255367283,-2.794820880480664e-05,3.3998138191323064,0.0671845501722903,-0.1517827595518392,8.920618331697252,0.1590684986404184,100,0.3,10,0.7,0.8,0.5,1.0,10.0,2,0.0,0.0
34,5,1080,2157,9.758116971902826,0.9975151518239128,0.2370384004301626,0.0051735928514368,-0.0124534733906314,12.879571990169133,0.1573737662670239,700,0.02,10,0.9,0.6,0.0,2.0,0.0,3,0.3333333333333333,0.0787878787878787
39,5,1080,2157,12.6142585322592,0.8680249192070704,3.981036768180352,0.0582376965409411,-0.4541616437223623,15.933334199863834,0.1885983319337491,100,0.02,6,0.7,0.6,0.0,0.5,0.0,1,0.3333333333333333,0.5515151515151515
41,5,1080,2160,12.351893474790783,-5.8978841144252676e-08,10.510663433428164,0.124889314125504,-0.2171089962789569,12.479550300350896,0.1414626596757747,350,0.3,6,0.7,0.6,0.0,2.0,10.0,2,0.0,0.0
45,5,1080,2160,9.218747300836773,0.985706413280566,0.7622770636721893,0.0146934345789608,-0.0596743536573942,14.362156122371005,0.1634767028412947,100,0.05,6,0.9,0.8,0.0,0.5,0.0,1,0.0,0.4909090909090908
42,5,1080,2160,9.336975473827788,0.9523378294245988,1.5857619637030145,0.0292302564985799,-0.1046432162952739,12.237112832908275,0.1565059955842241,100,0.05,10,0.7,0.6,0.5,1.0,0.0,2,0.3333333333333333,0.1515151515151515
51,5,1080,2160,3.840376752659127,-1.1359986006098666e-05,3.712988235332348,0.0661277357794939,-0.0328557333553838,5.203567125532362,0.0731956494137355,350,0.3,10,0.9,0.6,0.0,0.5,10.0,1,0.0,0.0
40,5,1080,2160,15.929758730362412,0.7568236733983489,5.086971912307932,0.0912318838654118,-0.9297952176232892,11.816492536949095,0.1515459308179394,100,0.3,10,0.9,0.8,0.5,2.0,0.0,2,0.3333333333333333,-0.0424242424242424
49,5,1080,2157,11.805928365924672,0.997794865716829,0.2846297528047822,0.0072636504410103,-1.6569057379470151,16.116149438988984,0.2057771302739623,100,0.1,10,0.9,0.6,0.0,2.0,0.0,3,0.0,-0.3333333333333332
46,5,1080,2160,13.057800627991009,0.64417019689514,6.423210844287166,0.092727139460698,-0.398136938599849,13.476119546183831,0.1498395948393541,100,0.02,6,0.7,0.6,0.5,1.0,0.0,3,0.3333333333333333,0.742387174159217
47,5,1080,2160,20.837012598956072,0.1614111691774482,17.47210654647262,0.1961756807126473,-4.609223273315796,23.92140718248156,0.2440317262672335,700,0.3,6,0.7,0.6,0.0,2.0,10.0,2,0.0,0.0
53,5,1080,2160,12.139737604988946,-3.541595630540684e-06,10.603316478022824,0.1209672781049344,-0.1417184958850947,13.242723113519174,0.1446038853325168,350,0.05,6,0.7,0.8,0.5,0.5,10.0,3,0.0,0.0
44,5,1080,2160,7.725104207534136,0.5349915430798807,4.960248389580736,0.094805599988309,-0.4493681534648361,13.868249900736632,0.1885869899452349,350,0.02,6,0.9,0.6,0.5,0.5,0.0,1,0.0,-0.5878787878787878
48,5,1080,2160,12.269665790840431,-6.897193483679232e-06,11.424233380070438,0.1432509996887714,-0.0084640772254978,7.95985252239086,0.0923938797147009,700,0.3,10,0.9,0.8,0.5,1.0,10.0,1,0.0,0.0
57,5,1080,2160,14.418865353443003,0.0992699742508458,11.680085456636215,0.1360779129006856,-0.1493252198536154,9.80868643230862,0.1154105546051309,700,0.02,6,0.7,0.6,0.0,0.5,10.0,1,0.3333333333333333,-0.0762049928098687
54,5,1080,2160,13.428609138241518,-1.0887046946184142e-06,12.09165311212893,0.1469884880556126,-0.7666309168527103,9.28266979712027,0.0990518271043967,700,0.3,6,0.7,0.6,0.5,2.0,10.0,3,0.0,0.0
52,5,1077,2157,22.188574032253687,0.4731320100338239,12.15772827205109,0.1384537112160447,-0.2126551366501192,13.79307004878186,0.1539712959515117,350,0.05,10,0.7,0.6,0.0,1.0,10.0,2,0.0,-0.1049562697650234
59,5,1080,2160,7.150897334063494,-0.0001779716860754,6.126388453730831,0.0733742896570528,-0.0945707929205488,12.833292191823324,0.1650306102913339,100,0.3,6,0.9,0.8,0.0,1.0,10.0,3,0.0,0.0
55,5,1080,2160,1.8487359215609764,0.8963210740156347,0.6138983630460548,0.0104325569894774,-0.6297852326747482,10.334547282801347,0.1542124302085202,100,0.3,6,0.9,0.6,0.5,1.0,0.0,2,0.0,-0.1272727272727272
58,5,1079,2160,6.964093135213766,0.9735357335067736,0.8514502328061291,0.0160189858858249,-0.4549130890035029,10.313382265840968,0.1332159810276271,700,0.05,6,0.7,0.6,0.5,2.0,0.0,1,0.3333333333333333,0.2363636363636363
56,5,1080,2160,10.54966306403831,-3.2270496108655067e-06,8.996315200240524,0.109929610870568,-0.025718489628935,10.985516586303712,0.1353087226473279,350,0.3,10,0.7,0.6,0.0,1.0,10.0,1,0.0,0.0
50,5,1080,2160,10.029665500411282,0.8811291608339709,3.1071256305553296,0.040108517535319,-0.8042173881543864,10.212615721490646,0.1195342768337198,100,0.02,10,0.7,0.8,0.5,2.0,0.0,1,0.6666666666666666,0.4924034903808523
63,5,1080,2160,10.924848975075616,-1.771151081464417e-05,9.33205981784397,0.1128429733283042,-0.2245517756696566,14.18081781246044,0.151919080529266,100,0.3,10,0.9,0.8,0.5,1.0,10.0,3,0.0,0.0
66,5,1080,2160,12.00812350237811,0.3750387433710583,8.346253640916611,0.0985021340562603,-0.3870997355421413,8.18384535100725,0.1000639559014358,100,0.3,6,0.9,0.8,0.0,0.5,10.0,1,0.3333333333333333,-0.0710669054518701
71,5,1080,2149,13.566770828741568,0.2178002557937322,10.998258538952582,0.1426169600685009,-0.1148742081486557,12.906528127198996,0.1637197077755767,700,0.05,6,0.9,0.6,0.0,0.5,10.0,2,0.6666666666666666,-0.0159394178265834
61,5,1077,2160,16.26371852018091,0.3032816195026542,11.663017668055517,0.1343450872604367,-0.1727242057254925,13.177658514623287,0.1595366998983654,350,0.02,10,0.9,0.6,0.5,1.0,10.0,1,0.0,-0.6092717958449424
65,5,1080,2160,11.512845429314508,-1.800024132414535e-06,9.713152380342835,0.1187203347938962,-0.922257379101504,8.63850370195177,0.0931686670983539,100,0.3,10,0.7,0.6,0.5,2.0,10.0,1,0.0,0.0
68,5,1080,2160,7.828690922062982,0.9998447892565412,0.0716771209210245,0.0011363114097168,-0.0063146648268666,6.040409363838154,0.0768290399633338,700,0.3,6,0.9,0.6,0.0,0.5,0.0,3,0.6666666666666666,0.3039527718400323
62,5,1080,2157,11.975728227827284,-1.7428201548597144e-08,10.272489126699943,0.1254199584311828,-0.8629580030656474,13.456253659421224,0.1482678410693381,350,0.05,10,0.9,0.8,0.5,0.5,10.0,2,0.0,0.0
67,5,1080,2160,13.243727845792415,-1.5212431755839972e-05,11.26619445094356,0.1296210856173171,-4.858414630000122,15.659166803713196,0.1642521929003686,100,0.1,6,0.7,0.6,0.0,0.5,10.0,1,0.0,0.0
64,5,1080,2160,17.508460668634484,0.0495029083744407,15.11944712109036,0.1719461969007172,0.0127341147387309,11.3527373652988,0.1355887506679575,100,0.02,6,0.7,0.8,0.5,1.0,10.0,1,1.0,0.4178554470186724
60,5,1080,2160,10.174211812723012,0.9989896061723476,0.2313614466258527,0.004256255385483,-0.6008474133508066,13.075888284090777,0.1624555200898184,100,0.3,6,0.7,0.8,0.0,0.5,0.0,2,0.3333333333333333,0.3939393939393939
69,5,1080,2160,2.0522988454390454,0.8717051071031496,0.5078247398303615,0.0091929670788355,-0.51611607409184,10.709672021494868,0.167747437453823,700,0.3,10,0.9,0.6,0.5,1.0,0.0,1,0.0,-0.2606060606060606
88,5,1080,2160,7.557975353399913,0.996620920777942,0.3464982064130406,0.0059045792269128,-0.4151721398203942,15.127422752888114,0.1790235525405417,100,0.05,10,0.9,0.6,0.0,0.5,0.0,2,0.0,-0.2121212121212121
76,5,1077,2160,10.199865616393948,-6.29117051600403e-05,8.715944119261279,0.10661869598468,-0.0089591562279625,7.752401784790887,0.0997610206633774,700,0.3,6,0.7,0.6,0.5,2.0,10.0,1,0.0,0.0
73,5,1080,2160,4.596887864625013,-0.0001169539858658,3.71458023848357,0.0533878913739551,-0.0949603557888398,7.719547369215221,0.1252821497411328,700,0.3,10,0.7,0.6,0.0,1.0,10.0,3,0.0,0.0
77,5,1080,2159,16.649971146053737,0.2035366428469367,13.11159622863487,0.1541434035985065,-0.7226472023424035,11.504897515604815,0.128403943911993,100,0.1,10,0.7,0.6,0.5,1.0,10.0,1,0.3333333333333333,0.0
75,5,1080,2160,4.572108267037957,0.9546646250636468,0.5703809021746458,0.0092955613164074,-0.0027954788582817,8.56603347478745,0.1200062885454717,350,0.05,10,0.7,0.8,0.5,2.0,0.0,3,0.6666666666666666,0.1393939393939393
85,5,1069,2157,4.446100679051683,-3.191293993509703e-07,3.5884907533344093,0.050500173626465,-0.1519510605036866,6.124495538075766,0.1036948729776442,350,0.3,6,0.7,0.8,0.5,1.0,10.0,1,0.0,0.0
83,5,1080,2160,11.07394939923728,0.9807918919756078,1.0656586547513252,0.0188933621917721,-0.7806277731631805,13.64678354985762,0.1680182660442591,350,0.05,10,0.9,0.8,0.5,0.5,0.0,3,0.3333333333333333,0.2363636363636363
72,5,1080,2148,14.749585441659995,-0.0001088781702704,13.600697172659418,0.1625431360025947,-1.447748533204801,11.327227525338111,0.119830481599776,350,0.3,10,0.7,0.8,0.0,0.5,10.0,3,0.0,0.0
79,5,1080,2160,14.1172559399075,0.9631778606693324,1.2366562464963904,0.0266391102428998,-0.6389323581933184,9.279701746092352,0.1263871760700301,700,0.1,10,0.7,0.6,0.5,0.5,0.0,1,0.0,-0.0909090909090908
80,5,1080,2160,11.433447812928094,-1.4182179031152486e-07,10.252088668611314,0.1366041717961703,-0.2551987004057114,10.983125508449696,0.1325621003190764,700,0.3,6,0.7,0.8,0.5,2.0,10.0,1,0.0,0.0
87,5,1080,2160,10.864076144253769,-3.7726488835598815e-05,9.783251979969164,0.129949119710742,-0.1542738354832802,9.19751672108968,0.1303026083437949,100,0.3,6,0.7,0.8,0.0,1.0,10.0,3,0.0,0.0
78,5,1080,2160,15.74814257869014,0.1710899839266192,11.75052729430022,0.1361010141642229,-0.1969681081546903,10.127107312237776,0.1180021748623957,350,0.02,10,0.7,0.8,0.5,2.0,10.0,2,0.0,0.0
86,5,1080,2160,15.156106789885778,0.778485358644583,4.781980116714862,0.0951892508017644,-1.6576802375136204,19.8719854199198,0.2541838213550116,100,0.1,6,0.9,0.8,0.5,0.5,0.0,2,0.3333333333333333,-0.5393939393939393
70,5,1077,2159,11.184504687891817,-4.990215352052019e-09,9.41720046625164,0.1156761161452679,-0.0359262013559773,8.872857282513984,0.1074907486819541,100,0.02,6,0.7,0.8,0.5,1.0,10.0,2,0.0,0.0
81,5,1080,2160,13.274398341234084,0.9027778061618664,2.3318941850513566,0.0504028680456967,-2.6066689290444347,18.257962898269845,0.2156029011108092,100,0.05,10,0.7,0.8,0.5,0.5,0.0,2,0.6666666666666666,0.4909090909090908
84,5,1080,2160,5.151196193893751,0.968018028442242,0.6336777721836957,0.0118240503225979,0.1418583334551145,10.786635267754534,0.1390959157093358,100,0.3,6,0.7,0.8,0.5,2.0,0.0,2,0.6666666666666666,0.7575757575757575
94,5,1080,2160,13.700886879320496,0.2229362165239706,9.060158723018787,0.1222113100817342,-0.113482049852529,9.531347190274133,0.1299637139885009,100,0.02,10,0.7,0.8,0.5,2.0,10.0,1,0.0,-0.3916780153357883
90,5,1080,2160,10.199655973558071,-6.130617747501788e-05,8.761960371511954,0.1123635076811597,-0.0649396311905328,7.327135433620877,0.0893353394401628,350,0.3,10,0.7,0.8,0.0,0.5,10.0,1,0.0,0.0
82,5,1080,2160,7.929723160300528,0.9975092640480184,0.1963722692232813,0.0047713776105087,0.177599933945868,7.84834101786216,0.0976645782997104,350,0.02,6,0.7,0.8,0.0,2.0,0.0,1,0.6666666666666666,0.3696969696969697
74,5,1080,2156,7.466450899618643,-4.589462253146159e-05,6.648905075214528,0.0967361958817946,-0.122931923708804,7.628544535309573,0.114413689991865,100,0.1,6,0.7,0.6,0.0,1.0,10.0,3,0.0,0.0
93,5,1080,2160,12.127445183065891,0.9619836194804954,1.0878634172167492,0.0258627705989676,-0.1704769409390896,9.652371872177827,0.1172425053482041,350,0.02,10,0.7,0.6,0.5,1.0,0.0,2,0.3333333333333333,0.3221899381504342
91,5,1080,2160,7.28464737256368,-5.229998110145573e-07,6.497905746036105,0.085843839973774,-0.0377331130427478,6.1785345976441,0.0761410725376935,100,0.3,6,0.7,0.8,0.0,0.5,10.0,1,0.0,0.0
92,5,1080,2160,14.200963311057398,0.8078883974763476,3.272058972728792,0.068715020834598,-4.272445924547451,14.73948262350923,0.1818600504104827,100,0.05,6,0.9,0.6,0.0,0.5,0.0,2,0.3333333333333333,0.2195162759948775
89,5,1080,2160,11.61452574444038,0.7805137585030539,3.0333929569608773,0.0655200816200471,-1.6836828920627385,12.361681225222354,0.1566579292070123,100,0.05,6,0.7,0.6,0.5,2.0,0.0,2,0.3333333333333333,-0.0424242424242424
99,5,1080,2159,9.93614593941132,0.9363036051096382,1.309563680722295,0.0311418540417316,-0.8833589142537301,11.020586710563686,0.1341626397638051,700,0.3,6,0.9,0.6,0.5,2.0,0.0,2,0.3333333333333333,0.309090909090909
98,5,1080,2160,13.93076400809818,0.9770543657862192,1.1356908324431667,0.0255171190319601,-2.0257280108568456,18.79504580550724,0.2266248287607689,350,0.3,10,0.7,0.8,0.5,1.0,0.0,1,0.3333333333333333,0.2484848484848484
95,5,1080,2160,13.72888166039078,0.2151240159525136,11.279492037031387,0.1365395739127096,-0.087805616033364,13.533531381112558,0.1681423388639346,700,0.3,10,0.9,0.6,0.5,0.5,10.0,1,0.0,0.0
96,5,1080,2160,7.05370818933265,0.6917471283823233,2.259681413852161,0.046485489894871,-0.4554883067679258,13.880840541730564,0.1714835589310201,100,0.3,10,0.7,0.6,0.5,1.0,0.0,3,0.3333333333333333,-0.2727272727272727
97,5,1080,2160,18.252588852069994,0.1919507032957931,14.37084105880172,0.1604929138574696,-0.0926744178132961,15.49980243276667,0.16432155057924,700,0.05,10,0.9,0.8,0.0,0.5,10.0,1,0.0,0.1616270459588089
8,15,3240,2160,9.286366309473667,0.9846608983530432,0.64576075255946,0.0163319128974346,-0.8865255141376795,13.782041363462254,0.1575294219064335,350,0.3,10,0.7,0.6,0.5,2.0,0.0,1,0.3333333333333333,-0.2606060606060606
18,15,3240,2159,7.22617715317526,-0.0001409188671461,6.80164108135082,0.0839936055462446,-0.005606621742682,9.337873450027898,0.1171849976768748,350,0.3,6,0.7,0.8,0.5,2.0,10.0,1,0.0,0.0
31,15,3240,2160,11.514418399422258,0.0119543497033965,10.339548312646372,0.1181176265937661,-0.1223222998107358,11.018309844158315,0.1307629695968912,350,0.02,10,0.7,0.6,0.5,1.0,10.0,2,0.3333333333333333,-0.1740776559556978
16,15,3240,2160,13.606608164869709,0.2889147200847567,11.010486091095723,0.1302854209307195,-0.2747854065255877,14.766611501199227,0.1589075357416997,100,0.3,6,0.7,0.6,0.0,0.5,10.0,3,0.0,0.1644879237399422
3,15,3239,2160,9.402645526072318,0.9999189843042352,0.0783244166668052,0.0012069538879817,0.3430134109066283,5.980513759328437,0.1116947931480154,350,0.3,10,0.9,0.8,0.0,1.0,0.0,1,1.0,0.6565706694547585
2,15,3239,2160,9.568960617557106,0.3225875967145897,7.107563437808992,0.1029531600260967,-0.1636411920657439,12.389581968077907,0.1521247334354031,350,0.3,10,0.7,0.6,0.5,2.0,10.0,1,0.6666666666666666,0.4954336943068622
22,15,3229,2160,9.231560383342492,0.9235853236984486,2.3020676961658397,0.0343964949912366,0.0008567147290116,11.721404466805634,0.1469794018232064,100,0.02,10,0.9,0.6,0.5,1.0,0.0,2,0.3333333333333333,0.0787878787878787
5,15,3240,2160,11.751928429495038,0.9570190334799074,1.3835682743115072,0.0261512295718466,-0.0815073889347857,11.301331557374516,0.1454333605107509,350,0.02,10,0.7,0.6,0.5,2.0,0.0,1,0.3333333333333333,-0.1272727272727272
0,15,3240,2160,9.53515693184476,0.9999025014319964,0.0688144465543042,0.0010882419294151,-1.0837002749244429,11.213592449370942,0.154097908104779,700,0.3,10,0.9,0.8,0.0,1.0,0.0,3,0.6666666666666666,0.309090909090909
9,15,3240,2160,8.1201515520211,0.9999069765331464,0.079248162498734,0.0011708354026595,-0.2343199113437986,10.544431853005836,0.1421642707611355,700,0.3,6,0.7,0.8,0.0,1.0,0.0,2,1.0,0.4863244349440517
10,15,3240,2160,10.42856061399719,0.1756746274056897,9.048522884463086,0.122639029781038,0.2391258687169207,10.119632079159771,0.1229633501117205,100,0.1,6,0.7,0.6,0.5,0.5,10.0,1,0.6666666666666666,0.6963106238227914
11,15,3240,2160,8.656483337726488,0.9602043145695984,1.3446541500038185,0.0303001062244858,-7.53511572707996,15.334472003877163,0.1771110735699684,700,0.02,10,0.9,0.8,0.5,2.0,0.0,1,0.6666666666666666,0.1415552146262326
13,15,3240,2160,12.851270536846584,0.2729270045696172,9.161563112941788,0.1131802702692278,-0.0262367704581572,7.782418224193432,0.0990522487363548,350,0.02,10,0.9,0.6,0.0,2.0,10.0,1,0.3333333333333333,0.4151994368861455
17,15,3240,2160,7.369341689124243,0.9277705610365332,1.32318444550599,0.0301347062087323,0.1147442419335253,8.825530880224994,0.1224622077405746,100,0.1,6,0.9,0.6,0.5,2.0,0.0,3,1.0,0.8424242424242423
14,15,3240,2160,6.616710744836529,0.9616817560608972,0.860401799559714,0.0163298059662246,-0.3736027076073449,8.399322415722741,0.1064475537968368,700,0.02,6,0.7,0.6,0.5,0.5,0.0,1,0.0,-0.4787878787878787
25,15,3224,2160,7.708575245230504,-2.70687832726324e-06,7.671175539700624,0.094927079677399,-0.3440668838391827,12.642132417096033,0.1683534118335409,350,0.1,6,0.7,0.6,0.5,0.5,10.0,2,0.0,0.0
6,15,3240,2160,9.45454102187286,0.8985611970331634,1.4109147323966875,0.0398835753298755,0.2056733811663531,10.17445887942074,0.1393747464769261,350,0.05,6,0.7,0.8,0.5,0.5,0.0,3,0.3333333333333333,0.5714312110592608
19,15,3240,2157,11.677601888209214,-4.4713915547944804e-07,9.623646345020813,0.1170539993734985,-0.0696807456233616,10.51133128870512,0.119145166994383,100,0.02,10,0.7,0.8,0.5,2.0,10.0,2,0.0,0.0
20,15,3240,2160,6.182962486368638,0.8078820351867229,2.4392554502575483,0.0479973486321595,0.1998329099420498,9.462852200385596,0.1251612681614085,100,0.02,10,0.7,0.8,0.0,2.0,0.0,2,1.0,0.5410359338752574
21,15,3240,2160,15.840235988240185,0.3035682838874418,11.969354440430068,0.1345847216387315,-1.2594845668176866,12.329094985679344,0.1341347804975408,100,0.02,6,0.7,0.8,0.5,2.0,10.0,1,0.6666666666666666,0.6112159239257248
12,15,3226,2160,12.527403310489005,0.1961136140538314,10.661347533720884,0.1316910457683635,-0.0202529623976621,10.504227114076969,0.1298618149858654,100,0.02,6,0.9,0.8,0.5,1.0,10.0,3,0.3333333333333333,0.501865861339894
43,15,3240,2159,9.332167894757312,0.9800107782122732,0.817988920554098,0.0165246981357761,-0.6747785622242393,13.474475055522252,0.1658906113451321,700,0.05,10,0.7,0.8,0.5,2.0,0.0,1,0.6666666666666666,0.1276601641728135
4,15,3240,2160,10.611948371463352,0.1514944431811212,10.009637372169966,0.1320601947737981,0.0504644853336739,13.096364547588207,0.148807427541817,350,0.3,10,0.9,0.6,0.5,1.0,10.0,2,0.6666666666666666,0.493829164658431
7,15,3240,2160,11.281064948393851,0.979873609852834,0.7073160494702428,0.0205558302232742,0.2757492195370308,9.479786623570964,0.1271792741037898,350,0.05,10,0.7,0.6,0.0,1.0,0.0,3,0.3333333333333333,0.6484848484848483
32,15,3226,2160,11.949531980703034,0.5502584277448492,8.189276340269407,0.1092936900475609,0.3058462947114536,9.46559457955537,0.1248019838475466,100,0.3,10,0.9,0.8,0.0,2.0,10.0,3,0.6666666666666666,0.6457765999379483
29,15,3240,2156,8.12038845867574,0.9556459422147032,0.8503199137692171,0.0296657793418887,-0.3306968556925125,12.312611144305604,0.1440351109813339,100,0.05,10,0.9,0.8,0.0,0.5,0.0,2,0.3333333333333333,-0.3404271044608361
36,15,3240,2160,7.230089899169075,-4.139433163796724e-05,6.811381901222983,0.0894642008759663,-0.4258448421496092,14.875879309707218,0.2024473361643553,350,0.3,10,0.7,0.6,0.0,1.0,10.0,3,0.0,0.0
57,15,3240,2160,10.11427794509464,0.3272047923061331,7.90658061557346,0.0957381813222115,0.0036686666163964,9.170306197802226,0.1074548331135881,350,0.3,10,0.9,0.8,0.5,1.0,10.0,3,0.6666666666666666,0.5538827755814227
30,15,3240,2156,13.306821260103115,0.9749714430154912,0.9424501466518276,0.0266407261201924,-0.6168132091293079,12.447395598746192,0.1800212746617825,100,0.3,10,0.9,0.6,0.0,2.0,0.0,3,0.6666666666666666,-0.0911858315520096
38,15,3233,2160,5.964899973607282,0.9998904635552488,0.049245229509032,0.0008632013133243,0.0969448227097251,8.941747996603587,0.1148412788423223,700,0.05,10,0.7,0.8,0.0,0.5,0.0,2,0.3333333333333333,0.0787878787878787
58,15,3239,2160,13.414113530753088,0.3162317353622619,9.776422508648425,0.1192400082360566,-0.1793946855641699,9.886750612435517,0.1199409225841936,350,0.1,10,0.9,0.8,0.0,0.5,10.0,1,0.3333333333333333,-0.0590052943236494
15,15,3240,2160,4.79382606379327,0.9186569703842904,0.981651349681908,0.0196410140776241,-0.8246479569486809,16.230863139108116,0.2082690737151533,700,0.3,6,0.7,0.8,0.5,0.5,0.0,1,0.3333333333333333,-0.0181818181818181
28,15,3240,2160,11.662536172984558,-7.15188288147317e-07,11.203711892822644,0.1355988993466239,-0.2449129526059095,10.06995702708209,0.110810665013629,100,0.02,6,0.7,0.6,0.0,0.5,10.0,2,0.0,0.0
51,15,3237,2160,9.934448479787848,0.8576884483307212,2.3505273023922637,0.057297441680036,-0.5702979976986859,7.59554936237909,0.0902519251364086,100,0.1,6,0.9,0.6,0.5,1.0,0.0,2,0.0,-0.6363636363636362
35,15,3240,2155,14.686739129236452,0.9394509259924384,1.6191030651086038,0.0431855858693014,-0.346421962545272,10.560899106576658,0.1475952043960464,350,0.02,10,0.7,0.6,0.0,2.0,0.0,2,0.3333333333333333,0.2121212121212121
33,15,3240,2160,7.018555721615068,0.937791925691474,0.9539924419062954,0.0259527649617502,-0.1036002231481487,5.781693405427633,0.0833944557758274,100,0.1,6,0.9,0.6,0.0,0.5,0.0,2,0.0,-0.2121212121212121
41,15,3240,2160,11.486623552654075,0.9525362069059132,0.8800240155335919,0.0293612975890179,-0.0851265285582429,10.750157918466115,0.1335725673095405,100,0.1,10,0.7,0.6,0.0,1.0,0.0,3,0.6666666666666666,0.6484848484848483
27,15,3240,2160,11.185873605418156,0.9998208499711044,0.0929219102615396,0.0017972629184736,-1.016524128144248,11.19413427429871,0.1534602691396654,100,0.1,10,0.9,0.8,0.0,0.5,0.0,3,0.6666666666666666,0.3939393939393939
59,15,3240,2160,8.185833105228232,0.9952773453058744,0.2589749877081762,0.008296331735618,0.3401871488256895,9.015448927958236,0.128130630445279,700,0.02,10,0.7,0.8,0.0,0.5,0.0,3,0.6666666666666666,0.709090909090909
66,15,3240,2160,8.855468655129705,0.9852407036118528,0.6429963977906371,0.0151638928319527,-0.1123695529492587,7.49313404855424,0.0896083272490161,100,0.1,6,0.9,0.6,0.0,0.5,0.0,2,0.3333333333333333,0.3575757575757575
49,15,3240,2157,11.722466162575618,0.0225455875122005,10.74687955679717,0.1326246635337283,-0.0303201789632874,10.421532813077953,0.1281430733529439,350,0.05,10,0.7,0.6,0.5,2.0,10.0,2,0.3333333333333333,0.3481553119113957
1,15,3236,2160,10.522789685400031,0.9253794122676672,1.9851675372775688,0.0510498865069228,-0.3941818470367977,11.399161870657355,0.1530475718059575,100,0.05,10,0.7,0.8,0.0,1.0,0.0,3,0.6666666666666666,0.4303030303030302
52,15,3237,2157,9.397534242688169,0.9420113749831311,1.463316180992608,0.0385551635311828,-0.4707816247948146,14.947007937557345,0.1695685113533746,700,0.1,6,0.9,0.6,0.5,1.0,0.0,2,0.0,-0.006060606060606
65,15,3240,2160,10.636675743774315,0.8984488550087069,2.040144759333472,0.0381498634411503,-2.782464171662597,11.171811275084814,0.130692758767615,350,0.02,6,0.9,0.6,0.5,2.0,0.0,3,0.3333333333333333,0.2484848484848484
47,15,3240,2160,13.418522665059328,0.8392975804073861,2.9270643615166483,0.0710951155127724,-2.1561259117299665,12.37291580239906,0.1830509928748728,100,0.05,6,0.9,0.8,0.0,2.0,0.0,2,0.3333333333333333,-0.309090909090909
50,15,3237,2160,9.283631891977056,0.964073515293586,1.219373757908783,0.0262564935668079,-0.9191052486750252,10.574540097953545,0.1232813617973,350,0.05,6,0.7,0.6,0.0,0.5,0.0,1,0.0,0.1636363636363636
23,15,3239,2160,12.049043020723609,0.9304209086313854,1.7474264199264613,0.0424570120657634,-0.916656104822364,11.256470392261484,0.1662434277236427,350,0.1,6,0.9,0.8,0.5,2.0,0.0,3,0.6666666666666666,0.3575757575757575
39,15,3240,2157,12.988349580529292,0.4136952387810114,8.669332721616014,0.112261156016121,0.2389661873222305,9.872697883609494,0.1364374145821533,350,0.3,10,0.9,0.8,0.0,1.0,10.0,3,0.6666666666666666,0.4128614119223852
26,15,3240,2160,10.140351525530402,-2.3900052603664793e-08,8.965400112764335,0.1190380398128038,-0.0179182957644945,11.1176523120315,0.1296686338964908,100,0.02,10,0.7,0.6,0.0,1.0,10.0,2,0.0,0.0
53,15,3240,2160,10.329919831429,-1.6999509719894943e-06,10.158457155109923,0.1183846523011079,-0.0244413560515395,12.029963174042878,0.1369758470953101,100,0.1,6,0.9,0.6,0.0,0.5,10.0,1,0.0,0.0
46,15,3240,2160,12.930046813365356,0.9015225114976494,2.0661770407646265,0.0456958989262227,-0.2891110368094969,10.599197222320104,0.1438788302988871,100,0.05,6,0.7,0.6,0.0,1.0,0.0,1,0.3333333333333333,0.4724282017376836
64,15,3240,2160,14.38724105391078,0.911387862555752,2.0954618178073456,0.0524458039652143,-0.3332616735262486,11.709912664895915,0.1575666462774642,100,0.3,10,0.9,0.8,0.5,2.0,0.0,1,0.6666666666666666,0.6242424242424242
69,15,3240,2160,6.876679738774712,-1.2424314117520652e-06,6.462763815514834,0.0847828546938061,-0.1563629896456866,10.279280005914194,0.1464997083276995,100,0.3,6,0.7,0.8,0.0,2.0,10.0,3,0.0,0.0
61,15,3237,2160,13.24484445219727,0.2540518652341478,10.668446577188224,0.1259057734298427,0.0324911840648656,12.27564548386468,0.1449072534654734,700,0.05,6,0.7,0.6,0.0,0.5,10.0,2,0.3333333333333333,-0.1028145151440831
42,15,3240,2160,10.327554671926736,0.8643838983755587,1.7758417430043274,0.0518440539892361,-0.1294614210589821,11.810454167682304,0.1582543532207257,350,0.02,6,0.9,0.8,0.5,1.0,0.0,2,0.3333333333333333,0.3212121212121211
40,15,3240,2160,12.178641754116772,0.9029759280974684,1.8905257926630248,0.0473792471766613,-0.0080883130708815,8.758586175405869,0.1095312279652067,350,0.02,10,0.9,0.6,0.0,1.0,0.0,2,0.3333333333333333,0.2969696969696969
73,15,3240,2160,11.012398937097917,0.9288472077631302,1.109097723087432,0.0355043536344355,0.0844000205142961,8.296397190682118,0.1145626065896445,100,0.3,10,0.7,0.6,0.5,2.0,0.0,3,0.6666666666666666,0.5878787878787878
54,15,3240,2160,7.5356817582703854,0.980827839550019,0.6608077999709272,0.0162980033454118,-2.1147642048162894,9.232589033188065,0.1315231389361964,350,0.05,6,0.9,0.8,0.0,2.0,0.0,1,0.3333333333333333,0.3575757575757575
48,15,3240,2160,11.37353808705988,0.8532186497122812,2.415525288590809,0.0603844862215662,-1.3648034313679505,11.397685620136023,0.1414850364622212,350,0.1,10,0.7,0.6,0.5,1.0,0.0,2,0.0,0.0666666666666666
24,15,3240,2160,9.17771722412526,0.9226441491723628,1.2649220563656467,0.0391071810189123,-0.8418659403858326,14.610595497599354,0.1831825462297279,700,0.1,10,0.9,0.8,0.5,0.5,0.0,1,0.6666666666666666,0.7454545454545454
85,15,3229,2157,9.02515519038017,0.4738727442714189,7.075897231180258,0.0906311318793968,-1.0434687398668632,11.031410564755088,0.138109727606837,700,0.3,10,0.9,0.6,0.0,0.5,10.0,1,0.3333333333333333,-0.2444506035193523
87,15,3240,2160,12.056234925470235,0.1483671773172712,10.565986725842512,0.1248775504446722,0.03018789102807,10.09173882095902,0.1194379896418466,100,0.3,6,0.7,0.6,0.5,2.0,10.0,1,0.3333333333333333,0.2132007163556104
75,15,3240,2160,7.861735799535535,0.9125921625774368,0.8593625554647084,0.0339502203193131,-0.1436350924170071,10.228324620418286,0.1281567712679412,700,0.02,10,0.7,0.6,0.0,2.0,0.0,3,0.3333333333333333,0.3212121212121211
45,15,3240,2160,9.812660959491758,0.9012587422731508,1.8634415204839831,0.0409445185981738,-0.1837107776199071,14.297437840501468,0.1727795979018789,100,0.3,10,0.7,0.8,0.5,2.0,0.0,2,0.3333333333333333,0.1272727272727272
67,15,3240,2160,11.25468166704531,0.125969899242638,10.043138769879754,0.1205283254149636,-1.461338317110076,9.964398401754874,0.1064649807610082,350,0.3,6,0.9,0.6,0.0,0.5,10.0,3,0.6666666666666666,0.5334349496690813
68,15,3240,2160,10.299284384930164,0.9660297423215572,0.9687704088028968,0.0250487181965558,-1.6884502321268298,8.979233052908956,0.1255768272536165,700,0.3,10,0.9,0.8,0.5,2.0,0.0,3,0.6666666666666666,0.601826488243264
34,15,3240,2157,13.87098525777275,0.1365627228695863,10.9853692438573,0.1338211223050699,-0.0333634945587206,13.05523497696878,0.1589905672293159,350,0.1,6,0.7,0.6,0.0,2.0,10.0,1,0.0,-0.5222329678670935
86,15,3240,2160,13.852050866256524,0.2594121681127567,10.680097394754858,0.1311650990133174,-0.0760225057276111,13.84256373617384,0.1617361938118592,350,0.05,6,0.7,0.6,0.5,2.0,10.0,1,0.3333333333333333,-0.3190424219527213
56,15,3240,2160,10.731297230967034,0.8364889789747519,2.93886344010664,0.0607832450545766,0.1063594074091034,9.816716531437857,0.1262970323946386,100,0.05,6,0.7,0.6,0.5,1.0,0.0,3,0.6666666666666666,0.6969696969696969
62,15,3236,2157,10.513190021096223,0.97687923878737,1.0023432565721582,0.0219701071365473,-1.3428956775424683,12.384587663865275,0.1662730667766327,100,0.3,10,0.9,0.6,0.5,0.5,0.0,2,0.0,-0.0666666666666666
71,15,3239,2149,11.60542486730041,0.4136063009278128,9.180691894714975,0.1149026955760063,0.0471220804517598,12.616267274756272,0.1513584453398442,100,0.3,10,0.9,0.6,0.0,1.0,10.0,3,0.3333333333333333,0.1770493727613394
83,15,3240,2160,12.135510704088976,0.9930548455226876,0.3103274025947787,0.0118389916297155,-0.5949744669030013,12.728293704430625,0.159018185843851,350,0.02,10,0.9,0.8,0.0,1.0,0.0,3,0.3333333333333333,0.2606060606060606
88,15,3240,2160,8.541953885536461,0.9652383147403024,0.928098559229797,0.020549551595439,-0.0400882900458676,12.06970181411615,0.1534760592241139,100,0.3,6,0.9,0.8,0.5,1.0,0.0,3,0.3333333333333333,0.2848484848484848
44,15,3236,2160,8.818000343841385,-6.364518558843457e-06,8.448084599008078,0.1122653242422687,-0.0785650498866514,11.804050643179156,0.1626842625955805,700,0.1,6,0.7,0.6,0.5,0.5,10.0,2,0.0,0.0
60,15,3240,2160,11.349217302593184,0.2376166425967196,9.084612946098234,0.1141631853615832,0.1354393592745265,10.370965539790967,0.1193870534653556,350,0.1,6,0.9,0.6,0.5,1.0,10.0,1,0.6666666666666666,0.8087806670128277
80,15,3240,2160,10.685524496973295,0.2554707687101356,9.332513914108276,0.1116066422070716,-0.19653266966114,10.649666488965352,0.1294271584562318,700,0.1,10,0.7,0.8,0.0,1.0,10.0,2,0.6666666666666666,0.7106690545187014
55,15,3240,2160,9.72307371981672,0.9821484730126326,0.891538286426012,0.0178028507718891,-0.0473914946227691,9.645134397470049,0.1236256856939029,350,0.02,10,0.7,0.8,0.5,1.0,0.0,3,0.6666666666666666,0.3333333333333332
76,15,3233,2160,10.210496708898589,0.2016799930108627,8.902206246564532,0.1206453764320663,-0.0066112227668664,7.691608973609076,0.0996448768802343,700,0.3,6,0.7,0.6,0.5,2.0,10.0,1,0.0,0.0
63,15,3240,2160,12.178202731228538,0.999946540447266,0.0598879080217741,0.0009883472140152,-0.4744650518357667,12.494188611859247,0.1667020684637497,350,0.3,10,0.9,0.8,0.0,1.0,0.0,1,0.3333333333333333,-0.4303030303030302
74,15,3240,2156,12.561657021722676,0.1505882903827718,10.243386768058496,0.1285880816327351,0.0611290017017546,8.354456237340019,0.1046174764967842,100,0.05,6,0.7,0.8,0.5,0.5,10.0,1,0.6666666666666666,0.4004542874831487
92,15,3240,2160,11.794887125183037,0.8720248257002996,3.1972399796085598,0.053593620085992,-3.247402653120763,13.89167073825995,0.1632273601952898,100,0.02,10,0.9,0.8,0.0,0.5,0.0,2,0.0,0.2073209273284954
72,15,3240,2148,13.575319594797897,0.8962022637039451,2.5735594498844425,0.0516939693493615,-2.718707422865512,11.21130628951546,0.147699801142124,100,0.05,10,0.9,0.6,0.5,1.0,0.0,2,0.0,-0.3865321650581048
78,15,3240,2160,11.890816786966203,0.2585022078403393,9.908770766081634,0.1240425407472823,-0.1958860432460258,9.78373439223678,0.117948825536738,350,0.05,6,0.9,0.6,0.0,1.0,10.0,2,0.0,-0.0753973111056609
77,15,3240,2159,10.538779621440586,0.8525476571350892,2.063361984638828,0.0560622455907575,-0.9627130118373364,10.203037789435008,0.137059326211494,350,0.02,6,0.9,0.6,0.0,2.0,0.0,1,0.6666666666666666,0.2969696969696969
94,15,3240,2160,7.072962308512918,0.9941195882064144,0.4857801152984083,0.0111477329738803,-0.8676389241347302,12.320739256553352,0.1683166046947711,100,0.1,6,0.9,0.8,0.0,2.0,0.0,1,0.3333333333333333,0.0545454545454545
79,15,3240,2160,8.623912808973872,0.8567565955386984,2.2389466292305813,0.0525943615698071,-0.1237686160833939,8.425891271824087,0.1046552320565162,100,0.1,6,0.7,0.8,0.5,2.0,0.0,2,0.6666666666666666,0.3454545454545454
89,15,3240,2160,10.210335992185437,0.9052750872213008,1.9327041067274964,0.0475644385076532,-0.6375979832552301,9.007108519372567,0.1223743590289416,350,0.02,10,0.7,0.8,0.5,1.0,0.0,2,0.0,0.2363636363636363
37,15,3229,2160,9.58697458219655,0.2033227580752908,8.413866148440968,0.1036838878756623,-0.0211879049790733,11.84106974778352,0.1497792758188821,350,0.3,6,0.7,0.8,0.5,0.5,10.0,3,0.3333333333333333,0.2667174748345406
84,15,3240,2160,8.843709518153776,0.9767423709242212,0.9851110470847044,0.0191680815722675,0.3650272910441308,8.402572835997628,0.1196499201533265,100,0.3,6,0.9,0.6,0.5,2.0,0.0,1,0.6666666666666666,0.7939393939393938
91,15,3240,2160,7.021626590781222,0.9614374901825926,0.8311509315352216,0.0210453904492783,-3.780749862502508,13.439548648488364,0.1634271334895069,350,0.3,6,0.9,0.8,0.5,0.5,0.0,1,0.0,-0.1945297739776207
82,15,3240,2160,7.743561715842958,0.9997348265932018,0.1199183538793119,0.0018421670955446,-0.5431661027392662,9.198945294543124,0.1337832827627879,350,0.3,6,0.9,0.8,0.0,2.0,0.0,3,0.3333333333333333,-0.0424242424242424
93,15,3240,2160,9.036553830365136,0.9825495185547424,0.5748102049962769,0.0150905860533096,-0.4334735940804148,9.62723767425121,0.129747353382394,350,0.1,6,0.9,0.8,0.5,1.0,0.0,1,0.3333333333333333,-0.3100318272768329
90,15,3240,2160,11.669507190811412,0.8743385288875353,2.4131298752860912,0.0512772006725736,-1.020215066197912,8.442849546342536,0.1230437617249677,100,0.05,10,0.9,0.8,0.5,2.0,0.0,3,0.3333333333333333,0.5705951008000594
70,15,3237,2159,10.906748551323531,0.9685955159280044,0.977173270341726,0.0222371270377885,0.2467899029479555,6.926492230678857,0.0916568115791457,700,0.3,10,0.9,0.8,0.5,0.5,0.0,1,0.3333333333333333,0.2363636363636363
98,15,3236,2160,13.550572132099106,0.9682909591169884,1.311473145076545,0.0293928846115838,-0.53678471224276,13.682588921019256,0.1615098678686897,350,0.05,10,0.9,0.6,0.5,2.0,0.0,3,0.3333333333333333,0.3696969696969697
99,15,3240,2159,7.26356117704817,0.9282540028613872,1.1517978434995308,0.0270599961181931,-0.1143248964025069,8.524979443169247,0.1031979251483333,350,0.05,6,0.9,0.6,0.5,0.5,0.0,2,0.3333333333333333,0.5636363636363636
97,15,3240,2160,10.197521614498564,-2.7582480317533964e-06,9.7763124696708,0.1242867041654906,-0.0354598519450486,13.93855108755606,0.159961610886575,100,0.02,10,0.7,0.6,0.5,2.0,10.0,3,0.0,0.0
95,15,3240,2160,8.750297600230292,0.9999398644285916,0.0641057945308493,0.0008613390814043,0.0019585529982298,12.616964613333328,0.1610555608217076,700,0.3,10,0.7,0.6,0.0,0.5,0.0,1,0.6666666666666666,0.4666666666666666
81,15,3239,2160,11.51617086335822,0.1922216965580332,9.90142805435732,0.1197043501086561,-0.0274314832396651,9.729374320771957,0.1150741818550937,700,0.3,10,0.7,0.8,0.0,1.0,10.0,2,0.0,0.0
96,15,3240,2160,5.878936327041262,0.899074132788195,1.1494903970935184,0.035058516351792,-0.850367883338234,15.027786671083282,0.1933513322020123,350,0.1,6,0.9,0.8,0.5,1.0,0.0,3,0.3333333333333333,0.1515151515151515
17,50,10788,2160,10.052719216742258,0.9595063468316072,1.1480445843444875,0.0255636714567593,0.1954143270749597,9.08130567038501,0.1167491834925571,700,0.02,6,0.9,0.6,0.5,0.5,0.0,3,0.6666666666666666,0.4424242424242424
8,50,10799,2160,7.788058224695296,0.9411190422539052,1.2252488521569371,0.0286336268851812,0.1829824835773653,7.936599152487426,0.1036683106663973,100,0.1,6,0.9,0.8,0.5,0.5,0.0,3,0.6666666666666666,0.4909090909090908
62,50,10792,2157,9.187107988131832,0.4071822407948403,7.0685325844540605,0.0922560066581462,0.1103660107226724,8.364233895833701,0.1024592364525965,100,0.3,6,0.9,0.6,0.5,2.0,10.0,3,0.3333333333333333,0.4704992450061505
3,50,10792,2160,8.682410062885532,0.9799937053725692,0.5708505440780435,0.0174576937052047,0.5400945029842781,5.692643989177045,0.0934520808800613,100,0.1,10,0.7,0.8,0.0,0.5,0.0,3,1.0,0.6190523454859151
47,50,10787,2160,9.721148317712366,0.8697957178532483,1.9952480538881527,0.0482227376501251,-0.5683616644888054,10.131022312762562,0.1290381231351249,100,0.1,6,0.9,0.6,0.0,2.0,0.0,1,0.3333333333333333,0.2727272727272727
57,50,10797,2160,8.73078727435043,0.938486879240007,1.1745479601875828,0.0319206372918928,0.3491991456720417,4.980752642460823,0.0868456593797376,350,0.05,6,0.9,0.8,0.5,0.5,0.0,2,1.0,0.6200636545536659
2,50,10799,2160,6.267689174243445,0.9021236189573296,1.1896728981250573,0.0334672964829368,-0.2274264939804595,12.130181911345572,0.1562384902264022,700,0.02,6,0.7,0.8,0.0,2.0,0.0,3,0.3333333333333333,0.6121212121212121
25,50,10784,2160,9.011028092772474,0.2971115574722901,7.562572981616156,0.0991260637281827,-0.0778770155970369,11.618331945825506,0.1507634570618709,100,0.3,10,0.7,0.8,0.0,0.5,10.0,2,0.3333333333333333,0.174523438134912
58,50,10796,2160,9.47209142651311,0.9817067463617886,0.7093972979762988,0.0168459176366021,-0.1674805173171292,9.415093992444495,0.1193335671330284,700,0.3,10,0.9,0.8,0.5,1.0,0.0,2,0.3333333333333333,0.3212121212121211
16,50,10799,2160,10.243486880970073,0.8957231601021325,2.032710957462496,0.0458374425342717,-0.1252756144744939,13.171326715063168,0.1492984864834552,100,0.05,6,0.7,0.8,0.0,1.0,0.0,3,0.6666666666666666,0.4303030303030302
86,50,10796,2160,10.266683352224163,0.3585390853049963,8.17910426939448,0.1042752356992746,0.2164263037331365,11.952286818292404,0.1380182337677155,350,0.3,10,0.7,0.6,0.0,1.0,10.0,2,0.6666666666666666,0.726239796778063
65,50,10792,2160,9.093717115338013,0.792115679608268,3.5995042076236325,0.0543528235358131,-0.9367306825075464,8.436576965429165,0.0935187580035911,100,0.02,6,0.7,0.6,0.5,1.0,0.0,2,0.3333333333333333,0.4545454545454545
0,50,10795,2160,10.410613955099535,0.3874112696926757,8.0616757099846,0.1005085330185797,-0.1467948100498142,9.265925935374366,0.1143199374254333,700,0.3,10,0.9,0.6,0.0,1.0,10.0,1,0.6666666666666666,0.6007602905782901
43,50,10796,2159,8.76392634458928,0.9422450827433938,1.160721091483907,0.0299730502631481,0.0740378470803997,9.61709629935832,0.1233501633835564,100,0.3,10,0.7,0.6,0.5,2.0,0.0,1,0.3333333333333333,0.0607905543680064
80,50,10799,2160,8.885373829999901,0.9334315917230256,1.2729220009715143,0.0354746026093288,-0.381868356774828,8.931404176218633,0.139090180919911,350,0.3,6,0.9,0.8,0.5,2.0,0.0,3,0.3333333333333333,-0.3212121212121211
85,50,10789,2157,7.468358357133847,0.8939620775359399,1.5774312331910896,0.0401862985586243,0.4179103473074449,5.297095122555504,0.0737114932303777,100,0.05,6,0.9,0.8,0.0,0.5,0.0,2,0.6666666666666666,0.7659609850368815
21,50,10800,2160,10.227945257685471,0.9688843653299406,0.9820444304997036,0.0240309083497459,-1.0355642410956154,9.537831813270158,0.1273148667270612,700,0.05,6,0.7,0.8,0.5,0.5,0.0,1,1.0,0.7333333333333332
51,50,10797,2160,10.768478945964397,0.9656109943056034,0.854998342778351,0.0277641070077645,-2.4185484144895906,10.115601692928209,0.1331638379146687,350,0.02,10,0.9,0.8,0.0,1.0,0.0,1,0.3333333333333333,0.2363636363636363
30,50,10800,2156,10.219316693050994,0.8625284197751162,2.1133228794622028,0.0511240088145682,0.2975539868880684,8.66768640089566,0.118658918056904,350,0.02,10,0.9,0.6,0.5,1.0,0.0,2,0.6666666666666666,0.480245379507251
31,50,10795,2160,8.696651238389851,0.9375907051202028,1.3089708501487014,0.0305527362483779,0.2062711463894921,9.386976312178152,0.1099669203490086,350,0.1,6,0.7,0.8,0.5,0.5,0.0,3,0.6666666666666666,0.3454545454545454
48,50,10792,2160,9.333655961971363,0.8864123876193706,1.866314100547984,0.0456075594673711,0.1339708571565113,7.274602122338213,0.0856207920422367,350,0.3,6,0.9,0.6,0.5,0.5,0.0,1,0.6666666666666666,0.7333333333333332
88,50,10800,2160,8.572939519181809,0.9213173131400244,1.4120591005994467,0.0374350327958008,0.0713094581294074,10.619569541272826,0.1450243899350863,700,0.3,6,0.9,0.8,0.5,0.5,0.0,2,0.6666666666666666,0.8787878787878788
19,50,10799,2157,9.818210121591656,0.3023210502047704,8.0110294161356,0.0991396519950912,0.1559265809760803,8.939590864398163,0.1058374708205419,100,0.05,6,0.9,0.6,0.0,0.5,10.0,1,0.6666666666666666,0.3302891295379082
71,50,10799,2149,8.500091043096479,0.9147157634238788,1.4753907860975513,0.0387228466436954,0.0382114819941933,12.90978349375414,0.1520644938086739,350,0.1,6,0.7,0.8,0.5,2.0,0.0,1,0.6666666666666666,0.3465061598976368
74,50,10800,2156,8.88790320923745,0.946249465885609,1.1717137318271966,0.0317744262460399,0.0674012130419623,8.010500970565763,0.1042674377151866,700,0.02,10,0.7,0.6,0.5,1.0,0.0,1,0.3333333333333333,0.5030303030303029
50,50,10796,2160,9.703448302778744,0.9367790861179978,1.3291820292640717,0.0340851625712828,-0.7244561336059667,7.44054778125413,0.1168622119003532,700,0.1,6,0.7,0.6,0.5,2.0,0.0,2,0.6666666666666666,0.8181818181818182
52,50,10797,2157,10.274221936399048,0.9166815343050584,1.5545147271789537,0.0397544579696592,0.0027481571477112,10.637174471267524,0.1396283267302711,700,0.1,6,0.7,0.6,0.5,2.0,0.0,1,0.6666666666666666,0.6969696969696969
24,50,10800,2160,8.403728348496251,0.8751754789123503,1.7998966161958578,0.0420479589606498,-0.2770007002055459,12.530146961907548,0.1525283775165028,350,0.02,6,0.7,0.6,0.0,1.0,0.0,1,0.6666666666666666,0.2242424242424242
28,50,10800,2160,8.444929512738009,0.8994207117728727,1.5840029759790228,0.0399289237552703,0.4430355006802775,6.09963235248846,0.0741183641642304,350,0.05,6,0.9,0.8,0.5,0.5,0.0,2,1.0,0.7333333333333332
4,50,10795,2160,9.052179174823396,0.8703522051292735,2.014435088594624,0.0457610757042466,0.0003127184899851,12.020928603667985,0.1526866568092099,100,0.1,6,0.9,0.6,0.0,0.5,0.0,3,0.3333333333333333,0.4181818181818181
15,50,10797,2160,8.096803573361676,0.9857459181292691,0.6248912308222453,0.0136395989234805,-0.6039768606154712,16.192820930720558,0.1952694451707636,350,0.3,6,0.7,0.8,0.0,2.0,0.0,1,0.3333333333333333,0.1151515151515151
72,50,10793,2148,10.30279608233058,0.9691005100816384,0.777441083316786,0.0236757549768038,-2.1894058078890017,9.902898347128035,0.1367851010590669,350,0.02,10,0.9,0.8,0.0,1.0,0.0,3,0.0,-0.1656566421677591
70,50,10793,2159,8.610868304102969,0.9151482680493914,1.498788953632784,0.0371773411739519,-0.1725002883599562,8.365359928440812,0.1143571064691387,700,0.05,6,0.7,0.8,0.5,2.0,0.0,3,0.6666666666666666,0.1151515151515151
5,50,10800,2160,9.713487533242615,0.9399617428484937,1.3978328708858023,0.0327537231647883,0.2122654967680233,8.985666159694945,0.1241192744135397,350,0.02,10,0.7,0.6,0.5,2.0,0.0,1,0.6666666666666666,0.6727272727272726
73,50,10797,2160,7.580758192235393,0.9141397988446004,1.5124677249777865,0.038784384351643,0.5434958692143008,5.198904364428318,0.080893263212544,350,0.02,10,0.7,0.8,0.5,2.0,0.0,2,1.0,0.8303030303030302
22,50,10786,2160,7.601835146016432,0.9519700291921764,0.8914403606901945,0.0258403141892784,-0.0748951199242042,11.409679606975851,0.152449370049456,350,0.1,10,0.7,0.8,0.5,2.0,0.0,2,0.3333333333333333,0.1757575757575757
29,50,10795,2156,8.615743468539037,0.9308536392619609,1.1764192668470663,0.0305832429877554,-0.1188914502720184,9.80897825693881,0.1320756582682388,700,0.1,6,0.7,0.6,0.5,1.0,0.0,3,0.3333333333333333,0.0243162217472025
38,50,10793,2160,8.411366779585645,0.866080364110193,2.2819197779798337,0.0425205212221048,0.082809869893452,9.077663971527858,0.1157365581677807,100,0.02,10,0.7,0.8,0.0,0.5,0.0,3,0.3333333333333333,0.5757575757575757
94,50,10800,2160,9.114209513594712,0.977014429337444,0.9030215543550744,0.020288274552812,0.1930482491567525,8.353768608806206,0.1106379926785487,350,0.1,6,0.9,0.8,0.5,1.0,0.0,1,0.6666666666666666,0.8424242424242423
75,50,10800,2160,9.53037483658622,0.9408518049804984,1.252497508014237,0.0326904551198468,0.4177324073147989,7.955974550320318,0.0914448244326471,700,0.05,6,0.7,0.8,0.0,2.0,0.0,3,1.0,0.7696969696969697
87,50,10796,2160,9.56539202283462,0.9396084380612764,1.196118280302159,0.0319434314485901,-0.0310069563772426,9.17939351602285,0.1231486006881082,100,0.3,10,0.9,0.6,0.5,1.0,0.0,3,0.6666666666666666,0.1151515151515151
6,50,10800,2160,7.241787273585031,0.9838891802649296,0.4626411701206139,0.0142529959972218,0.4431909680339846,8.432518617086398,0.1166910822748529,100,0.1,10,0.7,0.8,0.0,0.5,0.0,2,0.6666666666666666,0.7294866524160775
60,50,10788,2160,9.712614689442267,0.956035994337308,0.9805356466300856,0.0283512348812314,0.0428902150154837,10.1839012484863,0.1256146757631919,350,0.1,10,0.9,0.8,0.5,1.0,0.0,3,0.6666666666666666,0.8181818181818182
1,50,10796,2160,10.3376730516006,0.8706057113507878,1.9211057286270607,0.0511011933456096,0.1464967442820705,9.131722010791831,0.1197482906631477,350,0.02,10,0.7,0.8,0.5,2.0,0.0,1,0.6666666666666666,0.6
27,50,10800,2160,9.379387719532613,0.9493180502233212,1.165859370628886,0.0277497687620854,-0.2687066805367524,9.821690179363443,0.121723619413003,700,0.02,6,0.9,0.8,0.5,0.5,0.0,1,0.6666666666666666,0.4666666666666666
49,50,10795,2157,10.422176679912509,0.8329557396254468,2.6718237310816173,0.0565699191844703,-0.0909517124809407,11.016268076922088,0.1318596131135551,100,0.05,6,0.7,0.6,0.5,0.5,0.0,1,0.3333333333333333,0.2727272727272727
10,50,10795,2160,8.462896763375253,0.9405654728417746,1.2186321343593938,0.0306131566992836,0.616976812252571,6.653109606071893,0.0872432449880772,350,0.05,6,0.7,0.8,0.5,2.0,0.0,3,1.0,0.8060606060606059
41,50,10800,2160,10.822405593311345,0.6676649408176998,5.310278054003363,0.083777039438471,0.2119365221112026,8.712944732948586,0.1138302483372459,100,0.02,6,0.9,0.8,0.0,0.5,0.0,2,1.0,0.9272727272727272
83,50,10795,2160,9.549251103185416,0.8816671749570574,1.8093426709790772,0.0460761460205464,-0.1392977515771181,10.351514980659251,0.1343966820573704,700,0.02,6,0.9,0.6,0.5,0.5,0.0,2,0.3333333333333333,0.2121212121212121
18,50,10789,2159,6.139867868716476,0.9860078101282576,0.5879095239467322,0.0110933678520857,-0.0041664104140659,8.777130392520121,0.1171010525095513,700,0.02,6,0.7,0.6,0.0,1.0,0.0,1,0.6666666666666666,0.4303030303030302
76,50,10793,2160,10.059825476717435,0.9137614962904091,1.4010782853069197,0.040034784560265,0.0003746634702471,7.228033079549118,0.0992985069435998,350,0.05,6,0.7,0.6,0.5,2.0,0.0,2,0.3333333333333333,0.6848484848484848
78,50,10796,2160,10.505057666772103,0.8759532662631646,2.15350793606365,0.0480687273400124,0.4025428491123479,6.261927397908746,0.0833685223216225,350,0.02,6,0.9,0.6,0.0,1.0,0.0,3,0.6666666666666666,0.6969696969696969
32,50,10786,2160,10.44595416227484,0.94704903594614,1.1509297967206975,0.0322771845102388,0.3773047138146317,10.227112832640609,0.1182038044846139,350,0.1,6,0.9,0.6,0.5,2.0,0.0,2,0.6666666666666666,0.6484848484848483
63,50,10800,2160,10.319141546902802,0.9502588922091304,1.0995245979650068,0.0311638115345901,0.0898473526194194,10.076385636738053,0.1309727255682116,700,0.02,10,0.9,0.6,0.5,1.0,0.0,3,0.6666666666666666,0.4666666666666666
91,50,10800,2160,7.491216036236008,0.9484451497149432,1.0315178148309214,0.0233530477517091,0.3623437236578594,4.700317671341903,0.059685587351327,700,0.02,6,0.9,0.8,0.5,0.5,0.0,2,1.0,0.8024353176576853
7,50,10799,2160,10.214999480843131,0.3160828972461826,8.555546715008084,0.1080769832568203,0.1448822509668581,11.655378930656996,0.1381926090598089,100,0.05,10,0.9,0.8,0.5,2.0,10.0,2,0.6666666666666666,0.8875420937728943
82,50,10800,2160,8.736319190664423,0.910153635877308,1.732457003146315,0.0428129978161143,0.2262983278070243,7.124606726281884,0.0947288529734451,100,0.05,10,0.9,0.8,0.5,1.0,0.0,1,0.3333333333333333,0.5151515151515151
59,50,10800,2160,8.978703519216277,0.9330324380933784,1.0930106601966034,0.0314022034555113,0.3168913337449598,9.373435713830858,0.1303729448772928,350,0.1,10,0.7,0.6,0.5,2.0,0.0,1,1.0,0.9151515151515152
26,50,10800,2160,9.894133707835037,0.8316757168114037,2.763690815357859,0.056061070849622,0.4469651372160447,6.826823636786021,0.0955772939039901,100,0.05,6,0.7,0.8,0.5,1.0,0.0,3,0.6666666666666666,0.7538028741632801
23,50,10795,2160,9.93908130476836,0.932344722292738,1.493691318055633,0.0347426739915223,0.0911927062806989,8.89562625983661,0.1144743769404566,350,0.02,10,0.7,0.8,0.5,0.5,0.0,2,0.3333333333333333,0.7696969696969697
55,50,10800,2160,9.62304943559788,0.3475389086382652,8.039693074085093,0.0995422318469485,0.1163480210725876,8.661132916521142,0.1135520081869232,700,0.1,6,0.7,0.8,0.5,0.5,10.0,2,1.0,0.830867564110496
92,50,10800,2160,9.310454297828592,0.8786375753622527,1.9857531384329667,0.0472461714064721,-0.7907943100176349,9.217237991326384,0.1059873644725315,350,0.02,10,0.7,0.6,0.5,0.5,0.0,1,1.0,0.9085534756454652
39,50,10800,2157,10.76005658833524,0.9741610000048342,0.8131931225233081,0.0226620897829046,0.2745658347711152,10.638749761187924,0.133208061222967,700,0.05,10,0.9,0.8,0.5,1.0,0.0,1,0.6666666666666666,0.5030303030303029
66,50,10800,2160,9.63164095959164,0.9513021763016756,1.0323221185269806,0.0297618954930659,-0.0413910689206309,7.063704655220112,0.0867023258938133,350,0.05,10,0.7,0.6,0.5,2.0,0.0,2,0.3333333333333333,0.3575757575757575
77,50,10800,2159,9.227966844495386,0.9337676010388618,1.1235391775720172,0.034335984558237,-0.1271851382740549,8.639711229402,0.1038670551619342,700,0.1,10,0.9,0.6,0.5,2.0,0.0,2,0.3333333333333333,0.3454545454545454
13,50,10797,2160,7.74902031075955,0.9760292083935084,0.7739971104343802,0.0171690088380221,0.0507575054547438,6.86807901926917,0.0952640716870124,700,0.3,6,0.9,0.8,0.5,1.0,0.0,1,0.3333333333333333,0.3696969696969697
37,50,10789,2160,9.41960736401377,0.9092119925333432,2.0133682508096897,0.0431889593731238,0.16528235868565,11.07437753321948,0.1354155978216049,100,0.05,6,0.9,0.8,0.5,0.5,0.0,1,0.6666666666666666,0.7781190959104828
98,50,10796,2160,9.121084310946646,0.9140961711126824,1.7945259718431013,0.0409152403298142,-0.5061198344336435,13.52143086994998,0.1598903709146919,100,0.3,6,0.9,0.6,0.5,1.0,0.0,3,0.3333333333333333,0.2606060606060606
53,50,10792,2160,9.05907355062357,0.9018871375663664,1.7791315805969892,0.0362905764041619,-0.0999518625448989,10.536970435973531,0.1419342749105909,100,0.1,6,0.9,0.8,0.0,1.0,0.0,3,0.0,-0.309090909090909
64,50,10792,2160,10.446329297687624,0.9333976570873648,1.4907674352909162,0.0361150865403576,0.0600947742825386,10.393521349697409,0.1322965826399623,350,0.1,6,0.7,0.6,0.0,1.0,0.0,3,0.3333333333333333,0.1636363636363636
40,50,10797,2160,10.367305849900582,0.8719152312083507,1.9783843164805848,0.0473211549220147,0.2914823748560867,7.28355344728305,0.0918256467320091,100,0.3,6,0.9,0.8,0.5,0.5,0.0,3,0.3333333333333333,0.2242424242424242
93,50,10799,2160,7.76330913215737,0.9127563094247976,1.7744965327292177,0.0411653238527066,0.6277633190608283,5.07587865817878,0.0661170156950223,350,0.02,6,0.7,0.8,0.0,1.0,0.0,3,1.0,0.9118583155200968
11,50,10784,2160,10.16583660446269,0.9113256385099502,1.9219973977680933,0.043127150865677,-2.703911339519732,9.365531422846296,0.1166732511270669,100,0.3,6,0.7,0.6,0.5,1.0,0.0,2,0.3333333333333333,0.0246182981958665
56,50,10799,2160,9.083280273416564,0.9006902771500612,1.710434969090581,0.0441942206133258,0.4400687265572257,8.125330821733785,0.0999721574166463,700,0.02,6,0.9,0.6,0.5,0.5,0.0,3,0.6666666666666666,0.7575757575757575
35,50,10800,2155,9.61967840724642,0.9475002023282224,1.065115347751051,0.0323819859997028,-0.0182286185921105,9.34143881204255,0.1283524913542907,350,0.1,10,0.9,0.8,0.5,2.0,0.0,1,0.3333333333333333,0.3939393939393939
61,50,10794,2160,8.330553971883011,0.9169236212356268,1.444698197330513,0.0367829804175108,-0.1457737841792687,12.357917445208876,0.157692885517147,350,0.05,6,0.9,0.8,0.5,2.0,0.0,2,0.6666666666666666,0.4181818181818181
81,50,10796,2160,8.498220348547168,0.9732272908362152,0.7641047412583534,0.0192185773535265,0.324547614375778,7.39814216254512,0.0933036924420363,700,0.1,10,0.7,0.6,0.5,2.0,0.0,1,0.6666666666666666,0.7696969696969697
79,50,10797,2160,10.202130420518827,0.8541499755337192,2.4838973369628823,0.0527447895697907,-0.2822080196430174,9.42425182474432,0.111789686915166,700,0.02,6,0.9,0.6,0.5,1.0,0.0,1,0.0,-0.7212121212121211
54,50,10799,2160,8.830688550094056,0.937368282978776,1.2028469997408255,0.0338006281778218,-1.185986601542012,8.597667223561245,0.1101826784537549,700,0.02,10,0.7,0.8,0.5,0.5,0.0,2,0.3333333333333333,0.4666666666666666
12,50,10786,2160,10.428817224413292,0.3984573533324088,8.286402339385345,0.1030737991578582,-0.0442294975846531,10.475649507310656,0.1313788677506952,350,0.3,10,0.7,0.8,0.0,1.0,10.0,2,0.3333333333333333,0.5092407888860745
34,50,10800,2157,8.561122623334215,0.8451148445260112,2.2792304502994725,0.0466891731661332,-0.3384319512753844,14.681069915947896,0.1809434843035749,100,0.05,6,0.9,0.8,0.5,1.0,0.0,3,0.0,-0.4545454545454545
89,50,10786,2160,9.837554918476794,0.915424258324258,1.4376115208589906,0.0374168381796422,-0.3364753347198361,8.948375087203804,0.1105521661933029,350,0.02,10,0.7,0.6,0.5,1.0,0.0,2,0.3333333333333333,0.2363636363636363
67,50,10800,2160,11.234484670550732,0.4597845426327016,8.738193372549834,0.109951873612207,-0.0209998491152716,6.170908547683998,0.068569970491336,100,0.3,10,0.9,0.8,0.0,2.0,10.0,2,0.6666666666666666,0.7121596347016298
96,50,10796,2160,8.225694793369788,0.928387497168972,1.2637303110733007,0.0318030960013282,-0.1522387907712437,12.86219585897746,0.1525771062116878,350,0.05,6,0.7,0.6,0.5,1.0,0.0,2,0.3333333333333333,-0.1636363636363636
68,50,10800,2160,8.699257666319564,0.9167363465519474,1.607610316049106,0.0388465296974121,-0.830271033869358,7.617075390748128,0.1036134677210982,100,0.1,6,0.9,0.8,0.5,2.0,0.0,1,0.6666666666666666,0.7294866524160775
97,50,10800,2160,11.125531971981612,0.9379598256984932,1.320165314942663,0.0374875482915467,0.524668223669948,9.03561959180015,0.1083796042496422,700,0.1,10,0.9,0.6,0.5,2.0,0.0,3,1.0,0.6606060606060605
90,50,10800,2160,9.586997900431404,0.8878064588365856,1.834685487026939,0.0506131275361231,-1.7127813652654988,11.052943959958826,0.1425831463498778,700,0.02,10,0.9,0.8,0.5,2.0,0.0,3,0.3333333333333333,0.4601573393548865
14,50,10800,2160,8.758638518920794,0.781918318665016,2.6606088314088607,0.0585179539469878,-0.6756252409810115,9.120184963577325,0.1175692001020119,350,0.02,6,0.7,0.6,0.5,0.5,0.0,1,0.3333333333333333,-0.0545454545454545
36,50,10800,2160,7.849715238482863,0.3197234083541642,6.761077913761138,0.0888734860876089,-0.1839603997256951,13.616736566402292,0.1844779740292005,350,0.3,10,0.7,0.6,0.0,1.0,10.0,3,0.6666666666666666,0.5703845117952784
9,50,10800,2160,8.718021075766625,0.8940824584530388,1.864675969623708,0.0468085210701546,-0.4035811022934248,12.407305629907242,0.1515986557541848,100,0.3,6,0.9,0.8,0.5,0.5,0.0,2,0.6666666666666666,0.1580554413568168
42,50,10797,2160,9.25478821019706,0.9108979064294888,1.5527159133159325,0.0399231551830316,-0.1229866905945653,12.825430043731684,0.15780009822549,700,0.02,6,0.9,0.6,0.0,0.5,0.0,3,0.6666666666666666,0.4303030303030302
44,50,10792,2160,10.729698440235008,0.2048653700827982,9.331387256603934,0.1152940165212259,0.1797102979115951,11.297911493513318,0.1418750413936587,700,0.02,6,0.7,0.8,0.5,2.0,10.0,3,1.0,0.846898641011071
20,50,10789,2160,9.272686882425903,0.8676045220440718,2.168190614002542,0.0438479326133672,0.2533438073342255,9.360507338775529,0.1209037991531156,100,0.05,10,0.7,0.6,0.5,1.0,0.0,1,1.0,0.6930123197952737
46,50,10800,2160,8.989032124185304,0.8574138300298545,2.072742464800664,0.0451780413700211,0.1728594157464844,8.632203251535968,0.1152501237216875,100,0.05,6,0.7,0.6,0.0,1.0,0.0,1,0.3333333333333333,0.8160123484559988
95,50,10785,2160,7.669909701695152,0.9137438717532256,1.4017087789455651,0.0366321600624287,0.1340652850581587,11.82781511012344,0.1500182210486326,350,0.1,6,0.7,0.8,0.5,2.0,0.0,1,0.3333333333333333,0.3575757575757575
84,50,10795,2160,9.553678359324982,0.3831114050138922,7.657855250591369,0.097195618079757,0.2495299432240548,10.77652898753131,0.1300773161565808,100,0.3,6,0.9,0.6,0.0,1.0,10.0,2,0.6666666666666666,0.8334762598987157
69,50,10800,2160,8.168368734911583,0.8913829633445691,1.4994699551226185,0.0393110290816683,-0.0120355001185192,10.407268144851336,0.1370526829932623,700,0.02,6,0.9,0.6,0.0,0.5,0.0,1,0.3333333333333333,0.2848484848484848
33,50,10800,2160,9.89304586409881,0.9030072692141258,1.8704861979517984,0.0418903282153672,-0.3509140463971576,7.57388894918892,0.0922667339442245,350,0.02,6,0.7,0.6,0.0,1.0,0.0,1,0.3333333333333333,0.2727272727272727
99,50,10800,2159,9.780233411681412,0.9642702294079336,1.1888049388975228,0.0254231518118479,-0.1349772487821297,7.785115042425634,0.104149844718691,100,0.3,6,0.9,0.6,0.5,0.5,0.0,3,0.6666666666666666,0.6484848484848483
45,50,10800,2160,10.580719692437736,0.7820743284215255,3.9354406985309383,0.0613568810430402,-0.0636890040725779,13.416515588694148,0.1637860815547022,100,0.02,6,0.7,0.8,0.5,2.0,0.0,3,0.0,0.2484848484848484
32,150,32389,2160,8.099781363738801,0.8979582298385242,1.748794333369054,0.042497339885839,0.2706201741691511,10.40422783980974,0.1279294519141434,700,0.05,6,0.7,0.6,0.5,1.0,0.0,1,0.6666666666666666,0.8303030303030302
3,150,32384,2160,7.583616191061637,0.920291147666447,1.4055780317751154,0.0374881998352304,0.524610577512795,5.379914934292585,0.0950122128727494,100,0.05,10,0.9,0.8,0.0,0.5,0.0,3,1.0,0.9317050452262764
12,150,32376,2160,7.945963395832946,0.906397248593408,1.6697039400876894,0.0410024656949421,0.1802266717684167,8.56165974676747,0.1164057486438749,700,0.05,6,0.9,0.8,0.0,2.0,0.0,1,0.6666666666666666,0.8181818181818182
18,150,32380,2159,7.185433006375997,0.900174469209026,1.682957986107301,0.0380369613120489,-0.0409557778493174,8.046161182756023,0.1192268564865396,700,0.02,6,0.7,0.8,0.5,0.5,0.0,1,0.6666666666666666,0.4181818181818181
17,150,32385,2160,7.96896954595906,0.8923770674656608,1.872125917540772,0.0415840087265643,0.420985506174091,7.973950090882954,0.099040408281883,700,0.02,6,0.9,0.6,0.5,0.5,0.0,3,0.6666666666666666,0.8060606060606059
15,150,32397,2160,7.572543064151605,0.9376833653807044,1.2049823667733524,0.0318084502076202,0.2326200375298954,10.69913765222938,0.1350642683539236,100,0.05,10,0.9,0.8,0.0,1.0,0.0,3,1.0,0.9030303030303028
57,150,32395,2160,7.824499301061745,0.9552783716343168,0.9554451880911388,0.0275701241018184,0.7932998943372004,3.690952095283385,0.0489434308125833,700,0.05,10,0.9,0.8,0.5,1.0,0.0,3,1.0,0.9361745372672996
98,150,32370,2160,7.744577998632225,0.8771862514545928,1.984511365861759,0.044825017707851,0.2648519262506128,9.049365720510291,0.1117068892170574,700,0.02,6,0.9,0.8,0.5,0.5,0.0,2,0.6666666666666666,0.3818181818181818
10,150,32385,2160,7.689932769985837,0.9051106062622954,1.68247806703884,0.0398023446319849,0.7176260072732157,5.434750175578638,0.0749085904106655,350,0.05,6,0.9,0.8,0.5,2.0,0.0,2,1.0,0.8181818181818182
62,150,32383,2157,7.431655269719412,0.9372935404756112,1.3028917462302676,0.0312120512748837,0.3756613968998595,6.455386264740343,0.0858332438103307,700,0.05,6,0.7,0.6,0.0,2.0,0.0,2,0.6666666666666666,0.7575757575757575
8,150,32387,2160,8.001641117077966,0.8173928418264292,2.97865128403903,0.0572325061047957,0.4993913400708117,5.547130812922562,0.0811483169369845,100,0.05,6,0.7,0.8,0.5,2.0,0.0,3,0.3333333333333333,0.8181818181818182
43,150,32391,2159,8.431533625064878,0.8453950466749245,2.635866095952271,0.0514497711800584,0.1002584729484958,9.357471494628372,0.1215911577925052,350,0.02,6,0.9,0.8,0.0,1.0,0.0,1,0.6666666666666666,0.2188459957248232
51,150,32389,2160,8.415489821843579,0.8470984775122334,2.439399576612728,0.0516253396914434,-0.6393914212408229,7.099184826430908,0.0922161029699968,100,0.1,6,0.7,0.8,0.5,2.0,0.0,1,0.3333333333333333,0.3818181818181818
87,150,32382,2160,8.076938946848166,0.8612502013455606,2.4504086275376635,0.050064870675414,0.6530935444160855,5.279767930743682,0.0714339843797697,100,0.1,6,0.7,0.8,0.5,1.0,0.0,1,0.6666666666666666,0.6121212121212121
21,150,32379,2160,8.31414818291765,0.9100735306231288,1.7814414068144513,0.0413853933433592,-0.9753993089784464,7.387325853159504,0.1254192392089255,700,0.05,6,0.7,0.8,0.5,0.5,0.0,1,1.0,0.8909090909090909
25,150,32385,2160,6.80820100648269,0.855439072051311,2.327809832795797,0.0466951167106208,0.2080441556987352,10.16288488253658,0.1292295898156773,350,0.02,6,0.9,0.8,0.5,0.5,0.0,3,0.6666666666666666,0.5515151515151515
50,150,32376,2160,7.894136582413973,0.925297659998644,1.4248231021355735,0.0366026489420789,0.1741165489527415,5.992946365219972,0.0808737178204854,100,0.1,10,0.9,0.8,0.5,2.0,0.0,2,1.0,0.7212121212121211
71,150,32391,2149,7.013512968402987,0.8418301436099904,2.412867343701909,0.0504636203513425,0.4352482631369156,9.30885580857967,0.1165243835839481,350,0.02,6,0.9,0.8,0.5,2.0,0.0,2,1.0,0.9240164263936982
93,150,32396,2160,7.291923602545422,0.895275767598927,1.7981693065370912,0.0417440918253932,0.503096202290878,5.733505181269548,0.076390581702282,350,0.05,6,0.7,0.8,0.5,2.0,0.0,3,0.6666666666666666,0.7173285415424762
9,150,32376,2160,8.900651102438312,0.8515454344579345,2.599460202333842,0.0535192529403467,0.50642700251577,6.841341612849415,0.0898984679025277,100,0.1,6,0.7,0.8,0.0,1.0,0.0,2,0.6666666666666666,0.705170430668875
30,150,32392,2156,8.200304584631551,0.8866541382737624,1.9788874211701737,0.0435733949900779,0.5405279182238748,7.028631707591891,0.0959673432908159,700,0.02,6,0.7,0.8,0.5,2.0,0.0,3,1.0,0.8389096502784892
91,150,32394,2160,7.432566388653146,0.8818803200521779,1.8686168233262204,0.0416845924329164,0.5965255845969674,3.2481453887704346,0.0474770966840511,700,0.02,6,0.9,0.8,0.5,0.5,0.0,2,0.6666666666666666,0.9240164263936982
24,150,32393,2160,7.610178609079573,0.8905606683183965,1.9358246349734312,0.0433625507608427,-0.1861327326866593,10.303641952626684,0.1470014871528988,350,0.05,6,0.9,0.8,0.0,2.0,0.0,1,0.6666666666666666,0.6606060606060605
58,150,32396,2160,7.307198787172576,0.9343176118583814,1.110899681740781,0.0328866838199826,0.108701142689589,7.936430173005771,0.1042676238960162,350,0.05,10,0.9,0.8,0.5,1.0,0.0,1,0.3333333333333333,0.4787878787878787
38,150,32386,2160,7.829595406626842,0.9035738220298152,1.6322621570081028,0.0404983399677389,0.4797971160147984,6.597996450532055,0.0871620135489013,700,0.05,6,0.7,0.8,0.5,0.5,0.0,3,0.6666666666666666,0.9030303030303028
29,150,32394,2156,7.636503814068928,0.889280883964945,1.781201632533541,0.0457063837819643,-0.2296815648762045,11.503811074801634,0.1384602582685464,350,0.02,10,0.7,0.8,0.5,1.0,0.0,3,0.6666666666666666,0.4255338805760452
88,150,32381,2160,6.944298086384171,0.8345135646508276,2.4035326057089543,0.0513511237722476,0.2349917001986513,9.79804631325733,0.1316250682646372,350,0.02,6,0.7,0.8,0.0,0.5,0.0,1,0.6666666666666666,0.8787878787878788
54,150,32374,2160,8.32220311415212,0.8845733476462723,2.06099867198343,0.0466560511086615,-0.4459385258017045,6.345652067097319,0.0896116537829761,100,0.3,6,0.9,0.6,0.5,0.5,0.0,2,0.3333333333333333,0.6969696969696969
14,150,32388,2160,7.433107269974238,0.9352380495760204,1.194610395831395,0.032008003894929,-0.6209952329086241,8.148908546455205,0.1156367787961108,350,0.02,10,0.7,0.8,0.0,1.0,0.0,3,0.3333333333333333,0.4666666666666666
52,150,32388,2157,8.092212712357181,0.9290908186812028,1.243769879185663,0.0357566107662139,0.3371065025695543,8.829556047327827,0.1138395025322877,350,0.02,10,0.9,0.8,0.0,0.5,0.0,2,0.6666666666666666,0.9272727272727272
5,150,32396,2160,7.69106648788012,0.8313463590555907,2.7650929779252005,0.0538295192444516,0.4437434416312693,7.297155263048631,0.1043006142716088,100,0.05,6,0.9,0.8,0.5,2.0,0.0,3,0.6666666666666666,0.9030303030303028
65,150,32389,2160,7.311629758783573,0.9378111835567003,1.280646581016867,0.0287814831995623,-0.9585456618547364,7.345525220831234,0.0940439722385091,350,0.02,10,0.7,0.8,0.5,1.0,0.0,1,0.6666666666666666,0.5393939393939393
35,150,32394,2155,8.325853635684243,0.9446033419728652,1.143142817028281,0.0316151731801527,0.0230321435252051,8.416917152007882,0.125725042404176,700,0.02,10,0.7,0.8,0.5,2.0,0.0,1,0.3333333333333333,0.7454545454545454
28,150,32388,2160,8.088785874462246,0.8932136604351758,1.877414237741328,0.0420983852483431,0.4175442111689307,5.562111583241171,0.0757955225513817,350,0.05,6,0.7,0.8,0.5,2.0,0.0,1,1.0,0.8787878787878788
0,150,32387,2160,7.557941387473621,0.926788005637588,1.564197920379919,0.0354573374176007,0.2978337912326945,5.701680970532276,0.0894538591721963,700,0.05,6,0.7,0.8,0.5,1.0,0.0,1,0.6666666666666666,0.8666666666666665
41,150,32381,2160,8.116687437498607,0.8008977013869082,2.8778478549027917,0.0566902753689111,0.0363752637967301,7.467725168687822,0.1258725564505746,350,0.02,6,0.7,0.8,0.5,2.0,0.0,1,0.6666666666666666,0.8787878787878788
47,150,32389,2160,8.961456171746132,0.9329548934988792,1.2825211687330391,0.0351168193087068,0.3171027035325718,6.197001536262255,0.0851476419276107,350,0.02,10,0.9,0.8,0.0,2.0,0.0,3,0.3333333333333333,0.2242424242424242
4,150,32380,2160,8.192779794525052,0.8856476102357809,1.8702409183256876,0.0458273374793994,0.1970428210178427,10.138057435160432,0.1368406710490564,350,0.02,10,0.7,0.8,0.5,2.0,0.0,2,0.6666666666666666,0.4303030303030302
63,150,32377,2160,8.294849815985316,0.9038790055378032,1.832340956276072,0.0410205155529035,0.2546738073502355,8.260311600239516,0.1185214453198325,350,0.05,6,0.9,0.8,0.0,2.0,0.0,1,0.6666666666666666,0.6484848484848483
49,150,32392,2157,6.992231100147795,0.93326394824237,1.30190506945022,0.0321685786111257,0.3840114564568075,8.33507399058067,0.0990821337213472,350,0.1,6,0.7,0.8,0.5,0.5,0.0,1,0.6666666666666666,0.5515151515151515
16,150,32375,2160,7.657834016251543,0.8477388738902677,2.744976418933454,0.052697068748139,-0.0517439286547223,10.848877254078872,0.1443380913634422,100,0.05,6,0.7,0.8,0.0,1.0,0.0,3,0.6666666666666666,0.8909090909090909
55,150,32377,2160,8.000531456901417,0.7725578876908328,3.3063729699246114,0.0615987428663267,0.3834137304829226,6.871291881774519,0.0948530099239085,100,0.05,6,0.9,0.8,0.5,1.0,0.0,1,0.6666666666666666,0.6363636363636362
13,150,32379,2160,6.757584090510909,0.9143241648231396,1.4034712622816077,0.0366967300017665,0.2439768172514211,5.439239442182911,0.0850174569701105,100,0.1,10,0.7,0.8,0.5,2.0,0.0,2,0.3333333333333333,0.3212121212121211
56,150,32379,2160,7.066667357295721,0.8694895396777754,2.3216833887798303,0.0472024885732264,0.6134486882936585,6.017340308838584,0.0830644660608415,350,0.02,6,0.7,0.8,0.0,2.0,0.0,1,0.6666666666666666,0.8787878787878788
19,150,32385,2157,7.71632381523594,0.9516890283157482,1.2148046121083262,0.0282314331882561,0.3332872394165025,7.362375173445292,0.094062978112948,700,0.05,6,0.7,0.8,0.5,2.0,0.0,2,0.6666666666666666,0.6848484848484848
82,150,32394,2160,7.669088110115517,0.826454595485955,2.7236437115301566,0.0521809653429618,0.1285803692087493,7.339396552084773,0.100533124546011,100,0.05,6,0.9,0.8,0.5,2.0,0.0,3,0.3333333333333333,0.2969696969696969
7,150,32388,2160,8.456986277446685,0.8104620140997113,2.9847265495508024,0.0571620585886544,0.3701972394755422,9.148150952529072,0.1185971181042795,350,0.02,6,0.7,0.8,0.5,1.0,0.0,3,0.6666666666666666,0.8666666666666665
33,150,32399,2160,7.621377969077938,0.8752885227276244,2.301009851307312,0.0447665889198609,-1.1848555353176642,8.537693103842042,0.1173390728146384,350,0.02,6,0.7,0.8,0.5,2.0,0.0,2,0.3333333333333333,0.2363636363636363
69,150,32386,2160,7.062685154208087,0.8686053423513265,2.056686001007688,0.0458129086811145,-0.0015261165376401,9.790718355134423,0.1363392208550549,100,0.1,6,0.7,0.8,0.0,2.0,0.0,2,0.3333333333333333,0.406060606060606
67,150,32386,2160,8.21900301005175,0.9261072004824557,1.4892924974299235,0.0381017101067584,0.5929434598407037,3.404890589864183,0.0432960714958151,700,0.1,6,0.9,0.8,0.5,1.0,0.0,2,0.6666666666666666,0.8389096502784892
23,150,32391,2160,8.05868193563199,0.929600615914055,1.5239023948414512,0.0352242547791981,0.4868232763721878,6.322227673268149,0.086021272227514,700,0.05,6,0.7,0.8,0.5,1.0,0.0,3,0.6666666666666666,0.6121212121212121
77,150,32377,2159,7.984559932299296,0.9166619445469276,1.7359755857473622,0.039690352066239,0.1746956410598626,6.424139991938277,0.0888765649878664,100,0.3,6,0.9,0.8,0.0,0.5,0.0,2,0.6666666666666666,0.709090909090909
94,150,32394,2160,7.510014968306078,0.8824831062792476,2.0734057885529875,0.0468094548400356,0.2565339065478358,7.745060973680854,0.1061967160197974,350,0.05,6,0.7,0.8,0.5,1.0,0.0,2,1.0,0.7696969696969697
44,150,32391,2160,7.984676967458151,0.895643683901625,1.7610756030652528,0.040001385438307,0.5110354287499739,7.949250853533545,0.1095370568973343,100,0.05,10,0.9,0.8,0.5,1.0,0.0,2,0.6666666666666666,0.8666666666666665
39,150,32397,2157,9.041208031684322,0.8502970222886497,2.339767803857088,0.0522295810624833,0.4622784329596432,8.715936867728864,0.1146859542546514,700,0.02,6,0.7,0.8,0.5,2.0,0.0,1,0.6666666666666666,0.9151515151515152
53,150,32377,2160,7.525636966895154,0.8160327511672275,2.7849274421020804,0.0522066947557916,0.2825316972912209,8.520079211970378,0.1146309266673771,350,0.02,6,0.9,0.8,0.0,1.0,0.0,1,0.6666666666666666,0.5151515151515151
6,150,32390,2160,7.392419858563379,0.8434963391313588,2.312062324332257,0.0471022341905432,0.3401412834037963,8.770318994960393,0.1270310860668327,350,0.02,6,0.7,0.8,0.0,0.5,0.0,1,0.6666666666666666,0.8145934285312865
66,150,32390,2160,7.985962567847264,0.8711469242329287,2.2267012289627672,0.0454825102003037,0.261457792701847,5.161194757349375,0.0730148981486158,350,0.02,6,0.7,0.8,0.5,2.0,0.0,2,0.3333333333333333,0.3333333333333332
85,150,32396,2157,7.794683687506887,0.926879380012512,1.22341364005132,0.0335641408814944,0.2694922827800217,6.505071625301521,0.0825757778987495,350,0.05,10,0.7,0.8,0.5,2.0,0.0,2,0.6666666666666666,0.7963562622208846
20,150,32392,2160,7.709291741034704,0.959840421212795,0.8791840023920958,0.0260450910844955,0.3832301426305703,7.743012896952546,0.1098857008836201,700,0.02,10,0.9,0.8,0.0,2.0,0.0,3,1.0,0.8206724839680872
26,150,32390,2160,8.308450431993043,0.8980273301506069,1.9351136695974804,0.0442349626942494,0.434834098731081,7.150548828063722,0.0966198704605995,350,0.05,6,0.9,0.8,0.5,2.0,0.0,3,0.6666666666666666,0.7477238187264794
36,150,32381,2160,7.226057544456045,0.8418172338649508,2.5241832452646054,0.0489876385848616,0.2706559551123023,11.065484420492234,0.144791195104767,350,0.02,6,0.9,0.8,0.5,2.0,0.0,3,0.6666666666666666,0.9515151515151514
37,150,32381,2160,8.253263824917203,0.8879422433226403,2.348706664800756,0.044730728839285,0.1392761677790349,10.469831901288126,0.1375089004380011,350,0.02,6,0.7,0.8,0.0,2.0,0.0,1,1.0,0.9240164263936982
46,150,32382,2160,8.102299087970794,0.8542813077823617,2.1403406452404936,0.0494016339165125,0.2915017461487179,7.192860842017906,0.1066648009466468,700,0.02,6,0.7,0.8,0.5,2.0,0.0,2,1.0,0.9632626970495626
64,150,32386,2160,7.593386128491811,0.9135345745713916,1.488315424359403,0.039398207844575,0.4054919903664123,7.9561269610820124,0.1052168871466721,100,0.1,10,0.7,0.8,0.5,1.0,0.0,2,0.6666666666666666,0.6363636363636362
27,150,32395,2160,7.98011512233397,0.88792921308752,1.9452374565053137,0.0444596798308525,0.0830520140036991,8.124308710170013,0.1034824243373856,700,0.02,6,0.9,0.8,0.5,0.5,0.0,1,0.6666666666666666,0.6848484848484848
80,150,32399,2160,8.594311563045256,0.8899758848342544,1.8965171362826827,0.0442166354933504,0.1950092928777975,7.517520837944941,0.1061594278985046,350,0.05,6,0.7,0.8,0.5,2.0,0.0,3,0.3333333333333333,0.2848484848484848
1,150,32383,2160,7.902802961973835,0.8915477506851013,1.681162472791726,0.042492717732784,0.3301460203815368,8.455970784571901,0.1060856893326272,350,0.02,10,0.7,0.8,0.5,2.0,0.0,1,0.3333333333333333,0.6969696969696969
92,150,32383,2160,8.17645176811699,0.8282891426027683,2.777723186057244,0.0544697677931788,0.0382772321957125,4.680484335955235,0.0776705157277353,350,0.02,6,0.7,0.8,0.5,2.0,0.0,3,1.0,0.7195255713165428
99,150,32381,2159,8.801070212699354,0.8735478735195188,2.255744503255602,0.0487060606760291,0.1409685507787391,7.308444360032464,0.0906086334857508,350,0.05,6,0.9,0.6,0.5,0.5,0.0,2,0.3333333333333333,0.3939393939393939
22,150,32387,2160,7.54367005447205,0.9376001455125303,1.13511240762583,0.0330496330217424,0.2666617115689896,9.861927819923254,0.1259200156029382,350,0.1,10,0.7,0.8,0.5,2.0,0.0,2,0.6666666666666666,0.6
79,150,32394,2160,8.916297199102091,0.8360284359825488,2.776695635668197,0.0549317917445521,0.3196770986965634,6.737145430966414,0.0814291761152209,100,0.1,6,0.7,0.8,0.5,2.0,0.0,2,0.6666666666666666,0.6
59,150,32376,2160,7.8750726185292335,0.944336843638238,1.1580762944632694,0.0313825473208255,0.5300948811982882,8.009060744830856,0.1081303642510223,700,0.02,10,0.7,0.8,0.5,2.0,0.0,2,0.6666666666666666,0.9636363636363636
34,150,32390,2157,7.696538983261639,0.8097354637241606,2.931421725164088,0.0533632041118244,0.2386012508663247,10.809410090627743,0.1364743016466832,100,0.05,6,0.9,0.8,0.5,1.0,0.0,3,0.3333333333333333,0.3575757575757575
75,150,32388,2160,8.006424233347463,0.8855407062834318,1.9703211553285365,0.0444777384161639,0.3827501678622047,7.573788534286009,0.0941517314447885,350,0.05,6,0.7,0.8,0.5,1.0,0.0,2,0.6666666666666666,0.6121212121212121
74,150,32382,2156,7.5063030258533505,0.8996877735879001,1.7205034890409605,0.0403018551624378,0.2645581883884417,6.185111926711191,0.0925924203414853,350,0.05,6,0.9,0.8,0.0,1.0,0.0,3,1.0,0.6969696969696969
76,150,32396,2160,7.762919022532573,0.8550922526174056,2.400432607493117,0.049781730184867,0.4621199719360127,6.1011015580635934,0.0728394738913563,350,0.02,6,0.9,0.8,0.5,2.0,0.0,1,0.6666666666666666,0.6
68,150,32400,2160,8.813412462067886,0.8884769487976081,1.9274406580322192,0.0438153717728317,0.0069779060677562,5.661342369688468,0.0763199296237544,350,0.05,6,0.7,0.8,0.5,1.0,0.0,1,0.3333333333333333,0.6686960980480711
70,150,32382,2159,7.702044828439568,0.911877908789243,1.4700758402701863,0.0385759923789986,-0.0716450655587621,8.521430721742348,0.1093281912849674,100,0.05,10,0.9,0.8,0.0,2.0,0.0,2,0.3333333333333333,0.2363636363636363
48,150,32381,2160,8.180954243135494,0.9399699715503992,1.1839299832970975,0.0323699265121141,0.5486238183121332,4.671177828888111,0.0618133536750476,350,0.02,10,0.9,0.8,0.0,0.5,0.0,1,0.3333333333333333,0.8424242424242423
61,150,32388,2160,7.880284952109806,0.8894993958052331,1.8593317572582675,0.0421609122226576,0.270365475418345,8.725752428190662,0.1258390257548871,350,0.05,6,0.9,0.8,0.5,2.0,0.0,2,0.6666666666666666,0.8787878787878788
11,150,32388,2160,8.095412265200888,0.8893179647542877,1.9937158070818128,0.0452884150699355,0.1158910766783626,4.060838838879529,0.0570024989818014,350,0.05,6,0.7,0.8,0.5,0.5,0.0,2,0.6666666666666666,0.7631672440718629
86,150,32380,2160,8.265347874111319,0.939042905334689,1.1220632643946753,0.031976286280124,0.5075388766656905,9.354250328171034,0.1094164239662774,700,0.05,10,0.9,0.8,0.5,1.0,0.0,1,1.0,0.9515151515151514
72,150,32397,2148,8.095294991264415,0.8791646591017921,2.0781542071629504,0.0467545256116437,-1.2443705696581144,8.27626530012998,0.1147443176950159,350,0.05,6,0.9,0.8,0.5,1.0,0.0,1,0.3333333333333333,0.0061354311913984
78,150,32391,2160,8.363692387162144,0.8953192971596033,1.941696310024701,0.0441445241363775,0.041209513945784,7.853680672800778,0.1056113465804041,350,0.05,6,0.9,0.6,0.0,0.5,0.0,1,0.3333333333333333,0.309090909090909
90,150,32386,2160,8.170870037178743,0.9156263448398092,1.3835444251967417,0.0396991791597808,0.3359009496849396,4.738630269316599,0.0705467850295708,700,0.02,10,0.9,0.8,0.5,2.0,0.0,3,0.3333333333333333,0.6564911374796382
31,150,32387,2160,7.634611607512191,0.9394519952739562,1.115387185996941,0.0319969632123832,0.3242985858662152,8.484845920886363,0.1014619938771155,350,0.02,10,0.7,0.8,0.0,0.5,0.0,2,0.6666666666666666,0.7333333333333332
96,150,32385,2160,7.810633924173882,0.9426855022936248,1.1660185376312788,0.0324329125257498,0.1892812538592861,10.810635081562731,0.1279832797735669,700,0.05,10,0.7,0.8,0.5,1.0,0.0,1,0.6666666666666666,0.3212121212121211
2,150,32387,2160,7.957684640014759,0.9512976192203976,0.950724516515178,0.0297904757209629,0.0318194917490279,10.648217233689849,0.1387613302074817,700,0.05,10,0.9,0.8,0.5,2.0,0.0,1,0.3333333333333333,0.5030303030303029
95,150,32391,2160,7.441020135437884,0.9096047298698507,1.6647475825992837,0.0377148894289333,0.3498726242214538,10.078482610041696,0.1299872221123995,350,0.05,6,0.7,0.8,0.5,1.0,0.0,1,1.0,0.8787878787878788
73,150,32396,2160,7.644234977146661,0.8356562893320475,2.503760649032088,0.0520952523391042,0.4801317523118265,5.456768212880204,0.0863250116291595,350,0.02,6,0.9,0.8,0.5,1.0,0.0,1,1.0,0.6969696969696969
60,150,32385,2160,7.7347719063875955,0.9285557567020646,1.4504908418088145,0.0360410339228012,-0.2102938945763492,9.246321438219168,0.1412553562529905,700,0.1,6,0.9,0.8,0.5,1.0,0.0,2,0.6666666666666666,0.8787878787878788
45,150,32392,2160,7.997585527384176,0.9540371415747102,0.972217492544388,0.0275392917173115,0.4210900647136552,9.37529897308572,0.1208301068543401,700,0.02,10,0.7,0.8,0.0,2.0,0.0,3,1.0,0.8060606060606059
83,150,32381,2160,7.632212706713089,0.9259208296487392,1.268284605967158,0.0352885952384183,0.0010904039283227,9.066759129888895,0.1258441464877379,350,0.05,10,0.9,0.8,0.5,0.5,0.0,3,0.3333333333333333,0.2727272727272727
84,150,32379,2160,7.74343557381073,0.9617498219712975,0.9711997447259018,0.0257969668221767,0.2647984610873849,9.370956325646905,0.1287472872166051,350,0.02,10,0.9,0.8,0.0,0.5,0.0,2,1.0,0.6969696969696969
81,150,32379,2160,7.324111857784814,0.9265914916998124,1.5061961752098394,0.0336265369496155,0.4364296899876506,6.58663764691032,0.0852266688181308,350,0.05,6,0.7,0.8,0.5,2.0,0.0,2,1.0,0.9151515151515152
89,150,32388,2160,7.770515721718911,0.951030350102144,1.0922630008834129,0.0281893021344609,-0.3258548276322377,8.250088635175919,0.1101120301391901,700,0.3,6,0.9,0.8,0.5,0.5,0.0,3,0.0,-0.2121212121212121
40,150,32394,2160,6.9730759400780205,0.934561732665574,1.1474655330003138,0.0317808933688013,0.4956282169151348,5.770711239836593,0.0774754411306315,350,0.05,10,0.9,0.8,0.5,1.0,0.0,3,1.0,0.5878787878787878
97,150,32382,2160,7.888829268417238,0.8728637404230086,2.157062521769077,0.0489019794856602,0.6755819945807351,6.614441799424908,0.0895368088236955,700,0.02,6,0.7,0.8,0.5,1.0,0.0,2,0.6666666666666666,0.7696969696969697
42,150,32389,2160,7.47665958353627,0.8966781730590456,1.715723774465014,0.0402809140914305,0.238672729952845,9.603993767499835,0.1299288688989391,350,0.05,6,0.7,0.8,0.5,2.0,0.0,1,0.3333333333333333,0.6848484848484848
31,100,21587,2160,8.102018691004542,0.9338529704638886,1.1204733900175794,0.032558558872678,-0.2238903829643221,11.245395024233945,0.1365517404105637,350,0.1,10,0.9,0.8,0.5,1.0,0.0,3,0.3333333333333333,-0.1151515151515151
18,100,21585,2159,7.314852468763982,0.971578073402709,0.6275480800557338,0.0187967807310939,0.1034688290442086,7.689213157974738,0.110647256605248,350,0.02,10,0.9,0.8,0.0,2.0,0.0,2,0.6666666666666666,0.4787878787878787
15,100,21597,2160,8.612317325309082,0.9129943677585264,1.5414600894259805,0.0377174340762132,-0.0413870113584713,12.692829241189694,0.1573407881256381,700,0.05,6,0.7,0.8,0.5,0.5,0.0,2,1.0,0.7212121212121211
57,100,21596,2160,8.477345406695154,0.9279781044034668,1.3848727094916156,0.0355261411114644,0.5498227905317499,5.921433346183988,0.0722297001747241,100,0.3,10,0.7,0.6,0.5,1.0,0.0,2,0.6666666666666666,0.9118583155200968
87,100,21593,2160,8.130713313795653,0.8775905943070016,2.188270016714784,0.0452651633756461,0.4969821777986641,7.087849011349112,0.0860182038800238,100,0.1,6,0.7,0.8,0.5,1.0,0.0,3,1.0,0.6484848484848483
8,100,21594,2160,7.183412212378021,0.8682529548112455,2.140587197418532,0.0446054655852489,0.1874859640663996,8.153269948297076,0.1033822009196101,100,0.05,6,0.7,0.8,0.5,2.0,0.0,3,0.3333333333333333,0.6242424242424242
75,100,21599,2160,8.511079268141259,0.8871831225816155,1.923866819788004,0.0441809933566192,0.4310925694239707,7.508008093898255,0.0903896331758896,350,0.05,6,0.7,0.8,0.5,1.0,0.0,2,0.6666666666666666,0.6
9,100,21592,2160,9.424469710594574,0.8513805434667716,2.468438402117582,0.0551816203385396,0.3901845455578676,8.373494006770628,0.0999253797579518,700,0.02,6,0.9,0.6,0.5,2.0,0.0,1,0.6666666666666666,0.5957474328064633
32,100,21592,2160,9.273677522828862,0.8368120665200052,2.908351171988012,0.0557965256623075,0.3748127375139801,9.824062696452495,0.1184400893672431,100,0.05,6,0.9,0.6,0.5,0.5,0.0,1,0.6666666666666666,0.6606060606060605
78,100,21595,2160,8.920441126180602,0.8952413361536893,1.9571041659179835,0.0450217180428954,0.0879714849595025,7.50176771746293,0.1030037249710331,350,0.05,6,0.7,0.8,0.5,0.5,0.0,1,0.6666666666666666,0.6969696969696969
25,100,21592,2160,7.365811116326438,0.8824650164860111,1.8703103679874544,0.03978318227644,0.2703741396847428,9.723954469464132,0.1240399524305952,350,0.02,6,0.9,0.8,0.5,0.5,0.0,3,0.6666666666666666,0.6606060606060605
17,100,21593,2160,8.491312311720495,0.8819584434720285,2.0368828077053207,0.0460618762507736,0.33614215775927,8.887666289011637,0.10604867567665,700,0.02,6,0.9,0.6,0.5,0.5,0.0,3,0.6666666666666666,0.5515151515151515
73,100,21596,2160,7.780652154476161,0.831832189710238,2.743386172914182,0.0542632838929835,0.5250689609711148,5.020364447066225,0.0825097509277911,100,0.05,6,0.9,0.8,0.5,2.0,0.0,2,1.0,0.6606060606060605
10,100,21593,2160,7.440250455053237,0.902048867622479,1.6613197843011769,0.0399762993054204,0.735308874389728,4.773739683726723,0.07252520546941,350,0.05,6,0.7,0.8,0.5,2.0,0.0,3,1.0,0.8060606060606059
3,100,21595,2160,9.13959079629656,0.9499942840686968,1.1113948053566085,0.0312564070727073,0.6070073683084949,5.833997689059384,0.0863866991397955,100,0.1,10,0.7,0.8,0.0,0.5,0.0,3,0.6666666666666666,0.7316073173924452
83,100,21595,2160,8.815140867915854,0.9194294688332116,1.3690341353588196,0.0370760660203888,-0.1808058239744017,9.728670298752151,0.1368230194200931,700,0.02,10,0.9,0.8,0.5,2.0,0.0,3,0.3333333333333333,0.2242424242424242
30,100,21595,2156,7.906464747856316,0.8628752532513935,1.9399224769042056,0.0436100393509245,0.255307686506416,8.910422099996808,0.1221749988821929,100,0.1,6,0.7,0.8,0.5,0.5,0.0,2,0.6666666666666666,0.4316129360128458
34,100,21594,2157,8.534531451836147,0.9323736261652332,1.127476661963037,0.0314779004418207,0.1311382261843008,11.622968797322656,0.1457874522641743,350,0.05,10,0.7,0.8,0.5,0.5,0.0,2,1.0,0.5757575757575757
79,100,21594,2160,9.533100615124535,0.8488343022792675,2.506930174123472,0.0538726250718446,0.033379559531575,8.099244955491137,0.0970622786620383,700,0.02,6,0.9,0.6,0.5,1.0,0.0,1,0.3333333333333333,0.2606060606060606
88,100,21584,2160,6.857775361695971,0.9304719723756448,1.0748463614071198,0.0330061926984761,0.2822062329835896,9.817250525802374,0.1274985886472411,350,0.05,10,0.9,0.8,0.5,2.0,0.0,2,0.6666666666666666,0.7939393939393938
11,100,21588,2160,9.202949076032615,0.9375943120220666,1.385370869433156,0.0347623779783955,0.0624963862807359,4.581772096263831,0.0586985649389501,700,0.1,6,0.9,0.8,0.5,2.0,0.0,2,0.6666666666666666,0.7631672440718629
2,100,21594,2160,6.711579747213119,0.9230696544627988,1.1690974190253447,0.0303644494042426,-0.1253991346445433,11.997338133597385,0.1496041274102231,700,0.02,6,0.7,0.8,0.0,2.0,0.0,3,0.3333333333333333,0.5636363636363636
72,100,21597,2148,9.469811799443995,0.8906044574013599,2.0410490405108046,0.0444694661973036,-0.8394796119836987,8.379652449613335,0.1038798693122885,350,0.05,6,0.9,0.6,0.0,1.0,0.0,1,0.3333333333333333,0.0061354311913984
5,100,21600,2160,7.72795212228033,0.9686506579272606,0.7951312343007225,0.023243353679826,0.5422973219078312,6.692216171798883,0.094610866659248,350,0.05,10,0.9,0.8,0.5,1.0,0.0,3,1.0,0.9151515151515152
85,100,21600,2157,8.047360867452884,0.9656534852680728,0.7113963726903728,0.0223207763477927,0.1437127607142139,7.112140217720495,0.0894025704417654,350,0.02,10,0.7,0.8,0.0,0.5,0.0,3,0.6666666666666666,0.8389096502784892
51,100,21596,2160,8.92350119452738,0.9363662558042042,1.205809461785585,0.034390954338046,-0.7148167469769495,6.976609700068496,0.0943135938545595,350,0.1,10,0.9,0.8,0.5,0.5,0.0,1,0.3333333333333333,0.4181818181818181
82,100,21594,2160,7.21094807322865,0.8713519131941452,2.136265119208961,0.045553573154569,0.0755421136986029,6.70339200090963,0.1035473709603739,100,0.05,6,0.9,0.8,0.5,2.0,0.0,3,0.3333333333333333,0.6484848484848483
54,100,21589,2160,9.143880094095303,0.881465889953429,1.9752937458940285,0.0456268692899648,-0.128683902683323,5.960656086832006,0.0791727524033985,350,0.05,6,0.7,0.6,0.5,0.5,0.0,3,0.6666666666666666,0.8060606060606059
99,100,21585,2159,8.524561613941444,0.9436338243484385,1.1190470164013395,0.032826171432625,-0.8205516235203003,11.025976557943595,0.1319066066073111,350,0.02,10,0.7,0.8,0.0,0.5,0.0,2,0.3333333333333333,0.1151515151515151
21,100,21591,2160,8.670324448218093,0.9334715875269686,1.3984797937351183,0.0353337139427366,-0.8810565650918858,8.382620125964836,0.1223876627109929,350,0.02,10,0.7,0.8,0.5,2.0,0.0,1,1.0,0.9151515151515152
24,100,21598,2160,7.520185294660147,0.9025626498811724,1.639530494369594,0.0358779616363705,-0.1183322905407582,10.51997109855991,0.1427382984401076,100,0.1,6,0.9,0.8,0.0,0.5,0.0,2,0.6666666666666666,0.6606060606060605
38,100,21589,2160,8.19463089605048,0.8900679808306905,1.6481145477734571,0.0436888121841492,0.1086947021218237,8.594425306350868,0.1140917182099202,700,0.05,6,0.7,0.8,0.5,0.5,0.0,3,0.6666666666666666,0.6969696969696969
14,100,21588,2160,7.905330665562762,0.8446982403413441,2.4032514674613985,0.0484641284597924,-1.0639485726379734,9.21907801706497,0.1304831860366883,100,0.1,6,0.7,0.8,0.5,1.0,0.0,1,0.3333333333333333,0.2484848484848484
90,100,21586,2160,8.5390434659906,0.8969753350847478,1.5727374628847353,0.0442751865321391,0.3047163133407489,4.971568586451208,0.0721841450521655,700,0.02,10,0.9,0.8,0.5,2.0,0.0,3,0.6666666666666666,0.754658036542014
0,100,21588,2160,8.730186401650952,0.889666043529876,2.1555944259139137,0.0427500705654366,-0.1133517456517525,7.851195884868696,0.1126406935529473,100,0.1,6,0.9,0.8,0.5,0.5,0.0,3,0.0,0.2606060606060606
35,100,21597,2155,9.40829409968463,0.9416049464995616,1.1465876156479828,0.0332519449964622,-0.1155077145857506,8.842221170440986,0.1343438970839562,700,0.02,10,0.7,0.8,0.5,2.0,0.0,1,0.3333333333333333,0.4787878787878787
13,100,21579,2160,6.609199698516003,0.9416148295033288,1.0308624127230697,0.0285377723687701,0.0853701994818633,7.345720897414205,0.0935111133011032,100,0.1,10,0.7,0.8,0.5,2.0,0.0,2,0.3333333333333333,0.1878787878787878
12,100,21581,2160,8.424570820764496,0.8185586886129262,2.8135088267961046,0.057732403965846,0.4638247545314463,7.027323469130659,0.0941414570742207,350,0.02,6,0.9,0.8,0.5,2.0,0.0,1,0.6666666666666666,0.8303030303030302
50,100,21580,2160,8.87290329516738,0.8800496768870778,2.0644480950728865,0.0467625305189629,-0.4989421138273207,8.205194644393307,0.1089533171758065,700,0.02,6,0.9,0.8,0.5,1.0,0.0,1,0.6666666666666666,0.6242424242424242
52,100,21589,2157,9.14591140001625,0.8695008611005599,2.080261516871714,0.0488876339092436,0.1953410670651924,9.519041053197094,0.1254229548964519,100,0.05,10,0.7,0.8,0.5,1.0,0.0,3,0.6666666666666666,0.9393939393939392
39,100,21600,2157,9.323785283946869,0.9255633061791176,1.5544506043069153,0.0363709861205419,0.2450287428062789,10.022563602419732,0.1358928833747399,100,0.3,6,0.9,0.6,0.5,0.5,0.0,2,0.6666666666666666,0.9515151515151514
4,100,21595,2160,8.762352286790012,0.8857639542588293,1.9209829102076756,0.0446058821503704,0.162429342763352,10.731606087938848,0.1397589823481264,350,0.05,6,0.7,0.8,0.5,0.5,0.0,1,0.3333333333333333,0.309090909090909
86,100,21585,2160,8.376044039647283,0.9489973955862004,0.981520777260496,0.0287033545640606,0.2637437424116337,10.806571265925928,0.1337861143861162,700,0.3,10,0.9,0.6,0.5,0.5,0.0,1,0.6666666666666666,0.7333333333333332
7,100,21592,2160,8.733778565215285,0.8091205185983938,2.9620167897912384,0.0549841599952676,0.2852116469567963,10.219673044780892,0.1263457359869233,100,0.05,6,0.7,0.8,0.0,1.0,0.0,2,0.6666666666666666,0.6484848484848483
19,100,21588,2157,8.61115373055279,0.9659230624539442,1.024861812995028,0.0240772723415367,-0.1197557177939718,9.605628342430316,0.1219020433519224,700,0.05,6,0.7,0.8,0.5,2.0,0.0,2,0.6666666666666666,0.8060606060606059
58,100,21596,2160,9.141157533814066,0.891667928409835,1.7593955521773024,0.0438159759049382,0.1334785082301067,8.40356820469653,0.1028081327157141,700,0.05,6,0.7,0.6,0.5,2.0,0.0,1,0.3333333333333333,0.1636363636363636
46,100,21583,2160,8.501063711751604,0.877065023689108,1.83886544785811,0.0445318654291402,0.1012958766796121,8.060284178108205,0.1201323858307262,350,0.05,6,0.7,0.8,0.5,2.0,0.0,3,0.6666666666666666,0.8160123484559988
76,100,21596,2160,8.417528145012781,0.8796740581530055,2.2250828344235445,0.0475267592211344,0.4790537899831699,5.471254194754142,0.0716837195824235,350,0.02,6,0.9,0.8,0.5,2.0,0.0,1,0.3333333333333333,0.7696969696969697
33,100,21600,2160,8.862191453359637,0.9958999874864526,0.3335075045124889,0.0080868637007508,-0.4572979066026588,7.574221631826885,0.0958308763256324,100,0.3,10,0.9,0.8,0.0,0.5,0.0,3,0.3333333333333333,0.3696969696969697
36,100,21584,2160,7.823024064548323,0.9997930379641284,0.0995974574648439,0.0017582103457874,0.1280750802386504,12.327355851872168,0.1583125984369255,700,0.1,10,0.9,0.8,0.0,1.0,0.0,1,1.0,0.8545454545454544
55,100,21595,2160,8.954404366707013,0.8501196088678179,2.313477608434502,0.0513470009161198,0.3127517226482935,7.858974565958811,0.1001407920250822,700,0.02,6,0.9,0.6,0.5,2.0,0.0,3,0.6666666666666666,0.6242424242424242
22,100,21587,2160,7.708781754592808,0.8727643714443483,1.9761513336914815,0.0477651035991359,0.1800877944855394,10.711925493081411,0.1331454299120603,100,0.05,10,0.7,0.8,0.5,1.0,0.0,2,0.6666666666666666,0.5636363636363636
44,100,21591,2160,8.945137938379059,0.9190892260564114,1.4173126853922628,0.0371457413113455,0.1856117842894943,10.45173690974874,0.1413637677653134,700,0.1,6,0.9,0.8,0.5,2.0,0.0,1,0.6666666666666666,0.709090909090909
62,100,21594,2157,7.882457739767824,0.9056292295707952,1.5368705831135077,0.0393931049731689,0.331240640589129,6.382279923280523,0.0888342352691527,700,0.02,6,0.7,0.8,0.5,2.0,0.0,1,0.3333333333333333,0.3818181818181818
80,100,21599,2160,8.436562852887436,0.9384118189767784,1.1429864559095675,0.0337942579703446,0.1575619977107112,7.540057941783669,0.1086005715224396,700,0.02,10,0.9,0.8,0.5,0.5,0.0,3,0.3333333333333333,0.4666666666666666
65,100,21592,2160,6.676996293036711,0.9526326442805836,1.1589867448288165,0.0246934161703256,-0.6649136235589985,7.179066249540559,0.0867081594406899,350,0.02,10,0.7,0.8,0.5,1.0,0.0,1,0.6666666666666666,0.6121212121212121
94,100,21599,2160,8.12845182626907,0.9118286436865344,1.569416456660532,0.0375139624776488,0.2630731587270608,7.927417029363138,0.1057286510398728,350,0.05,6,0.7,0.8,0.5,1.0,0.0,2,1.0,0.7575757575757575
1,100,21584,2160,8.145453791451743,0.898723043441718,1.550584753304251,0.0413013238050382,0.2553229490918027,9.03224028152931,0.1118537932886417,350,0.02,10,0.7,0.8,0.5,2.0,0.0,1,0.3333333333333333,0.6363636363636362
6,100,21598,2160,7.942322893406339,0.872616544727496,1.9279243452811043,0.0440342217634799,0.198318513403457,8.79543629868413,0.1400185124377394,100,0.1,6,0.9,0.8,0.0,1.0,0.0,1,0.6666666666666666,0.7538028741632801
59,100,21576,2160,8.570627883814888,0.9402615393452608,1.096665080326634,0.0308770408797465,0.2956877852580253,10.738279369639026,0.1323808569688847,700,0.02,10,0.7,0.8,0.5,2.0,0.0,2,1.0,0.7696969696969697
63,100,21595,2160,8.820606296490087,0.9253011445719828,1.5625698966245554,0.0371525338927672,0.1002432457506488,9.065532383501049,0.1302225827968635,100,0.3,6,0.9,0.8,0.5,2.0,0.0,2,0.6666666666666666,0.6121212121212121
71,100,21594,2149,7.043822238193698,0.913538383119593,1.2685909461213103,0.0372911470005304,0.2728089611310306,10.952694210089769,0.132224607279629,100,0.1,10,0.9,0.8,0.5,2.0,0.0,2,0.6666666666666666,0.8328305948416885
77,100,21593,2159,8.879323237115495,0.899989096951077,1.8940289185766568,0.0443840982212083,0.1101723961981754,6.81756186850017,0.0922854275707706,700,0.02,6,0.9,0.6,0.5,1.0,0.0,2,0.6666666666666666,0.5636363636363636
81,100,21580,2160,7.261731297664779,0.9773997683739538,0.7133489933794683,0.0180492709108418,0.4291342252201187,6.7855956849400645,0.0857765282217346,700,0.02,10,0.7,0.8,0.5,0.5,0.0,3,0.6666666666666666,0.7454545454545454
66,100,21597,2160,8.213079516947328,0.8961021322364587,1.8207509784106013,0.0402557130938501,0.0833863905950181,5.854859484875644,0.0813423985380214,350,0.02,6,0.7,0.8,0.5,2.0,0.0,2,0.3333333333333333,0.3818181818181818
56,100,21583,2160,7.081223157077194,0.9362049730415845,1.1527706989673794,0.0336527339934615,0.4220546124393447,7.917390417343059,0.1015675795998664,700,0.02,10,0.9,0.8,0.5,0.5,0.0,2,0.6666666666666666,0.7696969696969697
53,100,21577,2160,7.367060681373582,0.7792265110158114,2.8823650837740464,0.0545932396569364,0.1910421257065704,8.725210922072744,0.1217204073505047,100,0.05,6,0.7,0.8,0.5,1.0,0.0,1,0.3333333333333333,0.3818181818181818
84,100,21584,2160,8.334598888423423,0.9566736426342018,0.9899415510557243,0.0254201287791606,0.1759620521132432,10.70918583626238,0.1363039649425811,100,0.3,10,0.9,0.6,0.5,1.0,0.0,2,0.6666666666666666,0.6121212121212121
98,100,21570,2160,8.46645100727117,0.925918800572529,1.4218421442761302,0.0346157241766207,0.1119845986477755,10.179169260754628,0.1227729793572954,700,0.05,6,0.9,0.6,0.0,0.5,0.0,2,0.6666666666666666,0.4666666666666666
37,100,21584,2160,8.73962530639142,0.980293705169269,0.6697673664038214,0.0200299868602317,0.0217142559805311,11.802283882794004,0.1465992531170931,700,0.02,10,0.9,0.8,0.0,2.0,0.0,2,0.6666666666666666,0.7841981513472833
69,100,21590,2160,7.588756515868885,0.9079070186311604,1.2734075816889887,0.0365442850945542,-0.0415116550536083,10.39648266058829,0.1390342298523368,700,0.02,10,0.7,0.8,0.5,0.5,0.0,3,0.3333333333333333,0.2727272727272727
48,100,21592,2160,8.511014396548774,0.8245580441793712,2.4891827498011434,0.052659802672537,0.3876089300293477,5.5269923733105815,0.0719991571034253,350,0.02,6,0.7,0.6,0.5,1.0,0.0,1,0.3333333333333333,0.8181818181818182
92,100,21595,2160,7.681810572556214,0.9485578933525088,1.0398093914830486,0.0301596044610533,-0.3322888607396856,7.397032937411633,0.0914177311214948,700,0.05,10,0.9,0.8,0.5,0.5,0.0,3,1.0,0.6219627819854862
43,100,21592,2159,9.50182205686475,0.9135258321987936,1.5878543011519652,0.0384889177551602,0.2573496947186535,9.243848773675586,0.1104676952109735,350,0.02,10,0.9,0.6,0.5,0.5,0.0,3,0.6666666666666666,0.4316129360128458
42,100,21592,2160,7.285718409202381,0.8762024070219597,1.95584292817723,0.0433371542856492,-0.2371291478838177,13.345342275769,0.1656256075397204,350,0.02,6,0.9,0.8,0.5,1.0,0.0,2,0.3333333333333333,0.2606060606060606
74,100,21583,2156,7.281056781532703,0.938536884448826,1.0863141085253172,0.032409010815491,0.2352306795802781,6.645676302155463,0.0944205458626434,700,0.05,10,0.7,0.8,0.5,0.5,0.0,2,1.0,0.5878787878787878
41,100,21592,2160,8.74394983310419,0.9136224598875732,1.4252561735280271,0.0394461982711941,0.0284640477181226,8.509918494595267,0.1263881977834348,350,0.05,10,0.7,0.8,0.5,0.5,0.0,2,1.0,0.9393939393939392
93,100,21599,2160,8.011176802714639,0.9130554548349632,1.5518808967018587,0.0399964770081517,0.3698261885577816,6.65038313228775,0.0860268131083888,350,0.05,6,0.7,0.8,0.5,2.0,0.0,3,0.6666666666666666,0.5227987675648555
28,100,21593,2160,8.098851964781515,0.8765942915144828,1.984527086191835,0.045401339087437,0.3599429139749641,5.581841513295917,0.0794550350287485,700,0.02,6,0.7,0.8,0.5,0.5,0.0,1,1.0,0.8545454545454544
89,100,21588,2160,7.717121603297184,0.9048249719711854,1.6200003987849034,0.03860155334129,0.2975769544633145,6.460167676362638,0.0801467947335747,700,0.02,6,0.7,0.8,0.5,0.5,0.0,1,0.0,0.1636363636363636
70,100,21594,2159,8.200905939398954,0.9095007166265422,1.502180851248029,0.0407900924329247,0.1102377850289065,7.89978979427597,0.0996193396044144,350,0.05,10,0.7,0.8,0.5,1.0,0.0,3,0.3333333333333333,0.3939393939393939
29,100,21595,2156,8.638161990211959,0.9092616852973,1.5334122337022886,0.0421201837740252,-0.0038354816776295,9.861722787595411,0.1251007972390351,700,0.02,10,0.7,0.6,0.5,0.5,0.0,1,0.3333333333333333,0.3039527718400323
16,100,21584,2160,8.515775344376717,0.9432641788853128,1.239819594481211,0.0333156000582698,-0.3798067828514364,12.682539048040356,0.1653236896123333,350,0.02,10,0.9,0.8,0.5,0.5,0.0,1,0.6666666666666666,0.6121212121212121
95,100,21594,2160,8.921290055700307,0.9293523172068234,1.216175704051184,0.0334685614072529,0.1548551918230495,10.865129788819813,0.1482064141984915,100,0.05,10,0.9,0.8,0.0,2.0,0.0,3,0.6666666666666666,0.5757575757575757
49,100,21600,2157,8.03144033494293,0.9245990668802956,1.4025621026395632,0.0349067822121056,0.0306304120137926,10.45579561407768,0.124295019903938,350,0.1,6,0.7,0.8,0.5,0.5,0.0,1,0.6666666666666666,0.6484848484848483
47,100,21593,2160,9.42533551869768,0.9377893282435354,1.100547728722271,0.0325785718897303,0.1752338977242222,6.87876810004745,0.0935751064995794,350,0.02,10,0.9,0.8,0.0,2.0,0.0,3,0.6666666666666666,0.2727272727272727
45,100,21599,2160,9.464895624079444,0.8203104719970624,3.059509914810387,0.059272826687707,0.418003783940334,9.85912339813145,0.121151763049931,100,0.05,6,0.9,0.8,0.0,0.5,0.0,1,0.6666666666666666,0.7818181818181817
97,100,21582,2160,9.24407811086784,0.8137740000573156,3.0259673620483203,0.061148370982246,0.5955509351580397,7.453353549051616,0.0999726155433868,350,0.02,6,0.9,0.8,0.5,0.5,0.0,3,0.6666666666666666,0.709090909090909
91,100,21600,2160,7.557783794237688,0.9312175584945206,1.1355831381333523,0.0322120404914408,0.5577378553639196,4.055665326885603,0.0497068264613581,350,0.05,10,0.9,0.6,0.5,0.5,0.0,2,1.0,0.857146816588891
96,100,21589,2160,8.595189652168965,0.9289128537962784,1.4826387882733922,0.0362015663228377,0.1399760129481431,11.001312204554884,0.1318176029831761,700,0.1,6,0.7,0.8,0.5,0.5,0.0,1,0.3333333333333333,0.1878787878787878
60,100,21585,2160,7.983441567414171,0.9318481888266804,1.4823543035593851,0.0356435975513449,0.0286741283568299,8.661004805961383,0.1265441234302081,700,0.05,6,0.7,0.8,0.5,1.0,0.0,3,0.3333333333333333,0.8787878787878788
26,100,21594,2160,8.265177869927433,0.8270078454048914,2.6744697313563064,0.0552499226318289,0.4729659915689826,7.052334381369292,0.09330346994287,350,0.02,6,0.9,0.6,0.5,1.0,0.0,3,0.6666666666666666,0.9118583155200968
20,100,21597,2160,8.760794361672604,0.8106549906960998,3.021040716469164,0.0584773521079327,0.3060553490645457,8.739796000228855,0.1165579843201705,100,0.05,6,0.7,0.8,0.0,2.0,0.0,1,1.0,0.6990913752320743
23,100,21595,2160,9.21094854700108,0.9698393609547692,0.9350727199813824,0.0237086307921191,0.4587981817491825,6.355625317692605,0.0883389046600996,700,0.3,10,0.9,0.6,0.5,1.0,0.0,1,1.0,0.8181818181818182
27,100,21596,2160,8.298972453400848,0.8800579576887716,1.84658780971438,0.0456871870609614,0.0350890737645724,7.796599752793985,0.1061543648650537,700,0.02,6,0.9,0.8,0.5,0.5,0.0,1,0.3333333333333333,0.4303030303030302
64,100,21591,2160,8.543491495633914,0.8765814284460203,1.9305361703839323,0.0475094989842626,0.2652073635593246,8.698314865046285,0.1169739058758383,700,0.02,6,0.9,0.8,0.5,0.5,0.0,3,0.6666666666666666,0.5515151515151515
40,100,21594,2160,7.787285147142688,0.9157579243511096,1.3984844220108528,0.0370315643680687,0.4626312766215886,5.759448752755577,0.0799695881528597,100,0.05,10,0.9,0.8,0.0,0.5,0.0,3,0.6666666666666666,0.4545454545454545
67,100,21586,2160,8.64866543239177,0.9443147780624336,1.1637031147664336,0.0332445057663537,0.6236516191586936,3.253738794226493,0.041630933528058,700,0.02,10,0.9,0.8,0.5,0.5,0.0,2,0.6666666666666666,0.8389096502784892
61,100,21588,2160,8.655129954205169,0.8987538199801407,1.767245402479132,0.0408620476666281,0.1103773298914874,10.678365942860449,0.1389522489470882,700,0.02,6,0.7,0.8,0.5,0.5,0.0,3,0.6666666666666666,0.7818181818181817
68,100,21600,2160,9.214665654806044,0.9803482259427526,0.6573603768075712,0.0192273572588129,0.13501403483588,5.588625629487689,0.0712300150343842,700,0.02,10,0.9,0.8,0.0,0.5,0.0,2,0.6666666666666666,0.735565707852878
15,30,6480,2160,5.950307300738347,-1.5770461948783066e-05,5.754399350248737,0.0832608844617195,-0.9392903845680952,16.76255404807903,0.2147121718769285,100,0.3,10,0.9,0.8,0.5,0.5,10.0,2,0.0,0.0
5,30,6480,2160,11.54993020505081,0.1952613268682166,10.124695151470323,0.121575020250131,0.0329993534372019,11.24137932424192,0.1375189906833136,100,0.02,6,0.7,0.6,0.5,2.0,10.0,1,0.6666666666666666,0.2363636363636363
31,30,6475,2160,9.862987913219415,0.8738445302726572,2.874657783298419,0.0438269060162924,0.3304129804168211,8.601802268558078,0.1010018879185092,100,0.02,10,0.7,0.8,0.5,0.5,0.0,2,0.6666666666666666,0.5757575757575757
8,30,6480,2160,9.00793145198881,0.9351641677204064,2.192002823271869,0.0325892369179921,0.3093670077568873,6.838256452569254,0.0953134079875053,100,0.02,10,0.7,0.8,0.0,2.0,0.0,1,0.6666666666666666,0.5878787878787878
16,30,6479,2160,9.99955873368671,0.9052232435166988,1.7822309058412364,0.0415397336598164,-0.4682958427793089,14.120532897207886,0.1705425435288692,100,0.05,6,0.7,0.8,0.0,1.0,0.0,3,0.6666666666666666,0.3333333333333332
4,30,6475,2160,9.33115897986803,0.0052087211884789,9.250938064162796,0.1232209625616983,-0.0510582334723761,13.148273018731013,0.1565605693006755,350,0.02,6,0.7,0.8,0.5,0.5,10.0,3,0.0,0.0
36,30,6480,2160,7.610425198666843,0.2594890921884967,6.482030313780278,0.0868032522492285,-0.4063182433668388,14.763288802217552,0.2010563238050181,350,0.02,10,0.7,0.6,0.0,1.0,10.0,3,1.0,0.7236272269866326
10,30,6480,2160,8.846471065036308,0.8838827219081107,2.3826634818094745,0.0421987793799836,0.2739183636025559,9.4283512289215,0.1201190818556168,100,0.02,10,0.7,0.6,0.0,2.0,0.0,3,0.6666666666666666,0.2848484848484848
57,30,6480,2160,7.8937360309975135,0.9751303344753988,0.6355259307016339,0.0151114445579634,0.249705455765462,5.365430154854683,0.0932480919434426,100,0.3,10,0.7,0.6,0.5,1.0,0.0,2,0.6666666666666666,0.8328305948416885
0,30,6475,2160,11.18547691078828,0.1468347861228366,9.628168412639369,0.1154043582235245,-0.1049858559386878,9.596782087749904,0.1122166961391803,100,0.02,10,0.7,0.6,0.0,2.0,10.0,3,0.3333333333333333,0.0185216946644159
33,30,6480,2160,8.863889763550947,0.9217585833122164,1.4346054991268566,0.0348955179299402,0.0272504669626725,6.105010287513335,0.0782945990748949,350,0.02,10,0.9,0.6,0.5,1.0,0.0,1,0.3333333333333333,-0.1151515151515151
18,30,6480,2159,4.737865690222719,0.9817757000833128,0.674520504444883,0.0128724180581739,-0.4318927493753561,10.5986942267186,0.1398341344398796,350,0.02,6,0.7,0.8,0.0,1.0,0.0,3,0.0,-0.7696969696969697
43,30,6480,2159,7.925540685383643,0.9691787282403038,0.9495403211192088,0.0218829056391108,0.1775782651375861,9.631198601655994,0.1162493145231334,100,0.3,10,0.7,0.6,0.5,2.0,0.0,1,0.3333333333333333,0.1458973304832155
13,30,6480,2160,8.05620476553049,0.9835372818519234,0.6641264095251106,0.0153763127119224,-0.6327612034918655,10.530781939652284,0.1249401117391371,700,0.3,10,0.7,0.8,0.5,1.0,0.0,3,0.3333333333333333,0.0545454545454545
25,30,6464,2160,10.314329875465877,0.0921213992853527,9.266597152346431,0.1147396723530404,-0.0882597510111484,11.889495960518168,0.1514878372790284,100,0.02,6,0.7,0.8,0.0,2.0,10.0,1,0.3333333333333333,0.7486655501321343
11,30,6469,2160,11.67351203500026,0.968600620126446,1.0627050085884404,0.0253501879350203,-3.603179719195789,9.726889363821051,0.1300678537765634,700,0.1,6,0.9,0.8,0.5,2.0,0.0,2,0.3333333333333333,-0.0553911709406997
17,30,6469,2160,9.64523219092089,0.0427082284839608,9.18953307504576,0.1141367514937391,-0.0268786858391858,9.322165292810512,0.1318946787061939,100,0.02,10,0.7,0.8,0.5,1.0,10.0,1,0.0,-0.2696799449852968
32,30,6466,2160,11.795353026182973,0.8964740498360377,2.1018792792363508,0.0493456034857899,0.4456747286799881,9.111861947311295,0.1115259689039509,350,0.02,6,0.7,0.6,0.5,1.0,0.0,2,0.6666666666666666,0.6363636363636362
14,30,6480,2160,9.587336541452018,0.9714368889705712,0.7406946400043704,0.0213937890449658,-1.185318259251494,10.21115359626607,0.1342648910492,350,0.3,6,0.7,0.6,0.0,0.5,0.0,1,0.3333333333333333,0.103030303030303
21,30,6480,2160,11.331091012255644,0.9607509114072827,1.2136106111800276,0.0293810442060626,-1.1199137666712249,9.57878853942509,0.1299259230287882,350,0.02,10,0.7,0.8,0.5,2.0,0.0,1,0.6666666666666666,0.7212121212121211
55,30,6480,2160,9.78972912362932,0.9858329619558936,0.7080377077104694,0.0154445551696737,-0.5294388750878054,12.3839062103298,0.1493895621637464,700,0.3,10,0.7,0.6,0.5,0.5,0.0,2,0.0,0.1636363636363636
46,30,6480,2160,10.211808462407854,0.4163105998272699,7.859186484489911,0.1009984768915752,-0.1194597779072306,11.150523423265527,0.1340775242652864,350,0.3,10,0.9,0.6,0.0,0.5,10.0,3,0.3333333333333333,0.2123406857568687
9,30,6480,2160,9.44763942981056,0.9101609010875732,1.2861397419171805,0.0376773484683826,-0.1502286404061099,11.481061260483608,0.1372361995823834,700,0.1,10,0.9,0.6,0.5,1.0,0.0,3,0.6666666666666666,0.2188459957248232
29,30,6480,2156,7.520950997299922,0.9638408025640224,0.5398005473173656,0.0220920887485903,-0.3280251022479281,10.568292224420285,0.1438904425474396,100,0.1,10,0.7,0.8,0.0,1.0,0.0,3,0.6666666666666666,0.2310041065984245
19,30,6479,2157,10.228073201019376,0.298299587092461,8.279134133723547,0.0998126326789234,0.1676660445582314,8.657082910365288,0.1050988943344126,100,0.3,10,0.9,0.6,0.5,0.5,10.0,2,0.6666666666666666,0.3212510468732027
28,30,6480,2160,9.797223549126906,0.9337480961106804,1.2452458654809242,0.0344245608517674,-0.0352318572165444,8.23231979476495,0.101048735332353,350,0.3,10,0.9,0.8,0.5,0.5,0.0,2,0.3333333333333333,0.4545454545454545
2,30,6479,2160,9.022940307366598,0.3055913415700722,7.705656174234191,0.1059954364039867,-0.3233734738665961,12.517338949044548,0.16223012379276,700,0.1,6,0.9,0.8,0.5,1.0,10.0,3,0.3333333333333333,0.4935096726915989
51,30,6477,2160,12.450651494958258,0.8345363242383861,2.665418628463744,0.0631220119211031,-1.7458353624679224,9.658211734272816,0.1193445751914079,700,0.02,6,0.9,0.6,0.5,1.0,0.0,2,0.3333333333333333,0.4303030303030302
66,30,6480,2160,8.883655518048363,0.9836411792062932,0.5020494673924161,0.0167961531360063,-1.4707347369254236,10.509562924650533,0.1335478449643141,100,0.05,10,0.9,0.8,0.0,1.0,0.0,2,0.3333333333333333,0.3575757575757575
35,30,6480,2155,10.399043910311612,0.945936505754457,1.392308502637159,0.0358259788977322,-1.2499091322942726,15.488138411191493,0.1907937493137855,350,0.3,10,0.9,0.8,0.5,0.5,0.0,1,0.0,0.3696969696969697
12,30,6466,2160,12.338433469436117,0.9319643358178572,1.4755889612591235,0.0381141311559031,-0.0769624580147276,11.55989836568082,0.133422114263959,350,0.1,10,0.7,0.6,0.5,2.0,0.0,1,0.3333333333333333,0.1272727272727272
62,30,6476,2157,8.131598320951294,0.974517925789346,0.88761270227849,0.0206199922277791,0.2523245567437754,7.200503076742135,0.0939294955473208,700,0.02,10,0.7,0.6,0.5,0.5,0.0,1,0.0,0.2242424242424242
52,30,6477,2157,9.241687670751691,0.874641616142019,2.953637358025855,0.0484352929921943,0.000645003904632,9.987030631886846,0.1397754836921628,100,0.02,10,0.7,0.8,0.5,2.0,0.0,1,0.3333333333333333,0.5757575757575757
34,30,6480,2157,9.369117282243293,0.9378120505020232,1.131469137231964,0.032075033557201,0.006142019259553,11.74787979479128,0.1559218452919147,700,0.1,10,0.7,0.6,0.5,1.0,0.0,3,0.6666666666666666,0.5757575757575757
64,30,6472,2160,12.109934776552048,0.9307956213792734,1.4688434125833638,0.039833304697364,0.0321390945556936,10.310918648800191,0.134249620863627,100,0.3,10,0.9,0.8,0.5,2.0,0.0,1,0.6666666666666666,0.6969696969696969
56,30,6480,2160,9.102212563892495,0.8842011664596763,1.805134726064059,0.0437653943704717,-0.1220089518998941,11.012982895882043,0.1415174071961519,350,0.02,10,0.7,0.8,0.5,2.0,0.0,1,0.3333333333333333,0.6242424242424242
3,30,6475,2160,9.985345338607267,0.3117740289881145,8.069467486613505,0.1031020961757981,0.3664037659145567,8.527620571454365,0.1096884676840087,100,0.3,6,0.7,0.6,0.0,1.0,10.0,1,1.0,0.8115430675802945
24,30,6480,2160,10.775560914350754,0.8608479887121172,2.1664549828039728,0.0499214389192587,-0.085493994302974,12.207245633602142,0.1406270269834356,350,0.02,6,0.7,0.8,0.5,1.0,0.0,3,0.3333333333333333,0.2363636363636363
71,30,6479,2149,9.714236758711646,0.8356656532566932,3.2541028861748176,0.0531640596330875,0.0618293710516607,12.019121999239134,0.1501858243956572,100,0.02,6,0.9,0.6,0.0,2.0,0.0,1,0.3333333333333333,0.4133757697024439
22,30,6469,2160,9.080917135819602,0.9503010855154876,1.1370246744899208,0.0265282836951612,-0.1462072290670109,12.270962766063814,0.1574251660746621,100,0.1,6,0.9,0.6,0.5,2.0,0.0,3,0.3333333333333333,-0.0545454545454545
67,30,6480,2160,10.644829394160826,0.9380196962138512,1.615202531381911,0.0329472143070672,-1.406039288823549,9.469605922538925,0.1052622093038053,350,0.02,6,0.7,0.6,0.5,1.0,0.0,3,0.6666666666666666,0.5714312110592608
54,30,6480,2160,9.499074468373744,0.9240321642664896,1.5968530375518302,0.0377802893227872,-0.7715944044169187,8.15303266961507,0.0991908764283412,100,0.3,6,0.9,0.6,0.5,0.5,0.0,2,0.3333333333333333,0.4303030303030302
49,30,6480,2157,8.451291550383155,0.3567139632709466,7.455394248020502,0.0988038913586919,0.0702952777698976,9.677616652151364,0.1217254955955803,700,0.3,6,0.9,0.6,0.0,2.0,10.0,3,0.6666666666666666,0.6519294632182419
27,30,6480,2160,10.18089293101992,0.9999030290735365,0.0810288244352824,0.0012319861915064,0.2721308180420912,6.961781301072408,0.0921978746913028,700,0.3,10,0.9,0.6,0.0,1.0,0.0,3,0.3333333333333333,0.7818181818181817
47,30,6468,2160,13.068111528234596,0.3937501976398059,9.289431584434295,0.119337563639594,-0.7320744053120884,11.304958035504376,0.1356057798324487,350,0.02,10,0.9,0.8,0.5,2.0,10.0,2,0.3333333333333333,-0.4181818181818181
58,30,6479,2160,11.72992127377028,0.1741969371079246,10.10106589712834,0.1187325858918323,-0.0153343106011107,9.226339010309289,0.11128646133119,100,0.1,6,0.7,0.6,0.0,2.0,10.0,1,0.3333333333333333,0.0710669054518701
6,30,6480,2160,7.35649096025453,0.8874155431819921,1.5649990147984425,0.039692589677236,0.2941545938208251,10.267939028848971,0.1313830466193187,350,0.02,10,0.9,0.6,0.5,0.5,0.0,1,0.6666666666666666,0.7234075969792768
88,30,6480,2160,9.254539066960051,0.9224685931834824,1.1810489262413495,0.034668454412626,0.1495621772985527,10.573173099649354,0.1387799796304213,100,0.3,10,0.9,0.6,0.5,1.0,0.0,2,0.6666666666666666,0.5393939393939393
20,30,6480,2160,9.622904494721212,0.0858929813733329,8.984518983040326,0.111486549153866,-0.0068460851960925,10.966906625959608,0.1403980755977292,100,0.3,10,0.7,0.8,0.5,2.0,10.0,3,0.6666666666666666,0.3142936330963102
38,30,6473,2160,9.002795199645256,0.9149208466208538,1.210975025670206,0.0374699505854774,-0.2771405344938678,10.553472589204514,0.1365715445632899,100,0.1,10,0.7,0.6,0.0,2.0,0.0,3,0.3333333333333333,0.3333333333333332
44,30,6472,2160,10.133029599148724,0.9174689474431638,1.1473782896422509,0.0347399548914435,0.1971881232621589,10.859968774177965,0.140355445141064,100,0.1,10,0.7,0.6,0.0,0.5,0.0,3,1.0,0.6121212121212121
39,30,6480,2157,11.44999415835048,0.9737122180902704,0.8365133158774334,0.0232052033556297,-0.1191342422384509,11.400934872940343,0.1654522192256395,700,0.3,10,0.9,0.8,0.5,1.0,0.0,3,0.3333333333333333,0.4909090909090908
37,30,6469,2160,9.210111431624773,0.960403221679513,1.0392619464748725,0.027851994268827,-0.7956548096185916,15.635196788697847,0.1986142121203135,350,0.1,6,0.9,0.6,0.5,1.0,0.0,2,0.3333333333333333,0.3647433262080387
63,30,6480,2160,11.85031187593477,0.9348192453904464,1.585371588346786,0.0364682420916288,-0.0227298320874813,11.131883760249174,0.138836676558759,350,0.02,6,0.7,0.6,0.5,1.0,0.0,2,0.6666666666666666,0.2484848484848484
87,30,6479,2160,9.15697377256763,0.959937221324714,0.8356773391757056,0.025307970355316,0.0014523211781326,9.891079363076717,0.1211945489928454,100,0.1,10,0.7,0.8,0.0,2.0,0.0,2,0.0,-0.1515151515151515
1,30,6476,2160,12.757614641277604,0.4118022094586286,9.60021301573482,0.1213725373075937,0.2130854817861928,9.80174838790187,0.1149821726850678,350,0.05,10,0.9,0.8,0.5,1.0,10.0,1,0.6666666666666666,0.6810328622452322
23,30,6479,2160,9.925460201132797,0.9652695601295692,0.9099424680465124,0.026873877440201,-0.3776346466667224,8.984315952184454,0.1409416705384969,100,0.05,10,0.7,0.8,0.0,1.0,0.0,2,0.6666666666666666,0.3212121212121211
65,30,6477,2160,9.468930596234182,0.9923243798177088,0.3972038651013696,0.0103599515883992,-1.714307900392611,9.739096899209198,0.1107117382120157,700,0.02,10,0.7,0.6,0.0,2.0,0.0,1,0.0,0.0424242424242424
53,30,6477,2160,9.30514673747902,0.8534234333796266,2.460540712515558,0.0458936014360739,-0.3303835714054222,12.529631115780385,0.1560949598511893,350,0.02,6,0.7,0.6,0.5,0.5,0.0,1,0.0,-0.2606060606060606
86,30,6480,2160,9.669651704252354,0.828979049729655,2.385425439885628,0.0548885249254653,0.1777250264438569,12.17597779583117,0.1413855668057649,100,0.1,6,0.9,0.8,0.5,0.5,0.0,2,0.6666666666666666,0.3939393939393939
26,30,6480,2160,10.73805051326752,0.7798425304006231,3.7188356699362215,0.0628776105159594,0.3232862984104665,7.735071508111777,0.1057257951709701,100,0.02,6,0.7,0.6,0.5,2.0,0.0,2,1.0,0.7477238187264794
73,30,6477,2160,10.247080064534853,0.8517088183108228,2.3698306282026795,0.0544889868108345,0.3500796036131278,5.732856675366229,0.096520615467398,350,0.02,6,0.7,0.8,0.5,2.0,0.0,3,1.0,0.7333333333333332
59,30,6480,2160,9.942289604290078,0.9893737930284529,0.3945593236446765,0.0132368203986761,0.3933407546898328,8.814778372970995,0.1228612666071043,700,0.02,10,0.7,0.8,0.0,0.5,0.0,3,0.6666666666666666,0.7212121212121211
76,30,6473,2160,10.87743472855336,0.9429380355512342,1.2271141914986066,0.0351676749916537,-0.6842310250916228,9.675586920755276,0.1288916912924588,350,0.3,10,0.7,0.6,0.5,1.0,0.0,2,0.3333333333333333,0.2969696969696969
78,30,6480,2160,11.267413575884737,0.3557013346305282,9.013587582700046,0.1110199038023276,-0.1056760778603074,9.260423501685816,0.1134129582805347,350,0.3,6,0.9,0.6,0.0,1.0,10.0,3,0.3333333333333333,0.1899342940993965
80,30,6480,2160,9.231705734053037,0.9717506289067912,0.9165878630401488,0.022025838985163,-0.2972503468246996,10.327341145641272,0.1347643539665164,350,0.05,6,0.9,0.6,0.0,2.0,0.0,1,0.3333333333333333,-0.406060606060606
77,30,6480,2159,9.409326997909744,0.9902051785593802,0.3362619435793642,0.0131189707828513,-0.6405946831215859,9.162104727588025,0.1253085895081933,700,0.05,10,0.9,0.8,0.0,2.0,0.0,3,0.6666666666666666,0.4424242424242424
83,30,6479,2160,10.272287124887722,0.9614853700865416,0.9113306843482172,0.02464944995865,-0.3044013948238633,11.7636224505395,0.143805519142413,700,0.05,10,0.7,0.6,0.5,2.0,0.0,1,0.3333333333333333,0.0303030303030303
40,30,6477,2160,10.206856868475342,0.8602853582865396,2.142545384253188,0.0508796839876087,-0.5993886884196331,10.739945390984865,0.1379639680190756,350,0.05,10,0.7,0.8,0.5,0.5,0.0,1,0.6666666666666666,-0.0303030303030303
85,30,6469,2157,8.047850548168132,0.9988586686411258,0.1369273854593828,0.0044455468119386,-0.267775123885265,7.082789134132118,0.1087830878860122,350,0.05,10,0.9,0.8,0.0,0.5,0.0,2,0.3333333333333333,0.5106406566912542
61,30,6477,2160,10.29879503637274,0.971067213730764,0.8949654784821955,0.0209316820482988,-0.3719711102519416,13.217310962356535,0.1725580175806603,350,0.3,6,0.7,0.6,0.0,2.0,0.0,1,0.3333333333333333,0.0181818181818181
69,30,6480,2160,8.778545180198039,0.8616256522707159,1.804819974725898,0.0478176148563988,-0.2466501282361317,11.481655013650933,0.1521114693207428,350,0.05,10,0.7,0.6,0.5,0.5,0.0,3,0.3333333333333333,0.1999999999999999
94,30,6480,2160,9.995523133995704,0.9770903557668414,0.90256260425669,0.0212885042583565,-0.7772340271436025,12.82678219967513,0.164192310192856,100,0.1,6,0.9,0.8,0.0,2.0,0.0,1,0.6666666666666666,0.3939393939393939
30,30,6480,2156,10.232968038850156,0.884395485621542,1.8819786976272816,0.0487755908487503,-0.2406715445448295,11.696127065179388,0.1576965960201491,700,0.05,6,0.9,0.6,0.5,1.0,0.0,1,0.6666666666666666,0.2310041065984245
81,30,6476,2160,9.047577651827506,0.999905096380416,0.0782383722013488,0.0011580652851862,-0.4942869712670379,10.23076310250214,0.13877731030774,700,0.3,10,0.9,0.8,0.0,0.5,0.0,2,0.3333333333333333,0.406060606060606
84,30,6480,2160,9.730188182489371,0.3637035246840395,7.81682792392778,0.1004156692231999,0.358450020361641,9.595347365449976,0.1202680116555813,350,0.3,10,0.9,0.6,0.0,1.0,10.0,1,1.0,0.8918503282811729
50,30,6476,2160,9.203701735612992,0.9137209321456994,1.6118952550588437,0.0397776279083595,-1.3341179293936245,11.158117806932855,0.1359594577391772,100,0.1,10,0.9,0.8,0.5,2.0,0.0,2,0.3333333333333333,0.3333333333333332
48,30,6475,2160,10.401766799199477,0.8543254724589706,2.301017370493345,0.05440309329051,0.0891863166430018,6.366165593565632,0.0878067212896464,100,0.3,6,0.7,0.6,0.5,0.5,0.0,1,1.0,0.9151515151515152
68,30,6480,2160,8.895117896203669,0.9101704622020312,1.6396932073365635,0.0422289763237825,-0.3405986823235229,6.937173796054062,0.0886763685435305,100,0.1,6,0.9,0.8,0.5,2.0,0.0,1,0.3333333333333333,0.4255338805760452
45,30,6480,2160,10.050456792019324,0.92661342084493,1.3442224249159642,0.036104967723917,-0.0036507417427273,12.306832436586696,0.1590966235928263,700,0.1,10,0.9,0.6,0.5,1.0,0.0,2,0.3333333333333333,0.3818181818181818
74,30,6480,2156,10.058659071259251,0.9643506701707562,0.9557487392001528,0.0270597780882416,-0.2178464446060477,8.93059927120853,0.119150959620193,350,0.3,10,0.9,0.6,0.5,1.0,0.0,3,0.6666666666666666,0.5636363636363636
70,30,6477,2159,9.495308836813935,0.9382947364991726,1.2856454442645309,0.0329290059205157,-0.1481387455237195,9.061917026744204,0.113162847101482,100,0.1,10,0.9,0.6,0.5,0.5,0.0,3,0.3333333333333333,-0.0181818181818181
72,30,6473,2148,9.582697612949133,0.9818607848546436,0.5153650065187344,0.0179803764528951,-3.511994869216045,12.5134744835022,0.1626927513897204,350,0.02,10,0.9,0.8,0.0,1.0,0.0,3,0.0,-0.0552188807225863
92,30,6480,2160,11.79243554312322,0.8599166573565222,2.3925999193397267,0.0538661785445984,-1.7982501857208737,11.114970021733532,0.1324873796515407,350,0.02,10,0.7,0.6,0.5,0.5,0.0,1,0.3333333333333333,0.4756185979889012
41,30,6480,2160,11.091605917092092,0.8067784401452589,2.9575314766964955,0.0618312561868445,-0.1224534737205285,11.76104012609632,0.1358505049466553,350,0.02,6,0.9,0.6,0.5,2.0,0.0,3,0.6666666666666666,0.8060606060606059
7,30,6480,2160,8.4121676434302,0.9495852017245164,1.2446963982654595,0.0303494617283769,0.4798966344891625,8.127720175627339,0.1077746665720345,350,0.3,6,0.7,0.8,0.5,2.0,0.0,1,0.6666666666666666,0.8060606060606059
98,30,6476,2160,9.97866044903427,0.9090674131045752,1.8641704330447872,0.0429098157491295,-0.3241160949577337,12.031157294166515,0.1499186208448436,700,0.02,6,0.9,0.8,0.5,0.5,0.0,2,0.3333333333333333,0.1393939393939393
82,30,6480,2160,9.411259941024545,0.2854577813995498,8.034069895155636,0.1060087154758918,-0.1185142154280882,9.06400713381944,0.1138980437466297,350,0.3,6,0.7,0.8,0.5,2.0,10.0,1,0.3333333333333333,0.2247332874877473
89,30,6480,2160,11.757429047691415,0.9059869866527596,1.8761444972343235,0.0453296430758958,-0.2528070183125526,8.627991848924646,0.1070357536945907,350,0.02,10,0.7,0.6,0.5,1.0,0.0,2,0.3333333333333333,-0.0424242424242424
93,30,6479,2160,8.84612749364835,0.967004750111282,0.9111265155622622,0.0245836415296505,0.2442090778452543,7.673917074029386,0.0942116250084131,350,0.1,10,0.9,0.8,0.5,0.5,0.0,1,1.0,0.6261427099904665
79,30,6480,2160,10.303824916927594,0.7959223469199566,2.9010619048081776,0.0601434641476601,-0.3351539136188588,9.779198038674917,0.1140743917985605,100,0.1,6,0.7,0.8,0.5,2.0,0.0,2,0.3333333333333333,-0.2969696969696969
99,30,6480,2159,9.07900560253117,0.9163693712439188,1.591690287349534,0.0348170206808956,0.0663279056894943,7.430254572262749,0.09446310966685,350,0.02,6,0.7,0.6,0.5,0.5,0.0,2,0.6666666666666666,0.6363636363636362
96,30,6480,2160,10.578514508288585,0.3510697377804108,8.070154929808629,0.1021888187396432,-0.0191868877599878,12.032546943028768,0.1434977335227756,700,0.1,10,0.9,0.6,0.0,0.5,10.0,2,0.3333333333333333,0.288365265995729
97,30,6480,2160,7.718094111953943,0.9511754221055576,1.032642576569042,0.0283091849605816,0.64141715121289,7.254792379005296,0.0941334320989605,350,0.1,10,0.9,0.8,0.5,2.0,0.0,2,0.6666666666666666,0.6
91,30,6480,2160,9.033522157227551,0.0951093593288535,8.389848007920348,0.1084153781488947,-0.0516773895975422,6.582040917166957,0.0766509287009733,350,0.3,10,0.7,0.8,0.0,1.0,10.0,2,0.3333333333333333,0.0436518934855986
90,30,6480,2160,13.928379706335658,0.2999589537967391,11.477241839656122,0.138434034989515,-1.0485558555443646,11.526057140915482,0.1239038217367881,700,0.02,10,0.9,0.8,0.0,0.5,10.0,3,0.3333333333333333,0.4554040176258962
95,30,6465,2160,10.436129302118164,0.2106810731032238,8.729692607962246,0.1166728326658698,-0.0352152364622415,13.41601739998217,0.1640275369522472,350,0.1,10,0.9,0.6,0.5,2.0,10.0,1,0.3333333333333333,0.1402465096633939
42,30,6477,2160,11.10070840847659,0.8706303249087566,1.7923639980618764,0.0488251382809043,-0.134937664648906,12.03771307157165,0.1586375409177093,700,0.02,10,0.7,0.6,0.5,2.0,0.0,1,0.0,-0.0303030303030303
60,30,6469,2160,10.518462611268136,0.788775822859921,4.073488867269968,0.062354545973043,0.1261974801525591,10.37957880196748,0.1200234621083627,100,0.02,6,0.9,0.6,0.5,0.5,0.0,1,0.6666666666666666,0.4909090909090908
75,30,6480,2160,10.719536762208117,0.3912975903642602,8.11859796182609,0.1039159305154652,0.2037634252444586,9.038992695985018,0.1069347558587062,100,0.3,6,0.9,0.6,0.5,0.5,10.0,1,0.3333333333333333,0.6588747941611479
8,20,4320,2160,8.31175591483629,0.9853648022558396,0.599223906509806,0.0148430640829502,-1.052784232510544,14.65562137170902,0.1643243750578331,350,0.3,10,0.7,0.6,0.5,2.0,0.0,1,0.0,-0.5515151515151515
18,20,4320,2159,6.306750143236584,0.9825327391525748,0.6554591866636744,0.013910301598031,-0.4701129492612097,10.88961015317385,0.1416880766660888,350,0.1,10,0.7,0.6,0.5,2.0,0.0,3,0.0,-0.7818181818181817
0,20,4320,2160,8.172701280927775,0.9637002807137178,0.8479536881853392,0.0201210344753121,-0.5555670762804961,8.21755093533606,0.1331445793744332,350,0.3,10,0.7,0.6,0.5,2.0,0.0,2,0.3333333333333333,0.1393939393939393
15,20,4320,2160,4.297874929712502,0.8609536132840945,1.135041273571292,0.0238454910294688,-0.846641393223361,16.528802831765883,0.2095205020248872,100,0.1,6,0.9,0.6,0.5,1.0,0.0,2,0.6666666666666666,0.4181818181818181
10,20,4320,2160,9.628348178819374,0.2721886834777675,7.864885132577685,0.1079549501986843,0.3206341463814689,9.571624960546142,0.1161906375468123,350,0.3,10,0.7,0.6,0.5,2.0,10.0,3,0.6666666666666666,0.518999296107682
57,20,4320,2160,9.21781947016716,0.0791381941540564,8.402198909918468,0.1035789340307229,-0.0017602582167317,7.700069743968822,0.1077471915262019,700,0.02,10,0.7,0.8,0.0,1.0,10.0,2,0.0,0.0
25,20,4304,2160,7.067789563019569,-8.185094380053215e-09,6.858780315108459,0.08732166264109,-0.3903479721489313,12.770116804970636,0.1712273895576764,350,0.1,6,0.7,0.6,0.5,0.5,10.0,2,0.0,0.0
41,20,4320,2160,9.480877331956636,0.9597513759596814,0.845023056224217,0.0262606339021854,-0.2399582852240209,10.906052481545204,0.1427843537567064,100,0.1,10,0.7,0.6,0.0,1.0,0.0,3,0.3333333333333333,0.2848484848484848
38,20,4313,2160,7.810038539902381,0.2023446259254778,7.203272387413699,0.0960609414813494,-0.1098338864308294,9.857196947027134,0.127312154309135,350,0.02,6,0.7,0.6,0.0,2.0,10.0,3,0.0,0.0
13,20,4320,2160,8.634111784131491,0.973730442418996,0.9125638808529052,0.0201483237418927,-0.4583068488963797,9.102683946354384,0.1180769187320844,350,0.3,6,0.7,0.6,0.5,2.0,0.0,1,0.3333333333333333,0.0303030303030303
17,20,4320,2160,8.073773481950479,0.999267047017683,0.1310641803854784,0.0030598247201545,-1.2439030115679888,16.180852131512776,0.1949708769967625,100,0.1,10,0.9,0.8,0.0,1.0,0.0,3,0.3333333333333333,0.1999999999999999
11,20,4309,2160,13.106835935004046,0.9701077071388212,1.1226908293482245,0.0257965294748851,-4.243661859222193,12.294437158990789,0.1388220161923234,100,0.05,10,0.7,0.6,0.0,0.5,0.0,3,0.3333333333333333,-0.0861640436855329
5,20,4320,2160,12.7072989793177,0.2330634604891492,10.451243833965725,0.1230212911377747,-0.0563225888046914,11.604614572878235,0.1437300502690259,350,0.1,10,0.7,0.6,0.0,2.0,10.0,1,0.3333333333333333,-0.0997276789342354
21,20,4320,2160,13.514896324298997,0.5618292658055618,8.662258819120902,0.1048545396748956,-0.8918457185217723,10.308112771422774,0.1227381495784532,700,0.3,6,0.9,0.6,0.0,2.0,10.0,3,0.3333333333333333,0.0731720919982925
31,20,4320,2160,10.362923428040965,-4.70795906704069e-07,9.637778490561026,0.1134728830257083,-0.2214297893388086,11.27612567619041,0.136414404830833,350,0.02,10,0.7,0.6,0.5,1.0,10.0,2,0.0,0.0
19,20,4320,2157,10.597606789535948,0.1229410406629851,9.44264153012523,0.1122257612242779,-0.021260989892561,10.06115626042012,0.1164173508932729,700,0.3,10,0.7,0.8,0.0,1.0,10.0,2,0.6666666666666666,0.4526019054848143
20,20,4320,2160,6.3465763665348485,0.913443302245056,1.0297253424931003,0.0317445393996875,0.1734360237818607,9.52740840811222,0.1272090030484864,700,0.3,6,0.9,0.8,0.5,1.0,0.0,2,1.0,0.5653521556224601
9,20,4320,2160,9.537232587633875,0.9126074294607258,1.2696492601791332,0.0381122568756082,-0.258916453359499,12.090616968428648,0.1435737517044007,350,0.3,10,0.7,0.6,0.5,2.0,0.0,1,0.6666666666666666,-0.0607905543680064
43,20,4320,2159,9.195524213158633,0.971632814283284,0.88173845538189,0.0191003887116406,-0.4696391961123587,11.71614894566526,0.1553990910508021,100,0.3,10,0.7,0.6,0.5,2.0,0.0,1,0.6666666666666666,0.1155020532992122
16,20,4320,2160,12.882339452946628,0.3711853076981802,9.19327514357037,0.1146091045414649,-0.241813112479414,14.287875537342495,0.1568390026695952,350,0.3,6,0.9,0.6,0.0,2.0,10.0,3,0.6666666666666666,0.1970489351107557
37,20,4309,2160,8.954415050650681,0.9389434864332572,1.061639674721626,0.0294976562600476,-0.5133525445862712,13.489524122046422,0.1823345421854777,700,0.1,6,0.9,0.6,0.5,2.0,0.0,2,0.3333333333333333,0.0
14,20,4320,2160,9.02123018026352,0.1461391130987362,8.674386037720573,0.1076510820370926,-0.2576250146368888,8.51427332489579,0.1018546123121082,100,0.3,10,0.7,0.8,0.0,2.0,10.0,2,0.3333333333333333,0.0580258853185659
32,20,4306,2160,10.652775589723335,0.9179091284471924,1.6348357333508852,0.0454940365423096,0.3722275117367982,8.833948546075435,0.1186847188610126,350,0.02,6,0.9,0.8,0.0,0.5,0.0,2,0.6666666666666666,0.7696969696969697
7,20,4320,2160,10.435964960419364,0.9464267086509052,1.4186345406857948,0.0334415622395438,0.4951142923068157,7.46399974419606,0.106186277020186,350,0.3,6,0.7,0.8,0.5,2.0,0.0,1,0.6666666666666666,0.8666666666666665
44,20,4316,2160,9.228021423405558,0.1050902113188488,8.3221031730765,0.1108189900195399,-0.1132807967745803,12.10781097924268,0.1652816845275464,100,0.3,6,0.9,0.8,0.0,0.5,10.0,1,0.3333333333333333,-0.4061811972299616
12,20,4306,2160,13.193509318394444,0.2935094515134472,10.826259929171508,0.1293766962730227,-0.115032436980605,11.74854905322746,0.1357598304445605,100,0.3,10,0.9,0.8,0.5,1.0,10.0,2,0.3333333333333333,0.4422166387140533
4,20,4320,2160,10.728830738509142,-7.140101088154438e-08,10.50369085682763,0.1364707183619357,-0.0184873591704621,13.314717565642464,0.1541156790452565,700,0.02,10,0.7,0.8,0.5,1.0,10.0,3,0.0,0.0
35,20,4320,2155,12.870837083831049,0.984151277719499,0.6771281296081135,0.020043801083878,-0.6531520430387705,12.083364202018329,0.1635452941684315,100,0.1,10,0.7,0.8,0.0,2.0,0.0,1,0.3333333333333333,0.406060606060606
29,20,4320,2156,10.235228030845464,0.9019214147486034,1.469404110857046,0.0407975111420606,-0.1813041407968012,11.116863310015855,0.1357093184409324,350,0.02,6,0.7,0.6,0.0,0.5,0.0,3,0.3333333333333333,-0.0243162217472025
30,20,4320,2156,9.832446209956672,0.9777052265983636,0.7740448925665835,0.0232106130451075,-0.4020500399375428,11.42571411877674,0.1676392330180214,100,0.3,10,0.9,0.6,0.0,2.0,0.0,3,0.6666666666666666,0.2006088294144213
6,20,4320,2160,8.303162613838083,0.8842124934541505,1.4828275210994677,0.0410931905483154,0.2216714790231926,10.763462878743235,0.1379640721847635,350,0.1,10,0.7,0.6,0.5,0.5,0.0,3,0.3333333333333333,0.6443798763008685
51,20,4317,2160,11.67097263605416,0.8654305416396997,2.2144756022612198,0.0542409663192944,-1.0316323101856295,8.098674154748657,0.1026568636227055,100,0.1,6,0.9,0.6,0.5,1.0,0.0,2,0.3333333333333333,-0.2363636363636363
24,20,4320,2160,10.81660129838123,0.8813539340425913,1.9311932617663647,0.048951221796452,-0.3594710860263375,13.10506622808951,0.1573765681154368,350,0.02,6,0.7,0.8,0.5,1.0,0.0,3,0.3333333333333333,0.2727272727272727
63,20,4320,2160,11.264918747831274,0.2836174874041428,8.821279882192613,0.1084740321087654,-0.0170160984032377,11.190532875061034,0.138448310621691,700,0.3,6,0.9,0.6,0.0,0.5,10.0,3,0.3333333333333333,0.2097510683218975
28,20,4320,2160,9.647018367133828,0.9999102116521096,0.0845199028925011,0.0012243260495677,-0.4972759728061551,9.76472083484133,0.1215242630687082,700,0.3,10,0.9,0.8,0.0,0.5,0.0,2,0.3333333333333333,-0.3818181818181818
2,20,4319,2160,6.318406681968573,0.8826424465829239,1.1518410538926172,0.039618941929536,-0.2875448600736345,12.128361591356484,0.1600189703862892,100,0.3,6,0.9,0.6,0.5,0.5,0.0,2,0.6666666666666666,0.3454545454545454
34,20,4320,2157,11.472270372885244,0.1471203632412708,10.615918934521853,0.1315277802689121,-0.0096626257708869,12.964299371831665,0.1571567146688384,700,0.02,10,0.7,0.8,0.0,0.5,10.0,3,0.3333333333333333,-0.3387594564044284
3,20,4315,2160,11.635332137297867,0.9603133216060452,1.0377456756172807,0.0279188707356152,0.5720059525751195,6.9333808643458825,0.0901516210521943,100,0.05,10,0.9,0.8,0.0,0.5,0.0,3,1.0,0.7503664793768668
33,20,4320,2160,8.73512611909597,0.850371781142137,2.7918847551665924,0.0466552337780453,0.0724887464530217,6.046642107731767,0.0764523576630964,100,0.02,10,0.9,0.6,0.0,1.0,0.0,2,0.3333333333333333,-0.006060606060606
27,20,4320,2160,10.051940153776496,0.9250081580307028,2.323815656734838,0.0340010906491703,0.3353698747897788,6.998372096772548,0.0881016932479696,100,0.02,6,0.7,0.8,0.0,2.0,0.0,2,0.3333333333333333,0.709090909090909
1,20,4316,2160,16.040998479208177,0.4630525723633096,11.037322700984836,0.1329355224591464,-0.1644626794638484,12.371719155841404,0.1398715922791366,700,0.1,6,0.9,0.8,0.0,1.0,10.0,3,0.6666666666666666,0.4817162723220922
52,20,4317,2157,10.155466945260455,0.9463972293684936,1.2396548071572846,0.0346271097528529,-0.4180619211285254,14.74567983584875,0.1665017135503831,700,0.02,10,0.9,0.6,0.5,0.5,0.0,3,0.3333333333333333,0.103030303030303
42,20,4317,2160,9.264114539258204,0.905242142121964,1.5546299649750277,0.0445133536913109,-0.3935697861052962,13.335004631185532,0.1757860168651538,100,0.05,6,0.7,0.8,0.0,2.0,0.0,1,0.0,-0.0545454545454545
62,20,4316,2157,10.113570121444404,0.9800783781942356,0.8414625172957161,0.0191276800992955,-0.845501934389552,10.23606872217111,0.1475715652988724,100,0.3,10,0.9,0.6,0.5,0.5,0.0,2,0.3333333333333333,0.1757575757575757
22,20,4309,2160,9.414669171890043,0.9908569100030512,0.4818133479822564,0.0113253703381679,-0.3039035242610666,13.995059103369714,0.1679056530089964,700,0.3,10,0.7,0.6,0.5,1.0,0.0,2,0.3333333333333333,0.1393939393939393
23,20,4319,2160,12.582192206099936,0.4162114319007377,10.216683032253766,0.119574314819104,0.1080020399063897,8.798786650233799,0.1134107747053374,350,0.3,6,0.9,0.6,0.0,2.0,10.0,2,0.6666666666666666,0.6737802297335519
71,20,4319,2149,10.266312833292815,0.9481021454424856,1.075996170624384,0.0316472109761844,0.2004966464742562,11.23391595026916,0.1386430715818261,350,0.3,10,0.9,0.8,0.5,1.0,0.0,2,0.3333333333333333,0.5531940447488588
49,20,4320,2157,10.173067374317734,0.2537951648782258,9.169352039142892,0.1159445676613966,-0.076696730704026,10.740500163015083,0.1309953049295315,350,0.05,10,0.9,0.8,0.0,2.0,10.0,3,0.3333333333333333,0.0908248768188443
47,20,4320,2160,14.99150345850874,0.4363903819334361,9.975555748586302,0.1249290435978655,-0.7535101588546231,11.320210954878066,0.1364423125418842,100,0.3,10,0.9,0.8,0.0,2.0,10.0,2,0.3333333333333333,-0.2154101092138322
39,20,4320,2157,11.47845031986082,0.9402114902837294,2.1374315154883594,0.0338734182795488,0.3784484985109098,8.895396889687468,0.1233019839954198,100,0.02,10,0.9,0.8,0.0,0.5,0.0,2,0.6666666666666666,0.709090909090909
26,20,4320,2160,10.198768689102597,-7.067356944112646e-08,9.79951095333806,0.1272395456706016,-0.0234046085174801,11.069903843491163,0.1300176042847955,100,0.02,10,0.7,0.6,0.0,1.0,10.0,2,0.0,0.0
80,20,4320,2160,10.170211574324856,0.0902062503505473,9.260963159578818,0.1156905514107507,-0.2246133011300481,10.745967352831803,0.1309370711070286,700,0.05,6,0.7,0.6,0.5,1.0,10.0,2,0.3333333333333333,0.6055300708194983
56,20,4320,2160,9.439054637292694,0.8475577508278066,2.342838885290337,0.0548159233753172,0.1388568807236445,9.6488415277225,0.1239793542590689,700,0.02,6,0.7,0.6,0.5,0.5,0.0,1,0.6666666666666666,0.6727272727272726
58,20,4319,2160,13.595197179408334,0.1670124141276509,11.550004102278985,0.1311835122143354,-0.0201707798102785,9.261607139198867,0.1115511988177666,350,0.05,6,0.7,0.8,0.0,1.0,10.0,2,0.6666666666666666,0.0870388279778489
46,20,4320,2160,12.420787390867869,0.3456014916427498,10.04552729677271,0.1196087751557344,0.0258668386865182,10.763761762336449,0.1250722316590706,350,0.1,6,0.9,0.6,0.5,1.0,10.0,3,0.3333333333333333,0.5461666186399612
61,20,4317,2160,9.89269261599286,0.885578108907385,1.8994547581040169,0.0447734785721552,0.0564902477713866,11.912772384815744,0.1430987553150939,350,0.02,6,0.7,0.6,0.0,2.0,0.0,3,0.6666666666666666,0.3939393939393939
50,20,4317,2160,10.113772790774195,0.9483095246538562,1.463063815468124,0.0321859508931528,-1.3379863436072092,11.40603678453524,0.1360720762480425,350,0.3,6,0.7,0.6,0.5,0.5,0.0,1,0.3333333333333333,0.2363636363636363
82,20,4320,2160,12.43216719587644,0.2799082776313767,9.874133005318818,0.1211437180681825,-0.0679751881721524,9.30334591123793,0.11129511240489,700,0.1,6,0.9,0.6,0.5,2.0,10.0,1,0.3333333333333333,0.0570180110331762
53,20,4317,2160,10.076440948592047,-5.033286600841791e-07,9.737574524268636,0.1152208757343879,-0.0027116886668925,11.527689781188965,0.1355153473232024,350,0.05,6,0.7,0.6,0.5,0.5,10.0,1,0.0,0.0
69,20,4320,2160,6.943218526379002,0.971089584947162,0.6969401859762965,0.0141219225340764,-0.1088709601517647,10.450453036468891,0.143459784268683,350,0.05,10,0.7,0.6,0.5,0.5,0.0,3,0.3333333333333333,0.103030303030303
59,20,4320,2160,9.419345823927886,0.996203385611725,0.2328180096065778,0.0075655481235403,0.3691258936961956,9.019013783502633,0.1252892845519852,700,0.02,10,0.7,0.8,0.0,0.5,0.0,3,0.6666666666666666,0.7696969696969697
81,20,4319,2160,9.066735368212337,0.2706485294780181,8.291255849841347,0.1033144057079518,-0.0030889341767377,9.183516373281124,0.113702805556207,100,0.3,6,0.9,0.8,0.0,1.0,10.0,3,0.0,0.0
66,20,4320,2160,10.920838944459405,0.8601720402079079,3.2505318642987144,0.0550517152867829,-0.4220863597609023,8.160913422438835,0.1013180468467305,100,0.02,6,0.9,0.8,0.0,2.0,0.0,2,0.3333333333333333,0.4909090909090908
36,20,4320,2160,6.389876222919535,-8.282407926607505e-06,6.290085467055992,0.0837325411684047,-0.46390342159352,15.00648430912583,0.2051314004878163,350,0.3,10,0.7,0.6,0.0,1.0,10.0,3,0.0,0.0
88,20,4320,2160,10.41954577861009,0.1660412380446576,9.019226417099988,0.1105111944112531,-0.0302868282187696,12.5423211756459,0.1527511926261441,350,0.05,10,0.9,0.6,0.0,2.0,10.0,1,0.0,0.3120938919661796
65,20,4317,2160,10.053417129655363,-6.022292726726164e-07,9.84750207225454,0.1147073209237127,-1.3093550163008678,9.656112447668006,0.1021196846458261,100,0.02,6,0.7,0.6,0.0,1.0,10.0,1,0.0,0.0
40,20,4320,2160,11.597290970072802,0.8533649544945483,2.4894753898556194,0.0572533289395011,-0.3828473785758808,9.37630566782747,0.128284974449577,350,0.05,10,0.9,0.8,0.5,1.0,0.0,3,0.6666666666666666,0.3454545454545454
64,20,4320,2160,13.531952844669352,0.904776494720469,2.1801355229601147,0.0520638420458109,0.0059574199639266,10.451668119761507,0.1360533024270276,100,0.1,10,0.7,0.8,0.5,1.0,0.0,2,1.0,0.6969696969696969
87,20,4320,2160,10.501104431682162,0.0688967641753445,9.880393874380324,0.1206103395853435,0.0115595420044398,9.287797064074764,0.1205796281584729,100,0.02,10,0.7,0.8,0.5,2.0,10.0,2,0.3333333333333333,0.272474630456533
67,20,4320,2160,11.171630150742,0.2866588069850618,9.40655513657464,0.1126369538781688,-2.369421527022663,11.176413023913348,0.124565792883446,350,0.3,6,0.7,0.8,0.0,1.0,10.0,2,0.0,0.4619682176798978
48,20,4315,2160,11.55279192676435,0.8538189433820247,2.4102690901231387,0.0587883620351409,-0.6448305386545168,9.311284555173048,0.1179977070103324,700,0.1,6,0.9,0.6,0.5,0.5,0.0,3,0.0,0.1999999999999999
86,20,4320,2160,9.290790614653718,0.8083149010813813,2.862263356232388,0.0630496360372014,-0.3019461941452823,14.16800898286057,0.1779070093705349,350,0.02,6,0.7,0.8,0.5,0.5,0.0,1,0.3333333333333333,-0.2606060606060606
45,20,4320,2160,10.802490457848268,0.7550755967083336,4.224105356081768,0.0639268347156359,0.0274289070943538,12.740707750320434,0.156613911584675,100,0.02,6,0.9,0.8,0.5,1.0,0.0,1,0.0,0.4545454545454545
68,20,4320,2160,11.406002432549442,0.372953240965572,9.202648341744034,0.1123860858541358,-0.6045932461551984,8.138973232728464,0.0970154685531464,350,0.3,10,0.9,0.6,0.0,0.5,10.0,3,0.3333333333333333,0.6333682399226749
54,20,4320,2160,9.038048864691348,0.7252667661013439,3.7571757634811935,0.0611737018588446,-0.1298616516008088,6.113567715761838,0.0792140488687431,100,0.02,6,0.7,0.8,0.5,2.0,0.0,3,0.3333333333333333,0.0303030303030303
70,20,4317,2159,11.601125884851127,0.101224156902444,10.613502054168087,0.1278089222616658,0.0265991421303122,8.888393056674266,0.1041963584917808,100,0.02,6,0.7,0.8,0.5,1.0,10.0,2,0.3333333333333333,0.1740776559556978
78,20,4320,2160,10.74893414762285,0.2541887824063791,9.411995376127738,0.1170566750310025,-0.1666310861625848,9.57053230497572,0.1164972018997082,100,0.3,6,0.7,0.6,0.0,1.0,10.0,1,0.0,-0.0693541982147065
89,20,4320,2160,9.93202673296306,0.8993923816213757,1.7892805044344142,0.0467424096296117,-0.6613431865298638,9.296685705394896,0.1232583812949512,350,0.05,6,0.7,0.8,0.5,2.0,0.0,3,0.0,0.1272727272727272
94,20,4320,2160,9.839441218678322,0.9899674226596714,0.577744575565389,0.0138714009120651,-0.1830146471857487,11.421088119909443,0.1339601312810842,350,0.02,10,0.9,0.6,0.0,2.0,0.0,1,0.0,0.2363636363636363
84,20,4320,2160,9.60843658052109,0.3900774124778809,6.826161245681623,0.0923843094655301,0.1937222586957139,10.020860689304492,0.1348271078018675,100,0.3,6,0.9,0.6,0.0,1.0,10.0,2,1.0,0.6356417261637282
73,20,4320,2160,9.26601021616253,0.916125522842583,1.3186007667114563,0.0394550378301992,0.296781703387982,7.227473607332245,0.1004003161062859,350,0.05,10,0.7,0.6,0.5,1.0,0.0,2,0.6666666666666666,0.5636363636363636
55,20,4320,2160,12.425932319649942,0.3770133274814422,8.98434370191009,0.1074655435270259,0.0912855632349992,9.059340929455226,0.1151510509184635,100,0.02,10,0.9,0.6,0.0,2.0,10.0,2,0.3333333333333333,0.4741663240704503
75,20,4320,2160,7.7701577471778736,0.9288016849951614,0.6892497850667848,0.0293175307320665,0.2581544085717171,8.377189948904691,0.1032177958852446,700,0.02,10,0.7,0.6,0.0,2.0,0.0,3,1.0,0.6242424242424242
85,20,4309,2157,9.49886649081976,0.9353124285516776,2.043602482568197,0.0309191678916256,0.4369747530465493,5.738239802792496,0.0724943573662325,100,0.02,6,0.9,0.6,0.0,0.5,0.0,2,0.6666666666666666,0.6565379871744698
79,20,4320,2160,11.64481857946138,0.9322198918313754,1.363743527991207,0.0378212378558994,-1.1964092030037945,12.286394104576257,0.1463117223553436,350,0.05,10,0.7,0.6,0.0,2.0,0.0,3,0.3333333333333333,-0.0909090909090908
93,20,4320,2160,9.981865711245272,0.95935814211297,1.0358550986381834,0.0239874409550265,-0.001683649764915,8.758857148996105,0.1084598380497928,350,0.02,10,0.7,0.6,0.5,1.0,0.0,2,0.3333333333333333,0.0
99,20,4320,2159,8.715055434714865,0.8926739717040957,2.225367041177772,0.0356416853046556,0.080284058430337,7.443027094416511,0.0937544533454953,100,0.02,10,0.9,0.6,0.0,2.0,0.0,2,0.0,0.3333333333333332
98,20,4316,2160,10.32641841789049,0.964000735748245,1.310637135678253,0.0287711651267979,-0.5019366533750846,12.87605349752914,0.1596681723128946,700,0.02,6,0.9,0.8,0.5,0.5,0.0,2,0.3333333333333333,0.1515151515151515
76,20,4313,2160,11.649340759215283,0.4749414966465036,8.076118600094869,0.1065336229658167,-0.190613151310556,8.532524467927438,0.1083700886293209,700,0.3,10,0.9,0.6,0.0,2.0,10.0,2,0.3333333333333333,0.5483440807684433
77,20,4320,2159,10.790271947690783,0.906509602995392,1.3963651638990895,0.0433551633026941,-0.9261657004190804,10.645812517961623,0.1357772518267687,700,0.1,10,0.9,0.6,0.5,2.0,0.0,2,0.3333333333333333,-0.1757575757575757
90,20,4320,2160,13.56294912951964,0.2786154090509125,10.656313822181136,0.1284341176425814,-0.5890599131828862,10.008752180911875,0.109126677606753,700,0.05,6,0.9,0.8,0.5,0.5,10.0,2,0.3333333333333333,0.4858238824105881
91,20,4320,2160,6.2709894093503324,0.9637609725690428,0.8509432866264629,0.0206127985265941,-0.4054261393403999,6.665807614223067,0.0886094755205984,350,0.3,6,0.9,0.8,0.5,0.5,0.0,1,0.3333333333333333,0.085106776115209
83,20,4319,2160,10.214486249579815,0.99255706036603,0.3295353917337369,0.0120106311699556,-0.0661643423513753,9.710917285068511,0.1300115702856613,350,0.02,10,0.9,0.8,0.0,1.0,0.0,3,0.3333333333333333,0.4666666666666666
95,20,4309,2160,7.751289609485077,0.0712746795420991,7.5093387636958,0.0995061272414011,-0.1428791845467827,13.480354563571789,0.1723461543894953,100,0.05,10,0.9,0.6,0.0,1.0,10.0,2,0.3333333333333333,0.1740776559556978
74,20,4320,2156,9.64507154451476,0.2336867140625366,8.31884707097654,0.1094066510362948,0.1784910919226732,7.752631982580407,0.09786049691431,350,0.1,10,0.9,0.8,0.0,2.0,10.0,3,1.0,0.5784339708089926
60,20,4309,2160,10.461622827899976,0.3235797225656051,8.51234139313856,0.1085967896398703,0.0904640382468817,10.796144897319651,0.1224530032885777,700,0.02,6,0.9,0.8,0.0,2.0,10.0,3,0.6666666666666666,0.4194548251392445
92,20,4320,2160,12.288811486738698,0.3754388218162333,9.74797861929293,0.119921878562931,-2.3434103858602224,12.926732248200311,0.1448191798528786,100,0.3,10,0.9,0.6,0.0,2.0,10.0,2,0.3333333333333333,0.2654047339472979
72,20,4317,2148,12.095090916157076,0.302936133618128,10.415739240816464,0.1248964753733667,-1.2901478054414666,9.617102304295232,0.1159086003347031,100,0.3,10,0.9,0.8,0.5,0.5,10.0,1,0.0,-0.5915204817512771
97,20,4320,2160,10.220159317387472,0.0347427629005524,9.865462863533583,0.1219742376970503,-0.0582941854069645,14.03610637664795,0.1617157583674867,100,0.02,10,0.7,0.6,0.5,2.0,10.0,3,0.0,-0.5222329678670935
96,20,4320,2160,9.364629436245671,0.3099820373627183,7.240377086974956,0.1008650798499155,-0.2571008226399791,12.84980596083182,0.1593687561763612,100,0.3,6,0.7,0.8,0.0,0.5,10.0,2,0.3333333333333333,-0.2056290302881662
25,75,16184,2160,7.381536007138682,0.9067796622829432,1.520384822413762,0.0351216856064911,0.1298193364452009,10.358162483667964,0.1354615984777702,350,0.02,6,0.9,0.8,0.5,0.5,0.0,3,0.6666666666666666,0.6363636363636362
8,75,16185,2160,7.42825196375505,0.9036290452242424,1.7182557718567744,0.0356555446764962,0.2223832718334724,7.895107619977661,0.1011377144346938,100,0.05,6,0.7,0.8,0.5,2.0,0.0,3,0.6666666666666666,0.4787878787878787
15,75,16197,2160,8.271207039176083,0.9103552863411492,1.5718087717180964,0.0348362580368028,0.0768372950379772,12.501044025509444,0.1481406917956153,100,0.05,10,0.9,0.6,0.5,1.0,0.0,3,1.0,0.4787878787878787
18,75,16188,2159,7.220709490990899,0.9863531625047148,0.4090621399236774,0.0120027805438801,0.1603569290673097,8.338832272494175,0.1070792468079031,100,0.1,10,0.9,0.6,0.0,1.0,0.0,2,1.0,0.6484848484848483
10,75,16181,2160,7.714973530814852,0.971979070201287,0.7268070639226262,0.0198148645394454,0.6716235297573676,5.435409349466154,0.0807802685444406,350,0.3,10,0.9,0.6,0.5,2.0,0.0,1,1.0,0.8909090909090909
62,75,16192,2157,9.376640222549534,0.8769728055116432,1.962280891151764,0.0459225042870352,0.2121296599114139,7.469698420295939,0.0964212610784969,100,0.1,6,0.9,0.6,0.5,0.5,0.0,1,0.3333333333333333,0.0303030303030303
3,75,16192,2160,9.613046210405871,0.949793100230189,1.0471589758475346,0.0292932236105689,0.1793253391609315,8.460105745221243,0.1248360987556478,350,0.3,10,0.9,0.6,0.5,1.0,0.0,2,0.6666666666666666,0.5627748595326502
32,75,16186,2160,9.036750350122084,0.9456840071331872,1.2092963213998345,0.0316609072306499,0.4686751442663307,8.899751327457253,0.1091877036422811,700,0.05,6,0.7,0.6,0.5,1.0,0.0,1,0.6666666666666666,0.9515151515151514
65,75,16178,2160,8.569902646215064,0.9511864035151266,1.3114580371472295,0.0263368489545507,-1.563526357064447,8.72119605935886,0.1075927498963549,700,0.02,6,0.7,0.6,0.0,2.0,0.0,2,0.3333333333333333,0.3818181818181818
0,75,16195,2160,8.42279516872846,0.9450502059294804,1.205173386994743,0.029352100212391,-0.4094192113695751,9.78142201473822,0.1267357712640271,100,0.1,10,0.7,0.8,0.5,2.0,0.0,2,0.3333333333333333,0.3333333333333332
21,75,16197,2160,8.89222471867564,0.9504637070800942,1.1874779920040075,0.0289574510645472,-0.8830081264760996,8.77150898115813,0.1224511337206244,700,0.05,6,0.7,0.8,0.5,0.5,0.0,1,0.6666666666666666,0.8181818181818182
59,75,16197,2160,9.024087503577968,0.8925048427458813,1.7216798433962022,0.0417758106344504,0.2818563275198043,10.54572942977978,0.1336744011411488,350,0.05,6,0.7,0.6,0.5,0.5,0.0,2,0.3333333333333333,0.5272727272727272
85,75,16185,2157,7.249878362923985,0.9454852826012068,0.857239079952704,0.0272371419280523,0.3560285102208022,5.959738843480801,0.0775306794056689,350,0.05,10,0.7,0.8,0.5,2.0,0.0,2,0.3333333333333333,0.6200636545536659
43,75,16191,2159,9.04406815404003,0.9598067478575965,0.9244417603021629,0.0262065911362102,0.394632635353759,7.883575751813281,0.0997361531336278,700,0.05,10,0.7,0.8,0.5,2.0,0.0,1,0.6666666666666666,0.4741663240704503
82,75,16200,2160,8.04982103857214,0.8767069474182881,2.035010307999265,0.0470962810310444,-0.0390517632607512,7.1140436922850006,0.1097776937611753,350,0.02,6,0.7,0.8,0.5,1.0,0.0,1,0.3333333333333333,0.5757575757575757
2,75,16196,2160,8.006931754991161,0.3615439720937586,6.603237599642314,0.0931214237844889,-0.1680928373819388,11.813956268805043,0.1524154411361852,700,0.05,10,0.9,0.8,0.5,2.0,10.0,2,0.6666666666666666,0.8816806132678187
9,75,16199,2160,9.552588932169606,0.9193331178432684,1.4764374462132852,0.0406826309615434,0.0570262637855986,10.386981543744051,0.124258581829387,350,0.05,10,0.9,0.6,0.5,1.0,0.0,2,0.6666666666666666,0.3282689935872349
14,75,16200,2160,7.444043361776972,0.8036159874287391,2.4284663785788,0.0541499230636161,-0.1843504065249899,7.19281191743186,0.0988428418195304,350,0.02,6,0.7,0.8,0.5,1.0,0.0,3,0.3333333333333333,0.103030303030303
66,75,16200,2160,8.875683336996705,0.9256895272749508,1.5203560359354693,0.0353474249224066,0.4133048610993569,5.16697461448334,0.0650773812898225,350,0.02,6,0.7,0.8,0.5,2.0,0.0,2,0.6666666666666666,0.6363636363636362
30,75,16200,2156,7.87548317019314,0.8613096999071161,1.851639407062452,0.0451908654705938,0.2772345433289193,8.810496320538327,0.1203628886762149,700,0.02,6,0.7,0.8,0.5,2.0,0.0,3,1.0,0.5957474328064633
88,75,16200,2160,7.207847505987358,0.9292118900217572,1.1815831799734138,0.034699953190473,-0.0212540942205283,11.12009089623906,0.1520801181525753,350,0.05,10,0.9,0.8,0.5,2.0,0.0,2,0.3333333333333333,0.5272727272727272
58,75,16196,2160,9.303955455555071,0.9356825599214326,1.5038093151108087,0.0331985495260062,0.0117464077725216,8.707333922159116,0.1097923302420465,100,0.3,6,0.9,0.6,0.5,0.5,0.0,3,0.6666666666666666,0.3454545454545454
86,75,16196,2160,8.604967156068142,0.881127974935121,1.8901611573232788,0.0437857694419535,0.5396317131878339,8.01069131879205,0.1057911262105241,100,0.1,6,0.9,0.8,0.5,0.5,0.0,2,1.0,0.6848484848484848
4,75,16195,2160,7.853758327354742,0.8619186106640772,1.9270478029114295,0.0458512649335824,0.1278810207911616,11.24476838523108,0.1426122630183472,350,0.05,6,0.7,0.8,0.5,0.5,0.0,1,0.6666666666666666,0.5757575757575757
29,75,16195,2156,9.518615179203014,0.5056239470135975,7.392076050675038,0.0959581247988066,-0.2804424567785348,12.085303845785988,0.141289158731181,100,0.3,6,0.9,0.6,0.0,0.5,10.0,1,0.3333333333333333,0.1784691420425809
92,75,16186,2160,8.405434667724116,0.8727840616373012,2.1440499013789154,0.0492043820439602,-0.4224589643780709,6.442552375610987,0.0944606899348332,100,0.05,10,0.7,0.8,0.5,1.0,0.0,2,0.6666666666666666,0.6646465023178235
24,75,16197,2160,8.432533913823884,0.8516789299869232,2.145804465713458,0.0461188009842885,0.0159905264998625,10.90406587323381,0.133892028930781,350,0.02,6,0.7,0.8,0.5,1.0,0.0,3,0.6666666666666666,0.3818181818181818
81,75,16189,2160,8.534788933313283,0.9238626727599034,1.2700610649482804,0.0336858870146352,-0.0316044973375837,9.4110816338914,0.1153076376025362,350,0.1,6,0.9,0.6,0.5,1.0,0.0,1,0.6666666666666666,0.7696969696969697
47,75,16187,2160,9.58807776915392,0.3851092525410842,7.4197267950888355,0.0995748930790576,-0.0885259447581587,8.486664101635968,0.1075014496828409,700,0.3,6,0.7,0.6,0.0,2.0,10.0,2,0.3333333333333333,0.1129198188014761
28,75,16200,2160,8.246155940719186,0.869042554823954,2.035341033870252,0.0453896978419304,0.3496072399080778,6.399479268064929,0.0800939878522562,100,0.1,6,0.9,0.6,0.0,0.5,0.0,2,0.6666666666666666,0.6848484848484848
50,75,16196,2160,10.096631031382326,0.9256957731877188,1.507240897350988,0.0375511948678474,-0.4568854711174657,7.29750276186262,0.1074139611655444,700,0.1,6,0.7,0.6,0.5,2.0,0.0,2,1.0,0.709090909090909
34,75,16197,2157,8.417110917217967,0.9691792904237054,0.7174942411033296,0.020463998548475,0.086014520167313,11.661782500414478,0.1495252197364683,700,0.02,10,0.9,0.6,0.0,2.0,0.0,3,0.3333333333333333,0.5757575757575757
31,75,16181,2160,9.023421518728515,0.8663809298027443,1.8904345209574296,0.0442877030085232,0.2894291669658994,8.117410270763493,0.1040470250302822,350,0.05,6,0.7,0.6,0.5,1.0,0.0,1,0.3333333333333333,0.7454545454545454
71,75,16199,2149,8.079736784477074,0.8983752721647191,1.711827009027813,0.0396481593838203,0.3080369977426918,10.44812122028184,0.1289821059890805,100,0.1,6,0.9,0.6,0.0,0.5,0.0,1,0.6666666666666666,0.7781190959104828
5,75,16196,2160,10.13463649288552,0.9607601711155448,0.9205153688411812,0.0267783868308781,0.446656414959479,8.059227778812248,0.1040271579759845,700,0.05,10,0.9,0.6,0.5,0.5,0.0,1,0.6666666666666666,0.8424242424242423
90,75,16197,2160,9.554859095125542,0.8401158252403749,2.5099121697743474,0.0565793195276944,0.0871092210727496,6.64249593138419,0.0827123209192831,350,0.02,6,0.7,0.6,0.0,0.5,0.0,3,0.6666666666666666,0.803741486073202
68,75,16193,2160,9.10069223974774,0.8965204644088426,1.655216899528908,0.0415773000200437,-0.4825793861128336,6.78775022250238,0.09325400320408,350,0.05,6,0.7,0.8,0.5,1.0,0.0,1,0.6666666666666666,0.5714312110592608
6,75,16200,2160,7.0613152498579215,0.958509006515996,0.7924344966257731,0.0236508296921948,0.1929680690048002,11.313699894428114,0.1404849791400532,700,0.05,10,0.7,0.8,0.5,2.0,0.0,3,0.6666666666666666,0.7173285415424762
35,75,16196,2155,9.64436011798382,0.958866550799226,0.9246073447285384,0.0280845787459227,-0.0057448132293103,7.826406347255019,0.1275632436888959,700,0.05,10,0.9,0.8,0.5,2.0,0.0,2,0.3333333333333333,0.3696969696969697
57,75,16197,2160,8.18313786473048,0.9468375958654272,1.1492189578608527,0.0314067587197159,0.6098278532422794,5.437355200169905,0.0672437912554475,100,0.3,10,0.7,0.6,0.5,1.0,0.0,2,0.6666666666666666,0.705170430668875
54,75,16195,2160,7.947388446179185,0.9509464754749491,1.1165577263053028,0.0284993036454843,-1.7312042316654592,9.373750386881746,0.1231591452047368,350,0.3,6,0.7,0.8,0.5,1.0,0.0,1,0.6666666666666666,0.5272727272727272
61,75,16194,2160,9.50403113129845,0.9167298217900594,1.4984153704149898,0.0369415652101485,0.2044858427175387,10.280377013803356,0.131397352860739,350,0.1,6,0.9,0.8,0.5,1.0,0.0,1,0.6666666666666666,0.8060606060606059
16,75,16199,2160,9.59610722473271,0.93932472400358,1.3873608330484597,0.0346215060876122,0.0779616329816702,9.839581615145285,0.1351451447516893,700,0.02,6,0.7,0.8,0.0,2.0,0.0,2,0.6666666666666666,0.8787878787878788
7,75,16198,2160,9.010576381036769,0.9598366297889008,0.8651290876968398,0.025613376215427,0.1791732057823102,11.162091776297808,0.1353934386126417,700,0.02,10,0.9,0.6,0.0,1.0,0.0,2,0.3333333333333333,0.6727272727272726
20,75,16186,2160,8.619417180781307,0.9289512568191328,1.3454102748514731,0.0346532565582507,0.3773041790796182,8.166503810141952,0.1104123332882681,350,0.1,10,0.9,0.6,0.5,1.0,0.0,1,0.6666666666666666,0.5531940447488588
78,75,16195,2160,8.840505251220515,0.8534649076113905,2.472349128320833,0.0517240673939963,-0.0456465007232609,8.228608600230958,0.1102912772791343,350,0.02,6,0.9,0.6,0.0,1.0,0.0,3,0.6666666666666666,0.2484848484848484
38,75,16193,2160,8.018385674124998,0.906488127006989,1.6071364045149352,0.0408351889340829,0.4000418528490662,6.750639072092233,0.0936054971585211,100,0.3,6,0.9,0.8,0.5,1.0,0.0,1,0.3333333333333333,0.8424242424242423
19,75,16199,2157,8.457287094431077,0.933066180277862,1.4286296991159086,0.0335792889817618,0.1220060361107188,8.676790707977165,0.1079431546329283,100,0.3,6,0.7,0.8,0.5,2.0,0.0,3,0.6666666666666666,0.5757575757575757
52,75,16192,2157,8.612011410446032,0.8794218275810547,2.038777303913456,0.0463423583880708,0.2129803960743402,10.060239456565409,0.1240406076228235,100,0.1,6,0.7,0.8,0.5,1.0,0.0,3,0.6666666666666666,0.8303030303030302
26,75,16186,2160,8.510904536635007,0.921341488806552,1.4442995198752675,0.039324667674495,0.5505401208518081,5.832656204852673,0.0861636207704399,100,0.1,10,0.9,0.8,0.5,2.0,0.0,1,0.6666666666666666,0.7598819296000807
60,75,16188,2160,8.588553239454997,0.9282520355457672,1.4820081412693802,0.0359526960381196,0.4168148186559346,7.539279682048881,0.0980534194580963,700,0.05,6,0.7,0.8,0.5,1.0,0.0,3,1.0,0.9030303030303028
41,75,16189,2160,9.742194843370545,0.9003942630206816,1.732092521293769,0.045054592603929,0.0505764135320777,9.215760045099865,0.1249416080437138,350,0.05,10,0.7,0.8,0.5,0.5,0.0,2,1.0,0.9515151515151514
49,75,16195,2157,9.016415023212025,0.9766187381334972,0.683094678417843,0.0205995150944229,-0.4828423222766949,12.43940115893887,0.1537292539035276,700,0.02,10,0.7,0.8,0.0,1.0,0.0,2,0.6666666666666666,0.1515151515151515
94,75,16200,2160,7.088696614064396,0.9747055866033072,0.8358634358362746,0.0198282593934571,0.1344980777450705,8.039109566158496,0.114581504914577,100,0.3,10,0.7,0.8,0.5,0.5,0.0,1,0.6666666666666666,0.5393939393939393
44,75,16191,2160,9.079522785420377,0.9110034317113944,1.6339578856647663,0.0419547430846664,0.4595353765043348,8.95914607356544,0.1151611538460795,700,0.1,6,0.9,0.8,0.5,2.0,0.0,1,1.0,0.8666666666666665
27,75,16200,2160,7.247023546902554,0.9212935351586864,1.4990299125932696,0.0351924627392843,0.1275739862628552,7.166222572076928,0.1009388953269502,700,0.02,6,0.9,0.8,0.5,0.5,0.0,1,0.6666666666666666,0.7575757575757575
33,75,16200,2160,9.427910305837242,0.9996314816386596,0.1210678485102074,0.0025955576006576,-1.1354698806978902,8.843509182096458,0.1160053488033574,700,0.3,10,0.7,0.8,0.0,0.5,0.0,3,0.6666666666666666,0.4181818181818181
75,75,16200,2160,9.147587925419064,0.8949128559768366,1.6663843819502926,0.0408224111013124,0.5624141102627367,6.645215122954722,0.0792737632892531,700,0.02,6,0.9,0.6,0.0,1.0,0.0,3,0.6666666666666666,0.6969696969696969
39,75,16196,2157,9.3979530376125,0.9145670891727308,1.7698933162033763,0.0379001329687348,0.1903470206924308,10.423457125430314,0.1407281452590249,350,0.02,6,0.9,0.8,0.5,1.0,0.0,2,0.6666666666666666,0.3939393939393939
36,75,16200,2160,8.46872085129035,0.9644737483684288,1.0011465970346145,0.0213465016277928,-0.0740815281616003,13.726122569033391,0.1757092220898883,700,0.05,6,0.9,0.6,0.5,0.5,0.0,3,0.6666666666666666,0.5515151515151515
22,75,16186,2160,8.72520309418692,0.9334016860742094,1.3286819774379222,0.0321458864402766,0.0447902125631022,10.602111321356562,0.1437116482515651,350,0.02,10,0.7,0.6,0.5,1.0,0.0,1,0.3333333333333333,0.1393939393939393
76,75,16193,2160,8.386412658486215,0.8692430856138103,2.232583044765143,0.0519123600089913,0.4227162197089877,4.855331540275106,0.0754603418999348,350,0.02,6,0.9,0.8,0.5,2.0,0.0,1,0.3333333333333333,0.7696969696969697
77,75,16200,2159,8.379261413750005,0.9410540908648902,1.4026673575452182,0.0347179430286338,-0.309662160432272,8.683266296502977,0.1119592115960991,100,0.3,6,0.9,0.8,0.0,0.5,0.0,2,1.0,0.7939393939393938
46,75,16197,2160,8.74277931237645,0.9137012539902144,1.3621586257862213,0.0373457069966608,0.3401964853589546,7.205067974372672,0.1029340468584383,100,0.3,10,0.9,0.6,0.5,1.0,0.0,3,0.3333333333333333,0.8650957979871867
95,75,16184,2160,8.070531101869786,0.9322065946648216,1.1240250772100884,0.0321550932400351,0.374802968949726,9.204773754794408,0.1274705587074533,700,0.02,10,0.7,0.8,0.5,2.0,0.0,1,0.6666666666666666,0.7333333333333332
23,75,16190,2160,9.811160211762433,0.8346509853160076,2.712217428613425,0.0542329384752906,0.0052082090540249,9.174039826951685,0.1197673617332118,350,0.02,6,0.7,0.6,0.5,1.0,0.0,3,0.3333333333333333,0.309090909090909
53,75,16192,2160,7.637663253550239,0.9372070468072312,1.197294294478096,0.0276744691284082,-0.001162373851631,9.9622600576094,0.1354106127806461,700,0.1,6,0.9,0.8,0.5,1.0,0.0,2,0.3333333333333333,0.103030303030303
55,75,16180,2160,7.35936451508646,0.9456362919004344,1.1645367613624384,0.0271951819216505,0.3778269859449337,6.973050870324175,0.0952817614218032,350,0.02,10,0.7,0.8,0.5,1.0,0.0,3,1.0,0.8909090909090909
51,75,16197,2160,8.957132758881196,0.8808740615264632,1.9057030467556637,0.0473267081732375,-0.7793707987261718,7.728686380662558,0.0960724056508778,100,0.1,6,0.7,0.8,0.5,2.0,0.0,1,0.3333333333333333,0.006060606060606
63,75,16200,2160,9.72408580387784,0.9663136818348524,0.8718154076520569,0.0249507557697252,-0.2991249012608286,12.331430091605071,0.1564765278273713,700,0.3,10,0.7,0.8,0.5,1.0,0.0,3,0.3333333333333333,0.1151515151515151
83,75,16177,2160,9.60496010403595,0.927960775404086,1.2661695814717209,0.0353299591918539,-0.3337789691154031,11.5889341241618,0.1454158879599488,700,0.05,10,0.7,0.6,0.5,2.0,0.0,1,0.0,0.2121212121212121
98,75,16196,2160,9.88129334626644,0.8442220154283737,2.6469441010013366,0.0553971652067243,0.1964002806802836,10.2038689706171,0.1167918221579285,350,0.02,6,0.7,0.6,0.0,2.0,0.0,3,0.6666666666666666,0.7333333333333332
12,75,16186,2160,9.27088991209354,0.8571401530142961,2.315351220095348,0.0536662057674869,0.3303454064022801,7.791877728185652,0.1052090168652859,100,0.05,10,0.7,0.8,0.5,2.0,0.0,2,1.0,0.709090909090909
73,75,16197,2160,8.960406250741123,0.9229006883788462,1.4784878213648065,0.0355794330900327,0.4394141792436763,5.554470239972503,0.0896419001149598,100,0.3,6,0.9,0.8,0.5,1.0,0.0,3,1.0,0.7818181818181817
87,75,16193,2160,8.151499969874214,0.8495961687871193,2.3521937779462654,0.0482996491146381,0.2729052364086762,7.447997167756161,0.103417537412584,100,0.05,6,0.9,0.8,0.5,2.0,0.0,2,0.6666666666666666,0.6848484848484848
80,75,16194,2160,9.026782298969758,0.9320016050046576,1.292936399809098,0.0365027716468491,-0.2961335855469889,11.051854386246868,0.1347063343188372,700,0.02,10,0.7,0.8,0.5,0.5,0.0,2,0.6666666666666666,0.2363636363636363
99,75,16189,2159,9.33723694778016,0.937014884016457,1.4056522562395424,0.0320355352879834,0.2285159724319244,6.988145480423669,0.0858674406002507,350,0.1,6,0.7,0.6,0.5,2.0,0.0,3,0.6666666666666666,0.6484848484848483
37,75,16183,2160,8.485631449716271,0.8893413363998418,2.2096794834286366,0.0480437953848328,0.0900698221513408,11.460641423640428,0.1413848676390893,350,0.02,6,0.7,0.8,0.0,2.0,0.0,1,1.0,0.8267515394048879
40,75,16196,2160,9.038129674154954,0.9106505750780548,1.596867487551635,0.0385942089269023,0.4691847356731992,5.826646594906148,0.0794804593126898,350,0.3,6,0.9,0.8,0.5,1.0,0.0,1,0.3333333333333333,0.5151515151515151
48,75,16192,2160,8.502764502384391,0.9029596893500308,1.5898671185335245,0.0411758980839666,0.1958231059536727,6.598234026507233,0.0825066175166568,700,0.1,6,0.7,0.8,0.5,2.0,0.0,3,0.3333333333333333,0.6969696969696969
69,75,16197,2160,8.176112724210322,0.888603157255359,1.520977305221455,0.0413140854815553,0.0351340390217486,9.574260550967107,0.1338206580380728,350,0.1,6,0.9,0.8,0.5,1.0,0.0,2,0.3333333333333333,0.406060606060606
84,75,16188,2160,8.813272667846054,0.9373558979729022,1.3255063533291265,0.032723902715085,0.3382430215512718,9.982838531820864,0.122147377784054,350,0.02,10,0.9,0.6,0.5,1.0,0.0,1,1.0,0.8545454545454544
17,75,16184,2160,9.213427074406638,0.9377678619759195,1.3904306233257189,0.0322174775531014,0.2164682341715486,9.41178918135249,0.1152115471216074,700,0.02,6,0.9,0.6,0.5,0.5,0.0,3,0.6666666666666666,0.4787878787878787
13,75,16193,2160,7.970025958755758,0.9278614756441388,1.380052805301585,0.0317177810118079,0.0907462850539536,6.89755341955909,0.0932358846438205,700,0.02,6,0.7,0.6,0.5,2.0,0.0,2,0.3333333333333333,0.1151515151515151
11,75,16181,2160,9.89827054688271,0.9188743745660752,1.6966340849160306,0.0409009344618726,-1.4877791852073463,7.616577773574326,0.09561960018698,350,0.02,10,0.7,0.8,0.5,2.0,0.0,3,0.0,0.3200378765462651
79,75,16192,2160,10.122055244168752,0.8607541892915536,2.570820960525927,0.0525767762925389,-0.2866138330270062,9.660276728925744,0.1119815832861053,100,0.1,6,0.9,0.6,0.0,2.0,0.0,2,0.3333333333333333,0.0181818181818181
56,75,16198,2160,8.439069030181841,0.9184279049330656,1.6018988271439554,0.0384056243945037,0.339812572607881,8.441953525523207,0.1085538739757539,100,0.05,10,0.7,0.8,0.5,0.5,0.0,1,0.3333333333333333,0.8181818181818182
64,75,16189,2160,8.6809987246596,0.9366842970523852,1.254141821545275,0.0339834123944031,0.4338951802570928,7.75836426002146,0.1026727088119224,100,0.3,10,0.9,0.8,0.5,2.0,0.0,1,0.6666666666666666,0.6969696969696969
93,75,16199,2160,8.029998624727476,0.928841224975008,1.4116989067611196,0.0378734717296087,0.5060634016045511,5.480220974929268,0.0761621617608285,350,0.1,6,0.9,0.8,0.5,1.0,0.0,1,1.0,0.9848069807617046
74,75,16200,2156,9.128351938064368,0.8660167430730759,2.358726076650934,0.0468429831020279,0.0232694671181077,8.013987484415354,0.1067059557782247,100,0.05,6,0.9,0.6,0.5,2.0,0.0,2,0.6666666666666666,0.1636363636363636
72,75,16193,2148,8.768531445791666,0.8943534026549295,1.808761857461205,0.0421015715818534,-0.8100208315097264,7.302361340731993,0.1030447077492967,350,0.05,6,0.9,0.8,0.5,1.0,0.0,1,0.6666666666666666,0.3251778531441198
42,75,16197,2160,9.15377107935176,0.8686157390744693,2.053452659943145,0.04624942476426,-0.2306796959564532,12.690394353567864,0.1651933203266298,100,0.1,6,0.9,0.8,0.5,0.5,0.0,3,0.0,0.2242424242424242
45,75,16200,2160,10.054308292353594,0.3892118596862833,8.086646523040018,0.1039332278382348,0.1396351848247692,12.385830015429743,0.1473027920620603,100,0.3,10,0.9,0.6,0.5,0.5,10.0,1,0.6666666666666666,0.5471149893120582
97,75,16200,2160,9.252225309708203,0.9318629702792354,1.3032473067292216,0.0377555602145306,0.6672571713347719,6.860545780495913,0.0906783249107987,350,0.1,10,0.9,0.8,0.5,2.0,0.0,2,0.6666666666666666,0.7575757575757575
96,75,16195,2160,9.099158269195447,0.9716266323646772,0.8209025346490189,0.0220262868924235,0.1330831234483555,11.219798177953948,0.1323447922723307,700,0.3,10,0.9,0.8,0.5,0.5,0.0,3,0.6666666666666666,0.4181818181818181
70,75,16193,2159,9.490894758972484,0.9333366337701908,1.2346510972132785,0.0350694876311147,-0.1351094632867531,8.822037211989517,0.1125189190008185,700,0.05,10,0.9,0.6,0.5,2.0,0.0,3,0.3333333333333333,0.0909090909090908
1,75,16195,2160,8.8933906339329,0.8936353856970535,1.5631145198998393,0.0436166815969354,0.1882591630582628,8.942424149532446,0.1167818710849833,350,0.02,10,0.7,0.8,0.5,2.0,0.0,1,0.3333333333333333,0.5030303030303029
89,75,16185,2160,8.387573992489976,0.9264116199423906,1.3921794854030276,0.0353380490608115,0.0533545990298038,6.869370986068691,0.0930423020883324,350,0.02,10,0.7,0.6,0.5,1.0,0.0,2,0.6666666666666666,0.5030303030303029
67,75,16200,2160,8.599914623849898,0.9461393667150056,1.1671581792305663,0.0329928394637173,0.0697153986958613,4.682352605933363,0.0654529220493689,700,0.02,10,0.9,0.8,0.5,0.5,0.0,2,0.6666666666666666,0.8814630383360937
91,75,16195,2160,7.395291460855691,0.979811326613528,0.6110200350316788,0.0159256189524383,0.1318427091307042,5.867836279950139,0.0696426616733919,700,0.05,10,0.9,0.8,0.5,0.5,0.0,2,0.6666666666666666,0.4680872686336497
88,310,66929,2160,7.071571649404686,0.8108574120975727,2.9865791033247926,0.0559149207796181,0.457892409992484,8.16077916850474,0.1108021735654642,350,0.02,6,0.7,0.8,0.0,0.5,0.0,1,0.6666666666666666,0.8666666666666665
57,310,66929,2160,7.06457930055907,0.8656900805141678,2.2478261802078414,0.0476565488486001,0.7214975919701071,4.153788624722812,0.0568117983689837,350,0.05,6,0.9,0.8,0.5,0.5,0.0,2,0.6666666666666666,0.7659609850368815
78,310,66929,2160,7.04210820994774,0.8648514586162371,2.257787291049117,0.0478603166472456,0.1026782915091001,7.086566827426476,0.1021698626089381,350,0.05,6,0.7,0.8,0.5,0.5,0.0,1,0.3333333333333333,0.3939393939393939
15,310,66929,2160,7.009728003850282,0.8089484858834654,2.973927217481711,0.0556816339901239,0.3668860622269032,9.45521362040192,0.1226806815796621,350,0.02,6,0.7,0.8,0.5,2.0,0.0,2,1.0,0.9030303030303028
79,310,66929,2160,7.163749183503017,0.8652245504012677,2.2487880383449728,0.0478770906760017,0.4708701289951699,5.486435746140992,0.0718130934781185,350,0.05,6,0.9,0.8,0.5,1.0,0.0,1,0.3333333333333333,0.6848484848484848
36,310,66929,2160,6.96343382974314,0.8096987497737049,2.998022597398144,0.0555814468593025,0.0775178124106016,12.309320946497568,0.1628376876641877,350,0.02,6,0.9,0.8,0.5,2.0,0.0,3,0.6666666666666666,0.8545454545454544
80,310,66929,2160,7.073210346004272,0.8664215138332669,2.249141884245579,0.0473639815250799,0.1375007100091666,7.150599418832593,0.1098860365207153,350,0.05,6,0.7,0.8,0.5,2.0,0.0,3,0.3333333333333333,0.2363636363636363
82,310,66929,2160,7.059181682438572,0.8100697572150608,3.037601040157043,0.0567405723617683,0.3358962604960686,5.1446109391530745,0.0877634068899878,350,0.02,6,0.7,0.8,0.5,1.0,0.0,1,0.3333333333333333,0.7454545454545454
40,310,66929,2160,7.183457978722842,0.88750575201726,1.9381861498272213,0.043655504248475,0.5636531058807659,5.507054093277337,0.0720617178985179,700,0.05,6,0.7,0.8,0.5,0.5,0.0,1,0.6666666666666666,0.4787878787878787
37,310,66929,2160,6.994249849492512,0.8220201932093727,2.9404115185937374,0.0543675743085407,0.2042156756262105,9.639183300747892,0.1322198272124825,350,0.02,6,0.7,0.8,0.0,2.0,0.0,1,1.0,0.9240164263936982
90,310,66929,2160,7.073285761273628,0.891398597063805,1.879576438932996,0.0429697111090904,0.2721897689601322,5.298452443149872,0.0738532948330731,700,0.05,6,0.7,0.8,0.5,0.5,0.0,3,0.6666666666666666,0.6074076879484503
42,310,66929,2160,7.047898488270995,0.8687756567689643,2.1688688357970607,0.0465831361341448,0.3941547716960529,8.66815722057044,0.1159046368265921,350,0.05,6,0.9,0.8,0.5,1.0,0.0,1,0.6666666666666666,0.8909090909090909
45,310,66929,2160,7.02258336073776,0.7848187350150755,3.344613458682844,0.0594819948441694,0.5155203877951613,8.432990861041246,0.1105369331667081,100,0.05,6,0.9,0.8,0.0,0.5,0.0,1,0.6666666666666666,0.7818181818181817
87,310,66929,2160,7.242501959008402,0.823566963455083,2.835257244904298,0.0545129301853551,0.7826203274026017,4.164055894023105,0.0565468150622262,100,0.1,6,0.9,0.8,0.5,1.0,0.0,3,1.0,0.9636363636363636
43,310,66930,2159,6.889832114132901,0.8128283035766815,3.0076542806137128,0.0560568462082816,0.3347330926157071,8.12643518974266,0.1045541008288311,350,0.02,6,0.9,0.8,0.0,1.0,0.0,1,0.6666666666666666,0.5531940447488588
50,310,66929,2160,7.092578170401444,0.8539675368210182,2.427262468496124,0.049888652255514,-0.0062597684363085,6.174505424236886,0.0892694956541919,700,0.02,6,0.9,0.8,0.5,1.0,0.0,1,1.0,0.8909090909090909
62,310,66932,2157,6.967806518281816,0.8538563806501989,2.414437376045916,0.0497603737875359,0.4001479113737873,6.886461572255464,0.0841332216210815,700,0.02,6,0.7,0.8,0.5,2.0,0.0,1,0.3333333333333333,0.3575757575757575
8,310,66929,2160,7.248115282374973,0.8326911932346371,2.7269396533925856,0.0531139899713399,0.4279035067455532,6.553780879667438,0.0867491005479899,100,0.1,6,0.9,0.8,0.5,0.5,0.0,3,0.3333333333333333,0.6969696969696969
10,310,66929,2160,7.210716033314732,0.8893148824443051,1.8551665089711036,0.0429710599313562,0.7945472279861867,4.644361431901238,0.0638962366753872,700,0.05,6,0.9,0.8,0.5,0.5,0.0,1,1.0,0.9030303030303028
18,310,66930,2159,7.060561812581405,0.8563251509747096,2.380113642358132,0.0492143057918535,0.2136577903757818,6.445090803506751,0.1036248101283835,700,0.02,6,0.7,0.8,0.5,0.5,0.0,1,0.6666666666666666,0.8424242424242423
25,310,66929,2160,7.117247543279829,0.8047288286642864,3.0661006039892142,0.0568597796720902,0.3977954795085694,8.229343090545342,0.1126895092101609,350,0.02,6,0.9,0.8,0.5,0.5,0.0,3,0.6666666666666666,0.709090909090909
12,310,66929,2160,6.9874085414501135,0.8345695884345817,2.7403612561488746,0.0526948410452293,0.2504790951440411,8.315732608503938,0.1113062141288747,100,0.1,6,0.9,0.8,0.0,1.0,0.0,3,0.6666666666666666,0.6727272727272726
9,310,66929,2160,7.053661247833823,0.8634743323327886,2.257063109986628,0.0478827350210794,0.4871168423291053,7.206564308510299,0.0916401545775729,350,0.05,6,0.9,0.8,0.5,2.0,0.0,3,0.6666666666666666,0.4863244349440517
34,310,66932,2157,6.924105662551808,0.8621155437399238,2.3660495843952654,0.0477254220302887,0.4795555478438194,8.734093196330162,0.1128319237652885,700,0.02,6,0.9,0.8,0.0,1.0,0.0,3,0.6666666666666666,0.7575757575757575
51,310,66929,2160,7.20002896829331,0.829505103085883,2.7753285666201224,0.0539508995894868,-0.0189850626859833,5.480676246402717,0.0727024999680873,100,0.1,6,0.7,0.8,0.5,2.0,0.0,1,0.6666666666666666,0.6484848484848483
14,310,66929,2160,6.915335539768131,0.8328133165789426,2.747565618457029,0.0533567099753372,-0.3251262809987092,6.787362623469478,0.1045523383011425,100,0.1,6,0.7,0.8,0.5,1.0,0.0,1,0.3333333333333333,0.1757575757575757
71,310,66940,2149,6.9916609131759575,0.8891795489864205,1.883375705901372,0.0427595439116699,0.4096377062705504,9.598850260573023,0.1191371844526511,350,0.1,6,0.7,0.8,0.5,2.0,0.0,1,1.0,0.8997002046464956
76,310,66929,2160,7.317557518698569,0.8064074932464838,3.1080414106391494,0.0573593753848931,0.5952485913346768,4.863564215232877,0.0631856234938115,350,0.02,6,0.9,0.8,0.5,2.0,0.0,1,0.6666666666666666,0.709090909090909
65,310,66929,2160,7.116947057743511,0.8957120828001137,1.80159888868226,0.0421287592706298,-1.69762723494792,8.309109999702951,0.1103710267747339,700,0.05,6,0.9,0.8,0.5,1.0,0.0,1,0.6666666666666666,0.7575757575757575
21,310,66929,2160,7.156402160898151,0.8890797302679797,1.9209841900186104,0.0433985422624115,-0.5127490167753548,6.707167203788531,0.1097539483970544,700,0.05,6,0.7,0.8,0.5,0.5,0.0,1,1.0,0.9272727272727272
54,310,66929,2160,7.156360920375794,0.9306337009110124,1.237196566521951,0.0343984433971451,0.2093514250734969,4.941872360731682,0.0662645608131869,350,0.05,10,0.9,0.8,0.5,1.0,0.0,1,0.6666666666666666,0.709090909090909
75,310,66929,2160,7.08038917910576,0.863497194952949,2.271671482198444,0.0479725570107266,0.5199261066228633,6.40289165589742,0.0830332172338158,350,0.05,6,0.7,0.8,0.5,1.0,0.0,2,0.6666666666666666,0.5030303030303029
49,310,66932,2157,7.069234620071262,0.8529702835511921,2.4166654535411416,0.0497006055305594,0.2238296223108337,7.756464085055603,0.1112211970496164,700,0.02,6,0.7,0.8,0.5,0.5,0.0,2,0.6666666666666666,0.5878787878787878
91,310,66929,2160,6.982162107547469,0.852772060191084,2.4468992462566748,0.0501908078859593,0.5553312162840468,3.793699005596271,0.0498418867331664,700,0.02,6,0.9,0.8,0.5,0.5,0.0,2,1.0,0.9240164263936982
41,310,66929,2160,6.90823982077702,0.806085170444907,3.0866418650052165,0.0570646797875815,0.093255640123291,7.580038975103267,0.1221010825078617,350,0.02,6,0.7,0.8,0.5,2.0,0.0,1,1.0,0.9878787878787878
85,310,66932,2157,7.216905883560537,0.8679974508436934,2.228138239062225,0.0473361119920072,0.4095198495840235,5.023693158765878,0.0742408475025404,350,0.05,6,0.9,0.8,0.5,1.0,0.0,1,0.6666666666666666,0.8632258720256917
4,310,66929,2160,6.955776343150316,0.8713343474093342,2.1609622559553614,0.0461262595324963,0.2983166570676089,9.457055139192995,0.1279203344168043,350,0.05,6,0.7,0.8,0.5,0.5,0.0,1,0.6666666666666666,0.4666666666666666
52,310,66932,2157,6.836919056812016,0.8555476395954592,2.35832729589026,0.0490952224766362,0.2253842571778631,8.768636876781425,0.123059251545792,700,0.02,6,0.7,0.8,0.5,0.5,0.0,3,0.6666666666666666,0.6484848484848483
17,310,66929,2160,7.195418975058177,0.8763774082843038,2.177269693799437,0.0455428219188674,0.4860893081310284,6.82856682805448,0.0933064209540228,350,0.05,6,0.7,0.8,0.0,1.0,0.0,3,0.6666666666666666,0.6848484848484848
84,310,66929,2160,6.845227219108727,0.8500496945906849,2.445675403230046,0.0498892464112583,0.399835428772593,8.072271322513139,0.116324196290968,700,0.02,6,0.9,0.8,0.5,0.5,0.0,2,1.0,0.7454545454545454
11,310,66929,2160,7.300279053524207,0.8636050629158312,2.306453028291002,0.0482185938418454,0.4784628883943413,2.927566801910307,0.0437807923542051,350,0.05,6,0.7,0.8,0.5,0.5,0.0,2,0.6666666666666666,0.726239796778063
32,310,66929,2160,6.894476137176413,0.8957629993186631,1.7778412283901637,0.04154014773919,0.4428400266495743,8.936222142764816,0.1118107653628352,700,0.05,6,0.9,0.8,0.5,1.0,0.0,1,0.6666666666666666,0.6727272727272726
7,310,66929,2160,7.086679936391948,0.8072436504652734,3.051069771817005,0.0565214565129444,0.4832572065667804,8.015032046510864,0.1074259171621729,350,0.02,6,0.7,0.8,0.5,1.0,0.0,3,0.6666666666666666,0.9151515151515152
5,310,66929,2160,7.165768538177545,0.8718322670899834,2.1864317470617287,0.0462254181542683,0.5272648745090249,6.772583457792041,0.0961519796699881,350,0.05,6,0.9,0.8,0.5,0.5,0.0,3,1.0,0.8303030303030302
94,310,66929,2160,6.921971197568391,0.8642448050312678,2.268576824595349,0.0478074169285497,0.2925487595353456,7.376076232797026,0.1035926063309602,350,0.05,6,0.7,0.8,0.5,1.0,0.0,2,1.0,0.8181818181818182
2,310,66929,2160,7.033983681312575,0.8628548242770806,2.309370225738053,0.0476862829807393,0.344254579964691,8.675927121333059,0.1141978480067426,700,0.02,6,0.7,0.8,0.0,2.0,0.0,3,0.6666666666666666,0.9393939393939392
98,310,66929,2160,7.094809900276874,0.84943441026811,2.466654889038566,0.0502614078339006,0.3374293559124981,7.97972724183096,0.1060495038685289,700,0.02,6,0.9,0.8,0.5,0.5,0.0,2,1.0,0.5030303030303029
58,310,66929,2160,7.011410720846873,0.93185827106108,1.2082696199855611,0.0339659248825533,0.1081573129141787,8.183250023276132,0.1042994287116158,350,0.05,10,0.9,0.8,0.5,1.0,0.0,1,0.6666666666666666,0.6121212121212121
31,310,66929,2160,7.445084618747709,0.886106392878796,1.956607822515513,0.0436783674030985,0.5361665286861302,6.871429225308476,0.0840634135283183,350,0.1,6,0.7,0.8,0.5,0.5,0.0,3,0.6666666666666666,0.8666666666666665
0,310,66929,2160,7.030979216483087,0.8350885116780105,2.734646558245644,0.0527929380058897,0.5450564175222721,5.064388876295954,0.072004210063415,100,0.1,6,0.9,0.8,0.5,0.5,0.0,3,0.6666666666666666,0.8303030303030302
20,310,66929,2160,6.975453979368188,0.8924295605687589,1.8531546402841512,0.0423411375115148,0.4985178602440413,7.1510541437856885,0.09908487077309,700,0.05,6,0.7,0.8,0.5,0.5,0.0,2,0.6666666666666666,0.7234075969792768
29,310,66933,2156,7.0129756181471326,0.79425930469773,3.2955839706037664,0.058781571310937,-0.1164402296506277,11.026565483105342,0.1319309060296904,100,0.05,6,0.7,0.8,0.5,0.5,0.0,3,0.3333333333333333,0.3221899381504342
39,310,66932,2157,7.066766839153002,0.8110099224795322,3.027803391534475,0.0558691767461741,0.5534248556628436,7.9724199167176,0.1045150369315641,350,0.02,6,0.9,0.8,0.5,1.0,0.0,2,0.6666666666666666,0.5636363636363636
73,310,66929,2160,7.230608904816165,0.8133645205662138,3.017915952764231,0.0560467383143332,0.3521213157625242,6.192879451182391,0.0963688874029157,350,0.02,6,0.7,0.8,0.0,0.5,0.0,3,1.0,0.8303030303030302
16,310,66929,2160,6.945518495665448,0.8929665447498433,1.8149087220257671,0.0422495576719605,0.0735057457039738,9.17301327560054,0.13547130565798,350,0.1,6,0.9,0.8,0.5,1.0,0.0,2,0.6666666666666666,0.7575757575757575
47,310,66929,2160,7.300544846693542,0.8878405553998296,1.927447116673728,0.0435362376219612,0.4022475759576922,5.105999282531838,0.0796628063189312,700,0.05,6,0.7,0.8,0.5,1.0,0.0,2,0.3333333333333333,0.1757575757575757
13,310,66929,2160,7.200432891463346,0.7862389064583125,3.3598784436706013,0.0602711905367456,0.3817115037143235,5.216129050422029,0.0768840295401138,100,0.05,6,0.9,0.8,0.5,1.0,0.0,2,0.3333333333333333,0.6121212121212121
23,310,66929,2160,6.938138042853218,0.8495456785166361,2.480315373442761,0.0503661469601556,0.4250673287424933,6.480675953862297,0.0910501951239386,700,0.02,6,0.7,0.8,0.5,0.5,0.0,3,1.0,0.6848484848484848
63,310,66929,2160,7.013720412251066,0.817612838647055,2.9602162997122266,0.0552064191319674,0.3295010909382024,7.735704151319115,0.1124146169091415,350,0.02,6,0.9,0.8,0.0,0.5,0.0,3,1.0,0.9151515151515152
27,310,66929,2160,7.11038613193603,0.8610142230033645,2.3574021955697755,0.0485329214563721,0.3797262512579628,6.100769134407552,0.0851110493004519,700,0.02,6,0.7,0.8,0.0,1.0,0.0,3,1.0,0.9393939393939392
66,310,66929,2160,7.184022053451827,0.8561084176271766,2.439793970244569,0.0495538982345151,0.3687573437657432,4.600134372505946,0.0675028319242352,700,0.02,6,0.9,0.8,0.0,2.0,0.0,2,0.3333333333333333,0.4181818181818181
99,310,66930,2159,6.968163033872348,0.8895617278750946,1.8869013879118268,0.0433500762822155,-0.2280511762295956,8.598151070878233,0.1083361209978921,350,0.1,6,0.9,0.8,0.5,2.0,0.0,2,0.3333333333333333,0.1151515151515151
55,310,66929,2160,7.16495146274648,0.8679808253242645,2.212661375487938,0.0471692768236544,0.4732313642194969,6.225468835211638,0.0876726525525001,350,0.05,6,0.7,0.8,0.5,2.0,0.0,2,0.6666666666666666,0.7696969696969697
59,310,66929,2160,7.228688960201151,0.8510569730070014,2.4140051319988247,0.0495727275305018,0.5243191784513472,8.001333745031669,0.1087928612817743,700,0.02,6,0.9,0.8,0.5,0.5,0.0,1,1.0,0.9878787878787878
56,310,66929,2160,7.171823418575727,0.8133295922557173,3.0132456801249243,0.05590383165917,0.5418783578482689,5.807647477676186,0.0904278294408339,350,0.02,6,0.7,0.8,0.0,2.0,0.0,1,0.6666666666666666,0.8666666666666665
74,310,66933,2156,6.98012540923223,0.8918688038882779,1.8449925349872824,0.0428014254675971,0.3668029847125647,5.478595235007331,0.0859153389234446,700,0.05,6,0.9,0.8,0.5,1.0,0.0,3,1.0,0.6727272727272726
44,310,66929,2160,7.16075047656349,0.954527503242464,0.9990025393251684,0.0273965388642758,0.556004180339104,7.359186230315429,0.1043786828203588,700,0.02,10,0.7,0.8,0.0,0.5,0.0,3,1.0,0.9757575757575756
67,310,66929,2160,7.187085567250958,0.8638586827853467,2.2861546988116164,0.0482101067966696,0.6630889818791788,3.1517430795805907,0.0393893424260507,350,0.05,6,0.9,0.8,0.5,2.0,0.0,1,1.0,0.9483326481409008
46,310,66929,2160,6.8814280697116335,0.8921034055949131,1.815797370319295,0.0425780095832735,0.3558298063938956,7.519210235621679,0.1017072818792414,700,0.05,6,0.9,0.8,0.5,1.0,0.0,2,0.6666666666666666,0.8528249356043898
19,310,66932,2157,7.003592278736479,0.8891466021310293,1.9074765117077723,0.0432623481553256,-0.1035790848896025,9.297651400539973,0.121018306604427,700,0.05,6,0.7,0.8,0.5,2.0,0.0,2,0.6666666666666666,0.709090909090909
93,310,66929,2160,7.114184680369488,0.8154892736329555,3.00534021417712,0.0559168362907285,0.5608647690998089,5.623174465654539,0.071812955326526,350,0.02,6,0.7,0.8,0.0,1.0,0.0,3,0.6666666666666666,0.8206724839680872
48,310,66929,2160,7.374419435734175,0.9233398347672616,1.387398150162956,0.0361407939142587,0.4216881009068374,5.519387689069531,0.0699671286954167,350,0.02,10,0.9,0.8,0.0,0.5,0.0,1,0.6666666666666666,0.8666666666666665
97,310,66929,2160,7.262513575085729,0.8503165464974367,2.42398736984482,0.0496401000124755,0.6220595467683687,6.94308919163836,0.0966408690030734,700,0.02,6,0.7,0.8,0.5,1.0,0.0,2,0.6666666666666666,0.7818181818181817
69,310,66929,2160,6.92637253441813,0.875090490186582,2.1601218244739755,0.0457062536081484,0.1498183731169565,9.213226480669665,0.1256161637180403,350,0.05,6,0.7,0.8,0.0,2.0,0.0,1,0.3333333333333333,0.6363636363636362
30,310,66933,2156,7.048599505811265,0.8534731045958018,2.397871219798398,0.0494242285707303,0.5160624758157368,7.060154218042956,0.0984891880873875,700,0.02,6,0.7,0.8,0.5,2.0,0.0,3,1.0,0.7173285415424762
53,310,66929,2160,7.1399714850162095,0.8084095075556907,3.079150794230632,0.0566235282536901,0.5206817421570336,6.934787046479113,0.0936941401191403,350,0.02,6,0.9,0.8,0.0,2.0,0.0,2,1.0,0.7575757575757575
1,310,66929,2160,7.098103986659173,0.8180839926878867,2.95641473389162,0.0552558439729987,0.3143171690672227,8.154145212426213,0.1073317892824084,350,0.02,6,0.7,0.8,0.0,0.5,0.0,1,0.3333333333333333,0.709090909090909
6,310,66929,2160,7.134757062868026,0.8552004257458612,2.389885976797381,0.0488978233796581,0.404673175810643,7.830728390540935,0.1206597046308435,700,0.02,6,0.9,0.8,0.0,0.5,0.0,3,0.6666666666666666,0.8875420937728943
38,310,66929,2160,7.05422787140257,0.8858915255630917,1.9493688211980804,0.0438541828663449,0.6337760855445711,5.001194174754929,0.07313314107535,700,0.05,6,0.7,0.8,0.5,0.5,0.0,3,1.0,0.9515151515151514
86,310,66929,2160,6.971275037638892,0.807583312534031,3.03053568338494,0.0563467198683941,0.4454972437304649,8.907344208569352,0.1161043243852784,350,0.02,6,0.7,0.8,0.5,0.5,0.0,1,0.6666666666666666,0.7939393939393938
64,310,66929,2160,7.138694568677053,0.8575598276305093,2.3506774776309545,0.0487584472412032,0.4360680598135642,7.395306252795099,0.1024754750923255,700,0.02,6,0.9,0.8,0.5,0.5,0.0,3,0.6666666666666666,0.7939393939393938
28,310,66929,2160,7.098289718898853,0.8532677087113979,2.438379158003948,0.0499523211830049,0.5459421278517986,5.2046130863952405,0.0669218091777722,700,0.02,6,0.7,0.8,0.5,0.5,0.0,1,1.0,0.9030303030303028
81,310,66929,2160,7.212167214856396,0.8620651103405786,2.2893684570138704,0.0482709724370348,0.6404406416402484,4.953184906347715,0.0680748604097274,350,0.05,6,0.7,0.8,0.5,2.0,0.0,2,0.6666666666666666,0.9515151515151514
96,310,66929,2160,6.891322185671514,0.8596698969458946,2.3242062821307035,0.0482411048422957,0.2636416032769201,10.118730249611868,0.1219727314679263,700,0.02,6,0.7,0.8,0.0,2.0,0.0,3,1.0,0.6242424242424242
22,310,66929,2160,6.9288574695547,0.7945533057576549,3.2762869554033243,0.0583704867679362,0.3240769383803437,9.256509150399102,0.1208902346791546,100,0.05,6,0.9,0.8,0.5,0.5,0.0,2,1.0,0.5515151515151515
72,310,66941,2148,7.123467137811946,0.8653906540597042,2.261286109418572,0.0479251005395341,-0.4599658985165822,6.661061244918982,0.0925454904094206,350,0.05,6,0.9,0.8,0.5,1.0,0.0,1,0.6666666666666666,0.3988030274409017
3,310,66929,2160,7.226149844484317,0.9354698174949913,1.2451940751291224,0.0328369388495828,0.3750454971223798,5.79809782971835,0.1089378692959976,100,0.1,10,0.7,0.8,0.0,0.5,0.0,3,0.6666666666666666,0.8816806132678185
77,310,66930,2159,7.085143423484773,0.9030186107863788,1.813608430837512,0.0406092365123381,0.1949206652346894,6.074129948136019,0.0877807993276394,700,0.05,6,0.7,0.8,0.0,1.0,0.0,1,0.6666666666666666,0.5757575757575757
68,310,66929,2160,7.1546284893063135,0.8652585089683673,2.2824554564191444,0.0479269365527105,0.3313084728298495,4.209321186720411,0.0626284142869048,350,0.05,6,0.7,0.8,0.5,1.0,0.0,1,0.6666666666666666,0.7720400404736821
70,310,66930,2159,7.022496139652418,0.8871139148438584,1.9246154951734185,0.0437629176990584,-0.0303511220451109,8.325780940608603,0.1072011151624956,700,0.05,6,0.7,0.8,0.5,2.0,0.0,3,0.3333333333333333,0.1272727272727272
33,310,66929,2160,6.962758257998415,0.8680574535395814,2.213852791033659,0.0474417768353863,-1.679770768042296,8.797466099398981,0.1299511453914665,350,0.05,6,0.9,0.8,0.5,1.0,0.0,1,0.6666666666666666,0.3212121212121211
60,310,66929,2160,6.728917841721477,0.8643897790443287,2.321138247235196,0.0477217117779906,0.2337386890287095,7.277589106450539,0.1123952487205005,700,0.02,6,0.7,0.8,0.0,0.5,0.0,3,1.0,0.9393939393939392
92,310,66929,2160,7.227734834321249,0.8086750984369291,3.0984270038715254,0.0569867047950952,-0.2194655941875907,4.458886800845041,0.0874613176409342,350,0.02,6,0.7,0.8,0.5,2.0,0.0,3,1.0,0.7622092916488802
35,310,66934,2155,6.94657876305307,0.8680385701598408,2.289287301642076,0.0470876129727363,0.267894618083716,7.505875701835431,0.1088349677647993,700,0.02,6,0.7,0.8,0.0,0.5,0.0,1,0.3333333333333333,0.8424242424242423
24,310,66929,2160,7.104980442456862,0.8741120073615795,2.1478057079272763,0.0458862762384505,-0.2135953514878199,10.97177089667905,0.148693517417275,350,0.05,6,0.9,0.8,0.0,2.0,0.0,1,1.0,0.7454545454545454
83,310,66929,2160,6.897130239877723,0.901982796284762,1.7673659101621222,0.0404731096476301,-0.0312971519329043,9.603551994246242,0.1278679893416866,700,0.05,6,0.9,0.8,0.0,0.5,0.0,3,0.3333333333333333,0.4909090909090908
89,310,66929,2160,6.801379528516679,0.8540549852573227,2.420051598819388,0.0498553513530866,0.085895059928041,7.2481567758001395,0.0914291770387667,700,0.02,6,0.7,0.8,0.5,0.5,0.0,1,0.0,0.1999999999999999
95,310,66929,2160,7.104364798617004,0.8680732464334189,2.222232470758544,0.046583783089995,0.4357856013087359,8.747741862053033,0.121094249073592,350,0.05,6,0.7,0.8,0.5,1.0,0.0,1,1.0,0.9272727272727272
26,310,66929,2160,7.167569051149971,0.8620539754968106,2.28981463385514,0.0481280131381662,0.6038750569248943,5.759773608998578,0.0808899505951459,350,0.05,6,0.9,0.8,0.5,2.0,0.0,3,1.0,0.9361745372672996
61,310,66929,2160,6.816913877587512,0.8600530431244306,2.3546948810493804,0.0482341198821683,0.3359124680552756,7.784453769822484,0.1200536373735122,700,0.02,6,0.7,0.8,0.5,0.5,0.0,3,0.6666666666666666,0.8666666666666665
10,220,47491,2160,7.249918186457931,0.9150183222544755,1.5586232077265725,0.0372520170718761,0.714023232022811,5.477414362603213,0.0753849505448442,700,0.05,6,0.9,0.8,0.5,0.5,0.0,1,1.0,0.7818181818181817
8,220,47503,2160,7.569072500313311,0.7915804432940828,3.327959705809441,0.0602432162863405,0.3469063772031348,6.723079063958592,0.0926868364432713,100,0.05,6,0.7,0.8,0.5,2.0,0.0,3,0.3333333333333333,0.6
18,220,47497,2159,7.138756579883671,0.8810516134875646,1.9594102460930627,0.0426310815927371,0.0590662406686882,7.562358459692247,0.1133541641433603,350,0.05,6,0.9,0.8,0.5,1.0,0.0,1,0.6666666666666666,0.709090909090909
12,220,47493,2160,7.272857103087479,0.8054232052187273,3.013423746667137,0.0584587304909417,0.2749793237589134,7.739256276423229,0.1094719192566235,350,0.02,6,0.9,0.8,0.5,2.0,0.0,1,0.6666666666666666,0.7939393939393938
5,220,47498,2160,7.049039289109237,0.9498533520891363,1.0183286252877115,0.0277073721481066,0.4454937627620875,7.093376715746881,0.1041363884269061,350,0.02,10,0.9,0.8,0.0,0.5,0.0,2,1.0,0.9272727272727272
50,220,47492,2160,7.319104694258735,0.8759830308109089,2.1634087337316417,0.0454870045361094,0.2049385081939656,5.524127525739022,0.0793502658415673,700,0.02,6,0.9,0.8,0.5,1.0,0.0,1,1.0,0.8787878787878788
54,220,47491,2160,7.454299765257339,0.926921565336245,1.3298396310416336,0.0357399179956732,0.0987874567373756,5.10070315491408,0.0707462120547045,700,0.02,10,0.7,0.8,0.5,0.5,0.0,2,0.3333333333333333,0.5515151515151515
0,220,47503,2160,7.258433239299253,0.8838610506579915,2.031553636236779,0.0439370761156309,0.2417378765819381,5.790074754533341,0.092958434242642,350,0.05,6,0.7,0.8,0.5,1.0,0.0,3,0.6666666666666666,0.5151515151515151
4,220,47497,2160,7.154718815617495,0.870253626450301,2.1137440307905777,0.0464174509044271,0.0850202079423591,10.781538371509976,0.1460746161685212,350,0.05,6,0.7,0.8,0.5,0.5,0.0,1,0.6666666666666666,0.3575757575757575
11,220,47493,2160,8.097233221314582,0.882097771406513,2.1396303724679973,0.0464196555385781,0.7641883578643007,2.365050036240912,0.0294390390636534,350,0.05,6,0.7,0.8,0.5,0.5,0.0,2,1.0,0.8185584150125625
2,220,47493,2160,7.550759501589317,0.8873077888788783,1.985054595679213,0.0444328627630442,0.3863417985674056,8.448305864249775,0.1104723413105031,700,0.02,6,0.7,0.8,0.0,2.0,0.0,3,0.6666666666666666,0.9757575757575756
62,220,47497,2157,7.157951066568205,0.8833092891456422,1.9008720479724777,0.0436318847181296,0.3690532545257046,6.68766561493547,0.0862862875145841,350,0.05,6,0.9,0.8,0.5,1.0,0.0,1,0.0,0.5515151515151515
94,220,47513,2160,7.661970976925876,0.900544029437797,1.8734040361700603,0.0417407263131812,0.2607988760290417,7.462902018301603,0.1058916737384942,350,0.1,6,0.7,0.8,0.5,2.0,0.0,2,1.0,0.7696969696969697
64,220,47489,2160,7.874969596286901,0.91561346289295,1.50182449677904,0.0378861112320403,0.3347538430552738,8.428149896718786,0.11130067062605,700,0.1,6,0.9,0.8,0.5,1.0,0.0,2,0.3333333333333333,0.5151515151515151
27,220,47496,2160,8.073120643514011,0.8578343214780157,2.3840195353572486,0.0509413936105401,0.2945529773774903,6.593571535823694,0.0907666791927628,700,0.02,6,0.9,0.8,0.5,0.5,0.0,1,0.6666666666666666,0.8787878787878788
57,220,47509,2160,7.940581217494397,0.9554207852842512,0.9589791748314064,0.0273138718832949,0.7205929200182903,4.196517624501872,0.0569039957228816,700,0.05,10,0.9,0.8,0.5,1.0,0.0,3,0.6666666666666666,0.8267515394048879
15,220,47504,2160,6.746346696959462,0.9412846321674578,1.0923003170078849,0.0305547387383593,0.272881626826757,10.333783225439213,0.1314733721548083,700,0.05,10,0.7,0.8,0.5,1.0,0.0,3,0.6666666666666666,0.8424242424242423
32,220,47505,2160,7.978445217857666,0.8294932761433069,2.939206305044001,0.0556495832017466,0.4060669566552733,9.002122854303432,0.115441619238438,350,0.02,6,0.9,0.8,0.0,0.5,0.0,2,0.6666666666666666,0.8060606060606059
25,220,47490,2160,7.331771942666488,0.8262571174809734,2.8708614612247816,0.0545770443079997,0.2665389106206942,9.387187215055134,0.1243655289654328,350,0.02,6,0.9,0.8,0.0,1.0,0.0,2,0.6666666666666666,0.6121212121212121
9,220,47492,2160,7.76747767020789,0.833300916016585,2.6978304298668685,0.0540924562794966,0.5857947888872987,6.302730576523873,0.08235393844721,100,0.1,6,0.7,0.8,0.5,2.0,0.0,1,0.6666666666666666,0.5106406566912542
87,220,47494,2160,7.626569247077403,0.8597467528469357,2.395478932702748,0.0513439421505125,0.6856015437262252,4.6020976742602135,0.0680046932700542,700,0.02,6,0.9,0.8,0.5,1.0,0.0,1,1.0,0.9151515151515152
43,220,47496,2159,7.810256331274505,0.8309927948811433,2.8551510417158745,0.0547600376514419,0.2563330543553853,8.833768319679642,0.1105432809263405,350,0.02,6,0.9,0.8,0.0,1.0,0.0,1,0.6666666666666666,0.480245379507251
51,220,47505,2160,7.790478801461799,0.9388090018433336,1.142294597306388,0.0331496018208455,0.0819367089925063,5.066153743988489,0.0690083664809522,350,0.1,10,0.9,0.8,0.5,0.5,0.0,1,0.3333333333333333,0.5636363636363636
38,220,47494,2160,7.656537912359037,0.8902747050601549,1.826443334024136,0.0423853950829296,0.5134855215250395,6.211855769360038,0.0842924663523291,700,0.05,6,0.7,0.8,0.5,0.5,0.0,3,1.0,0.9393939393939392
88,220,47500,2160,7.201143511231801,0.7805921343679773,3.121977620028474,0.0583398370049248,0.3113322988248933,9.468640492814938,0.1248850331258662,100,0.05,6,0.7,0.8,0.5,1.0,0.0,1,0.6666666666666666,0.9030303030303028
34,220,47496,2157,7.063067861861479,0.8707672797336088,2.0517825201981523,0.0435442963489441,0.4387079310148635,9.371819373836075,0.1171761579619291,700,0.02,6,0.9,0.8,0.0,1.0,0.0,3,0.6666666666666666,0.7454545454545454
28,220,47493,2160,7.606881145863474,0.8678077462488656,2.221593986393237,0.0474526182773109,0.4564253302485822,5.725982150964617,0.0732220146156801,700,0.02,6,0.7,0.8,0.5,0.5,0.0,1,1.0,0.8303030303030302
21,220,47499,2160,8.393057826086483,0.9055718855910876,1.8430498239670436,0.0418866962759944,-1.065587221009165,8.05030805798614,0.1282503273607354,700,0.05,6,0.7,0.8,0.5,0.5,0.0,1,1.0,0.8060606060606059
30,220,47512,2156,7.586114607813824,0.8544378407958515,2.322612897009205,0.0497314471105838,0.5040163791854995,7.096729874160963,0.0997074422176514,700,0.02,6,0.7,0.8,0.5,2.0,0.0,3,1.0,0.6626170426112704
65,220,47505,2160,7.322522878299226,0.9047994528440956,1.5731999789079776,0.0379292598158216,-1.1450178196897558,7.399449264619638,0.0984191400974725,350,0.02,10,0.7,0.8,0.5,1.0,0.0,1,0.6666666666666666,0.8787878787878788
49,220,47511,2157,7.34397602094875,0.8577590717030867,2.2655928263256,0.0495313659777664,0.3962411720802737,7.363367713054687,0.0980936240883149,700,0.02,6,0.7,0.8,0.5,0.5,0.0,2,0.6666666666666666,0.6848484848484848
24,220,47496,2160,7.20285922956532,0.8342566671086109,2.737569648926571,0.0529438383420084,-0.2266322948922761,10.883980254930082,0.1494900476111998,350,0.02,6,0.7,0.8,0.5,1.0,0.0,3,0.6666666666666666,0.7939393939393938
14,220,47504,2160,7.501970946267565,0.8155765502887782,3.0760251166893475,0.0572181876909548,-0.3105019448624384,6.444713181670027,0.1039738083126764,350,0.02,6,0.7,0.8,0.5,1.0,0.0,3,0.6666666666666666,0.2121212121212121
31,220,47493,2160,7.334428266781538,0.8891919310700095,1.782075461566382,0.0417063345976394,0.556970802994061,6.711658583574289,0.0821565422991527,350,0.1,6,0.7,0.8,0.5,0.5,0.0,3,0.6666666666666666,0.9272727272727272
52,220,47508,2157,7.48016583412484,0.8519837902630196,2.414372054434002,0.0517468831996285,0.2701665886796988,8.569769714558332,0.1194491271066127,700,0.02,6,0.7,0.8,0.5,0.5,0.0,3,0.6666666666666666,0.8545454545454544
85,220,47499,2157,7.115116383795581,0.8019999848790947,3.045502205426899,0.0572153583828006,0.3842576964919323,5.102211429048537,0.0758123162379636,350,0.02,6,0.9,0.8,0.5,2.0,0.0,2,0.6666666666666666,0.8510677611520904
33,220,47500,2160,7.244574042171675,0.893420361185848,1.8980227078263523,0.0422394492054688,-1.7534061801635996,9.702563352420997,0.1317244610972175,350,0.05,6,0.9,0.8,0.5,1.0,0.0,1,0.6666666666666666,0.2363636363636363
39,220,47516,2157,7.3357765455509405,0.8578789906359403,2.2557890462324512,0.0489608447785849,0.4554085234092631,8.488029560691293,0.1154162407457001,700,0.02,6,0.7,0.8,0.5,2.0,0.0,1,0.6666666666666666,0.709090909090909
86,220,47494,2160,7.478571430210724,0.8083317310952329,2.9729777702494973,0.0558367425854363,0.4583166207336631,9.12848147895338,0.1147543866567165,350,0.02,6,0.7,0.8,0.5,0.5,0.0,1,1.0,0.8787878787878788
7,220,47497,2160,7.766717404847887,0.8108225757398586,2.9766751570839034,0.0569069718195327,0.4470633791541981,8.354971615906667,0.1111244265813821,350,0.02,6,0.7,0.8,0.5,1.0,0.0,3,0.6666666666666666,0.9272727272727272
26,220,47494,2160,7.479443808130133,0.8721421320254505,2.1975881897924925,0.0485909900456937,0.5142583835719169,6.160381869815239,0.0895738275121879,350,0.05,6,0.9,0.8,0.5,2.0,0.0,3,1.0,0.8936211492096949
58,220,47507,2160,7.448971996391082,0.9237183434597658,1.2810239845606748,0.0357808362275622,0.2027167501191317,7.793586861849936,0.098615259507441,350,0.05,10,0.9,0.8,0.5,1.0,0.0,1,0.3333333333333333,0.4787878787878787
44,220,47508,2160,7.0278606499712994,0.9323451972401856,1.3011072171597355,0.0327612738942934,0.4538976673053486,8.320198570242933,0.1157602316912623,700,0.1,6,0.9,0.8,0.5,2.0,0.0,1,0.6666666666666666,0.9030303030303028
23,220,47503,2160,7.96762023232952,0.8996055764074935,1.8309117523001743,0.0423271491307121,0.3772152701945913,6.998130036267286,0.0947635592719116,700,0.05,6,0.7,0.8,0.5,1.0,0.0,3,0.6666666666666666,0.6363636363636362
29,220,47507,2156,6.745781873341064,0.9386969554795248,1.0960413667380926,0.0323262371309957,-0.1208950175272047,10.906613681041025,0.132193857449672,700,0.05,10,0.7,0.8,0.5,2.0,0.0,1,0.3333333333333333,0.3039527718400323
84,220,47499,2160,7.483570473450564,0.9407966606998742,1.2213455639481716,0.0313801018629893,0.3416658086432952,8.665680386018423,0.1218310785262332,350,0.02,10,0.9,0.8,0.0,0.5,0.0,2,1.0,0.7212121212121211
98,220,47490,2160,7.442436824012819,0.8697658024604169,2.151750319201257,0.0468144051520406,0.2701835594403976,7.975645567955605,0.1113010771306301,700,0.02,6,0.9,0.8,0.5,0.5,0.0,2,0.6666666666666666,0.6121212121212121
17,220,47490,2160,7.824732894605496,0.865136122727151,2.278828732143844,0.047817251091798,0.445879270567412,7.71879017048964,0.096887980360828,700,0.02,6,0.9,0.6,0.5,0.5,0.0,3,0.6666666666666666,0.7575757575757575
73,220,47495,2160,6.901058341669314,0.8013092185462687,2.894847175040092,0.0566557067415282,0.4453854736281039,5.345508474663419,0.0891631944220497,350,0.02,6,0.7,0.8,0.5,2.0,0.0,3,1.0,0.7212121212121211
82,220,47496,2160,7.390156460813659,0.8374487397273125,2.6532899703231814,0.0531931123462825,0.3369598436486769,5.418495100975464,0.0876931007927617,350,0.02,6,0.7,0.8,0.0,2.0,0.0,1,0.3333333333333333,0.6363636363636362
20,220,47505,2160,7.061941058990579,0.8450275472767471,2.425687918953272,0.0495128528563292,0.4624819432340586,7.6382953433982035,0.1025831760905748,100,0.1,6,0.7,0.8,0.5,1.0,0.0,2,1.0,0.8632258720256917
79,220,47514,2160,7.576706953824372,0.9017170275854344,1.7479948023983374,0.0405499404877474,0.3178043658676247,6.268318230305558,0.0815411746173203,100,0.05,10,0.7,0.8,0.0,0.5,0.0,2,0.3333333333333333,0.6363636363636362
55,220,47496,2160,7.975477164158113,0.7857595207687249,3.273372762510806,0.0598962156039366,0.4070406411527598,6.953339838555808,0.0930179268801353,100,0.05,6,0.9,0.8,0.5,1.0,0.0,1,0.6666666666666666,0.8303030303030302
80,220,47509,2160,7.567532587414857,0.8879399375611872,2.0525324460966683,0.0443419774776754,0.1734842847963759,7.226407195787113,0.1075693870070259,350,0.05,6,0.7,0.8,0.5,2.0,0.0,3,0.3333333333333333,0.3939393939393939
71,220,47500,2149,7.380314492680517,0.8988733526552753,1.791724985677246,0.0407601126223734,0.4647795452205874,9.02319529138093,0.1134369073939789,350,0.1,6,0.7,0.8,0.5,2.0,0.0,1,1.0,0.9422535927041
59,220,47493,2160,7.176997165487601,0.8698458260142612,2.150443952481356,0.0459816138444951,0.5916548775207304,7.549982338159396,0.1007990094304516,700,0.02,6,0.9,0.8,0.5,0.5,0.0,1,1.0,0.9757575757575756
19,220,47505,2157,7.12853827866236,0.932919109158344,1.4575173563462307,0.0328360854943587,-0.0954733377602838,8.940349236985462,0.1205730500300422,700,0.05,6,0.7,0.8,0.5,2.0,0.0,2,0.6666666666666666,0.7212121212121211
56,220,47492,2160,7.167147018628197,0.8370517758721457,2.747019484299994,0.0516531355027754,0.3817876486981145,6.924683338797422,0.1050462469954336,350,0.02,6,0.7,0.8,0.0,2.0,0.0,1,0.6666666666666666,0.8787878787878788
36,220,47492,2160,6.8164695072920605,0.946325147906704,1.1346634249131982,0.0292471619296278,0.1840020166624465,11.67716146695393,0.153151224982319,350,0.02,10,0.7,0.8,0.0,1.0,0.0,2,0.6666666666666666,0.7575757575757575
69,220,47503,2160,6.996370618447779,0.8775566817192173,2.0572763211924183,0.0454913648361983,0.1876035787212514,9.222661727202636,0.1227930167686977,350,0.05,6,0.7,0.8,0.0,2.0,0.0,1,0.3333333333333333,0.6242424242424242
53,220,47493,2160,7.4202947023455135,0.8151080845337627,2.818461641837212,0.0543521046812517,0.3933366927699957,7.51941260122237,0.1054081783324145,350,0.02,6,0.9,0.8,0.0,2.0,0.0,2,0.6666666666666666,0.7212121212121211
37,220,47501,2160,7.2760282221508445,0.8675016757372684,2.59029529482858,0.0482253061667845,0.2339635218090592,9.666073625916267,0.1297249824922498,350,0.02,6,0.7,0.8,0.0,2.0,0.0,1,1.0,0.9483326481409008
6,220,47504,2160,7.105016689333004,0.897561666494274,1.9698539539919289,0.0409845653375858,0.4208701879849695,8.05009738865067,0.1190069960742406,700,0.02,6,0.9,0.8,0.0,0.5,0.0,3,1.0,0.960490759014502
76,220,47512,2160,6.982196155436687,0.8440657718037343,2.579929158268753,0.0510881429235719,0.5823033859618221,5.022574352455515,0.0641881070505837,350,0.02,6,0.9,0.8,0.5,2.0,0.0,1,0.6666666666666666,0.8666666666666665
75,220,47497,2160,7.233280868341311,0.8915193571132843,1.9990973420803697,0.0434358235684727,0.4705317741138906,7.026926329950112,0.0872002584522323,350,0.05,6,0.7,0.8,0.5,1.0,0.0,2,0.6666666666666666,0.5636363636363636
99,220,47493,2159,7.210638905159266,0.925003879158668,1.4033838705292454,0.0367184899373473,0.0683283566783535,7.523514433388027,0.0943618588367877,350,0.02,10,0.7,0.8,0.0,0.5,0.0,2,0.6666666666666666,0.4787878787878787
1,220,47500,2160,7.533969936422693,0.8222951331386623,2.845315026702332,0.0547274814451087,0.1737862067397492,9.024016939413658,0.1178183543391066,350,0.02,6,0.7,0.8,0.0,0.5,0.0,1,0.3333333333333333,0.6969696969696969
41,220,47493,2160,7.271438025586049,0.8055763120171363,2.9146150895400385,0.0559031133787251,0.3997291731978534,6.3961604990936,0.0993460722278912,350,0.02,6,0.7,0.8,0.5,2.0,0.0,1,1.0,0.9151515151515152
72,220,47513,2148,7.745631054546328,0.8702585270740459,2.2185246908718907,0.0482202404413714,-0.1968140253036365,5.882983438194958,0.0837909742879649,350,0.05,6,0.9,0.8,0.5,1.0,0.0,1,0.6666666666666666,0.3988030274409017
22,220,47492,2160,7.339828560935544,0.9307604868829078,1.2374295729366729,0.0345874204147184,0.32716997300003,9.456252685413457,0.120613319711209,700,0.05,10,0.7,0.8,0.5,2.0,0.0,1,1.0,0.6
3,220,47489,2160,7.336647647305048,0.914881309871814,1.5523803952866806,0.0378622622719666,0.6578383999387067,4.755347102716165,0.0806065456328172,100,0.05,10,0.9,0.8,0.0,0.5,0.0,3,1.0,0.9317050452262764
48,220,47499,2160,8.303025280953902,0.9261688206282294,1.4102444156915332,0.0372522829204634,0.4938233972238979,5.096875377399168,0.0654581943120384,350,0.02,10,0.9,0.8,0.0,0.5,0.0,1,0.6666666666666666,0.9030303030303028
78,220,47511,2160,7.011162430583369,0.958906651014535,0.8873031463742881,0.0260846229767351,0.1502716892218378,7.2011620327126655,0.0994234355814575,700,0.1,10,0.9,0.8,0.5,1.0,0.0,2,0.6666666666666666,0.6484848484848483
61,220,47507,2160,7.505224812372971,0.865634557538882,2.1937998218707446,0.0454521192836248,0.2435227885804698,8.797836673128634,0.1281328789906314,700,0.02,6,0.7,0.8,0.5,0.5,0.0,3,0.6666666666666666,0.8303030303030302
68,220,47499,2160,7.486908946035295,0.9165780288666712,1.5117733579633483,0.0373535154574606,0.0730892452933413,5.213259084822624,0.0737356420446283,700,0.05,6,0.9,0.8,0.5,0.5,0.0,1,1.0,0.7659609850368815
96,220,47501,2160,7.582748060119293,0.8612781017280554,2.320951981236647,0.0488247160633141,0.259413389689363,10.065138670425448,0.1223224175360867,700,0.02,6,0.7,0.8,0.0,2.0,0.0,3,0.6666666666666666,0.5030303030303029
35,220,47501,2155,7.073457738269319,0.885757582520148,2.0688270170519063,0.0447469944908062,0.2206525021296389,7.972950672384571,0.1122915886130336,700,0.02,6,0.7,0.8,0.0,0.5,0.0,1,0.3333333333333333,0.7818181818181817
77,220,47493,2159,7.61233750221365,0.9212472002648842,1.58527425686558,0.036685712180004,0.1996894679543374,6.145210751188794,0.0875204330281384,700,0.05,6,0.9,0.8,0.0,1.0,0.0,1,0.6666666666666666,0.4545454545454545
16,220,47495,2160,7.128531010452472,0.8944375994755652,2.070120027851324,0.0430241038432981,-0.139875563013774,11.120555427593212,0.1502639056966852,700,0.02,6,0.7,0.8,0.0,2.0,0.0,2,0.6666666666666666,0.8181818181818182
45,220,47507,2160,7.87609201649903,0.9166969363590958,1.4731783719517286,0.0366037051872618,0.4764524494941698,8.699046192814217,0.1149073275127482,350,0.3,6,0.9,0.8,0.5,2.0,0.0,2,0.6666666666666666,0.7575757575757575
47,220,47492,2160,7.950575947405758,0.8939703325028913,1.7245961518159632,0.0426671673104614,0.3314539450347797,5.697215295698219,0.0842481928051278,350,0.02,10,0.7,0.8,0.5,0.5,0.0,2,0.3333333333333333,-0.0181818181818181
13,220,47499,2160,7.431700199595882,0.9051715452862374,1.5635211715003636,0.0405091292081712,0.3024698838816527,6.202387165483929,0.0816623804455551,100,0.1,10,0.7,0.8,0.5,0.5,0.0,3,0.6666666666666666,0.3575757575757575
60,220,47499,2160,7.831332562301741,0.8470222649264134,2.691626306592942,0.0520624775318388,0.0955409987017851,8.094113206638092,0.1221107633626755,350,0.02,6,0.7,0.8,0.5,0.5,0.0,2,0.6666666666666666,0.9393939393939392
46,220,47492,2160,7.399492374872909,0.8489570535731803,2.260238269258513,0.0490515899745381,0.2036073846098869,7.702253076196951,0.11308769372433,350,0.05,6,0.7,0.8,0.5,2.0,0.0,3,0.6666666666666666,0.8896375227527807
83,220,47497,2160,6.964237930367713,0.9361634526266,1.1474046188284548,0.0329937453197038,-0.1019764638776923,9.667820637721602,0.1321770596218702,350,0.05,10,0.9,0.8,0.5,0.5,0.0,3,0.3333333333333333,0.3212121212121211
92,220,47500,2160,7.867592784451865,0.8227976577536462,2.92374410416074,0.0562590208363223,0.0712730224227439,4.227473683470089,0.0763264863936957,350,0.02,6,0.7,0.8,0.5,2.0,0.0,3,1.0,0.8719674296463189
67,220,47500,2160,7.308938577983845,0.8777434567728735,2.152853249750025,0.0470258578125691,0.7170546445767036,2.903783359550828,0.0360971079547096,350,0.05,6,0.9,0.8,0.5,2.0,0.0,1,1.0,0.8024353176576853
74,220,47502,2156,7.457282565812267,0.901915718087254,1.686492978830671,0.041318095398779,0.2874597998259555,5.972316209337777,0.091139357756806,700,0.05,6,0.9,0.8,0.5,1.0,0.0,3,1.0,0.6606060606060605
66,220,47509,2160,7.857198071497487,0.8697206111534201,2.26423732982137,0.0465792449732234,0.3990778686601246,5.03068826009597,0.0658616979952879,700,0.02,6,0.9,0.8,0.0,2.0,0.0,2,1.0,0.8060606060606059
93,220,47496,2160,7.293537187224348,0.8271800368386443,2.883974288323988,0.0547500236431084,0.382869856823595,6.748802109260146,0.08513184369365,350,0.02,6,0.7,0.8,0.0,1.0,0.0,3,0.6666666666666666,0.5653521556224601
40,220,47494,2160,7.063305738561962,0.8764199626236775,2.1831894850736284,0.0459378256134078,0.4558389729213714,6.269088045186751,0.0804734061427437,700,0.02,6,0.9,0.8,0.5,0.5,0.0,3,0.3333333333333333,0.3939393939393939
63,220,47490,2160,7.716626311185818,0.8241084329410945,2.998525131876528,0.0549666335275677,0.3798080113954304,7.417817589088551,0.1081152166618388,350,0.02,6,0.7,0.8,0.5,2.0,0.0,3,1.0,0.9151515151515152
89,220,47504,2160,6.955888175217193,0.8926968306551419,1.8946821466862984,0.0415814323543496,0.1311073279288371,7.149414907409897,0.089139429440409,350,0.05,6,0.7,0.8,0.5,2.0,0.0,3,0.3333333333333333,0.2484848484848484
97,220,47502,2160,7.537684379549111,0.8566491191171688,2.3531419327889886,0.0504080010879726,0.6308738579537219,7.17994317426273,0.0955072935927059,700,0.02,6,0.7,0.8,0.5,1.0,0.0,2,0.6666666666666666,0.7454545454545454
90,220,47495,2160,7.798236127301355,0.8812301667008109,2.0105406404815414,0.0464564171865135,0.3044200620388125,5.278609803786373,0.072199521775305,700,0.05,6,0.7,0.8,0.5,0.5,0.0,3,0.6666666666666666,0.5337825136516684
81,220,47489,2160,7.085490856656387,0.8873740602395491,1.9207198572032484,0.0419481714420548,0.4768379461149008,5.98145077798673,0.0821144482633526,350,0.05,6,0.7,0.8,0.5,2.0,0.0,2,0.6666666666666666,0.8666666666666665
70,220,47497,2159,7.849667444722762,0.8852443291516839,1.9516699302590783,0.0448155804889183,-0.0503826627175083,8.136832530818959,0.1082381725903898,700,0.05,6,0.7,0.8,0.5,2.0,0.0,3,0.6666666666666666,0.3939393939393939
42,220,47497,2160,7.391156009699408,0.9422474879782086,1.059727415813858,0.0304819439326555,0.1948632696521886,9.558777657603777,0.1336148672271342,700,0.05,10,0.7,0.8,0.5,0.5,0.0,1,0.3333333333333333,0.6606060606060605
91,220,47507,2160,7.252813332832261,0.8582618979945378,2.30046252433662,0.0480900450347849,0.4418536884582631,4.300706111914478,0.0558406136436358,700,0.02,6,0.9,0.8,0.5,0.5,0.0,2,1.0,0.790277206784084
95,220,47506,2160,7.137529671473156,0.9014404303121164,1.7949730624905305,0.0394899902697273,0.2592275220729277,10.551770768288494,0.1387534707010724,350,0.05,6,0.7,0.8,0.5,1.0,0.0,1,1.0,0.8545454545454544
