seed,n_train_catalysts,n_train_samples,n_test_samples,cv_mae_mean,train_r2,train_mae,train_rmse,test_r2,test_mae,test_rmse,hp_n_estimators,hp_learning_rate,hp_max_depth,hp_subsample,hp_colsample_bytree,hp_reg_alpha,hp_reg_lambda,hp_gamma,hp_min_child_weight,ranking_top_3_accuracy,ranking_spearman_corr
8,10,2160,2160,8.03286045577791,0.114549569286067,7.305656360343651,0.099828588817678,-2.6983241821738586,26.355301841629878,0.2904571499995347,700,0.05,10,0.7,0.8,0.5,1.0,10.0,2,0.6666666666666666,0.7416198487095663
43,10,2155,2160,7.449018110694392,0.3991701681251013,4.755566728906123,0.0822171657322611,-4.744461174430407,24.991184256518327,0.2696150512168628,100,0.05,6,0.7,0.6,0.0,2.0,10.0,1,0.0,0.0
85,10,2149,2160,4.06888928272106,-2.57607062419396e-05,3.335746587382299,0.0439024148476877,-2.9723116712493187,25.678228741707624,0.2897672786178393,700,0.3,10,0.7,0.8,0.5,2.0,10.0,3,0.0,0.0
57,10,2160,2160,10.90298662159178,0.1369944181673432,8.600440184628523,0.1087815887697555,-2.697673455152217,24.39072842668604,0.2695162830308572,700,0.02,6,0.7,0.6,0.0,0.5,10.0,1,0.3333333333333333,-0.1643497771007659
86,10,2160,2160,7.953683966864591,0.9716466979193888,0.8099676535211108,0.0227191387862351,-0.2836261934544988,12.625842052322849,0.1706263452550638,350,0.02,6,0.7,0.8,0.5,0.5,0.0,1,0.6666666666666666,0.3818181818181818
3,10,2160,2160,10.089336393453456,0.3773198441429994,6.978683493049056,0.0915931752736778,-2.204955933203664,22.325942943625986,0.2437788570533657,350,0.3,10,0.7,0.6,0.5,0.5,10.0,2,0.6666666666666666,0.6092717958449424
51,10,2155,2160,6.633676393968561,0.999943863828218,0.0465274814028983,0.0008940115123122,-2.051593075109432,23.43382844725823,0.2618579388318814,350,0.3,10,0.9,0.8,0.0,2.0,0.0,2,0.0,-0.1519763859200161
88,10,2160,2160,6.159546653577794,0.998885741100624,0.1845255113928768,0.0030703119230387,-1.1051536172894163,19.213166613744537,0.2177238049436389,350,0.3,6,0.7,0.6,0.0,2.0,0.0,2,0.3333333333333333,0.5272727272727272
71,10,2160,2160,14.491246036070365,0.2319994549301823,10.825526147241948,0.132074382081693,-0.9951719087509296,17.355789336628384,0.201980257218269,350,0.3,6,0.7,0.6,0.5,0.5,10.0,3,0.6666666666666666,0.1740776559556978
69,10,2155,2160,1.2404758510907865,-3.4085013784102e-05,1.2355322289190271,0.0260758366599006,-6.683185872547813,29.66264385020291,0.3168053243675253,100,0.3,6,0.7,0.8,0.0,2.0,10.0,3,0.0,0.0
87,10,2157,2160,12.658747845334544,0.014745823426564,10.674434845172314,0.1301577928575013,-1.414866391189297,20.69484566564913,0.2333321345447778,100,0.02,10,0.7,0.8,0.5,2.0,10.0,2,0.6666666666666666,0.6396021490668313
59,10,2160,2160,8.127839074484454,0.9996470892091096,0.1180211635000348,0.0021840597837506,-3.7433654555027776,24.97497159157397,0.2848071796611677,100,0.05,10,0.9,0.8,0.0,0.5,0.0,3,0.0,-0.6121212121212121
41,10,2160,2160,12.31350640438221,0.3925385245500553,8.904297649065652,0.107970973052389,-0.7234780305011392,17.33111115137736,0.1914100174016856,700,0.3,10,0.9,0.8,0.5,0.5,10.0,3,0.6666666666666666,0.4848811378764269
82,10,2160,2160,10.85833343187968,-7.647136472943572e-07,9.488820233168424,0.1174372515493957,-1.800179923199948,19.221561828189422,0.2158511932896679,100,0.02,6,0.7,0.6,0.0,2.0,10.0,2,0.0,0.0
84,10,2160,2160,3.5757394106686107,0.8868572334594262,1.120587242278788,0.0173548563283538,-4.192902036828882,28.03707463421204,0.3083530347265236,100,0.02,6,0.7,0.6,0.5,1.0,0.0,2,0.0,-0.6848484848484848
11,10,2160,2160,10.617146492534214,0.2527767086282786,8.75070771764826,0.1030198540644624,-0.8906163751337042,18.902504461959552,0.213851475238346,700,0.1,6,0.9,0.6,0.5,2.0,10.0,3,0.3333333333333333,0.2842676218074806
31,10,2160,2160,11.175197385682,0.4187265595874064,7.956279026843883,0.0958244630503004,-2.030211835413567,18.43294724217168,0.2071380250449006,350,0.3,10,0.9,0.8,0.0,2.0,10.0,1,0.3333333333333333,-0.1041621634966447
15,10,2160,2160,5.199326111122415,-3.2437805215224103e-06,4.95427893532647,0.0702685305460093,-5.119119276864911,28.23627204683092,0.3019642199535419,100,0.3,10,0.9,0.8,0.5,0.5,10.0,2,0.0,0.0
55,10,2160,2160,1.8508401294797656,0.9202063524430336,0.4309781470446183,0.0076539292213608,-2.6881086119947843,27.16184731043828,0.3129091129855141,100,0.3,6,0.7,0.8,0.5,2.0,0.0,2,0.0,0.0303030303030303
54,10,2160,2160,9.401817733877902,0.9578000177485234,0.7051967866823917,0.0261913121180735,-1.4166286548276572,19.549673913426467,0.2306231274432489,100,0.3,10,0.7,0.6,0.0,1.0,0.0,2,0.3333333333333333,0.0303030303030303
32,10,2149,2160,9.839896631648305,0.8799407606788274,2.6301841871857143,0.0501650367688234,-1.564202609315334,20.19269399562368,0.2476600481567298,100,0.02,10,0.7,0.8,0.5,1.0,0.0,1,0.3333333333333333,-0.1219512195121951
37,10,2149,2160,4.853222756519779,-0.0001106243058914,4.006956835578574,0.060008811571832,-2.226963192204765,24.754468411074743,0.2842877442953972,350,0.3,6,0.7,0.8,0.5,0.5,10.0,3,0.0,0.0
25,10,2160,2160,11.115306710490476,0.2777738327339211,8.198064315848878,0.0985425750721493,-1.4704522669543485,22.02290903444643,0.2535829647982422,700,0.3,10,0.9,0.8,0.5,1.0,10.0,2,0.0,-0.3418817293789138
44,10,2156,2160,13.9471472402261,0.1363612792379263,10.707464036251483,0.1274511193698957,-1.3992561883554622,23.658540241629996,0.2587118302171877,100,0.02,10,0.7,0.6,0.0,0.5,10.0,3,0.0,0.1198577533267985
9,10,2160,2160,10.545764413233158,0.0875126710747868,8.932911187101293,0.1049578857491092,-3.4521190858514785,22.68567185366595,0.2453386380258455,350,0.02,6,0.7,0.6,0.0,2.0,10.0,3,0.3333333333333333,0.1044465935734186
5,10,2160,2160,8.425561009336402,-5.809421922853275e-06,8.25306958657724,0.1029797192351566,-1.5947930062414213,20.560875860143597,0.230018080333247,700,0.3,6,0.7,0.8,0.5,1.0,10.0,1,0.0,0.0
50,10,2160,2160,7.375178541783934,-2.725726729879696e-06,6.833648895157707,0.0842104460931824,-2.0579080021538227,21.300732026983194,0.2360243563359997,700,0.3,6,0.9,0.8,0.0,1.0,10.0,2,0.0,0.0
80,10,2160,2160,10.148819785104305,0.8901865005741798,2.456403997959914,0.0463143569025732,-1.1774229753621557,18.26819476176191,0.217601086513574,100,0.02,10,0.9,0.8,0.0,2.0,0.0,2,0.0,-0.3818181818181818
66,10,2160,2160,8.356122269100613,-5.750201153631451e-05,8.005390973444339,0.0946195056646398,-2.691784395057897,23.969784040097835,0.2589086356743929,100,0.1,6,0.7,0.8,0.0,0.5,10.0,3,0.0,0.0
35,10,2160,2160,16.186453126448175,0.3225758869339115,11.455869995399755,0.1337764519143348,-1.6350343778958538,14.75786654331066,0.1644466251862922,100,0.1,6,0.7,0.6,0.0,1.0,10.0,3,0.3333333333333333,0.025257841014136
28,10,2160,2160,9.874843966872604,-4.9061993019350325e-06,9.382716751981665,0.1165603787905203,-0.988918877742637,18.90793925779837,0.2098816754402857,700,0.1,10,0.7,0.6,0.5,2.0,10.0,3,0.0,0.0
94,10,2160,2160,9.590354958551902,0.8846178847800059,2.5650882373584643,0.049834080218446,-3.0730303355651003,22.627543006373774,0.2475932827736031,100,0.02,10,0.7,0.6,0.0,0.5,0.0,1,0.6666666666666666,0.3161108827136336
58,10,2159,2160,11.35827347065807,0.2008184829466793,8.721227616632133,0.1089016931097379,-1.679225782760374,22.100052141966646,0.2512127373546999,100,0.1,6,0.7,0.6,0.0,2.0,10.0,1,0.0,0.0
52,10,2160,2160,16.830310731375658,0.8981080727459136,3.508470134823411,0.0548403594853253,-1.1370827413987423,15.884623147072617,0.1810161253089739,100,0.02,10,0.9,0.6,0.5,0.5,0.0,1,0.3333333333333333,0.2249250511616239
92,10,2160,2160,11.644554880106892,0.4325338675329615,9.054890908488522,0.1097863223830208,-1.8370705568228012,13.700154488528216,0.1610988554226109,350,0.3,6,0.9,0.6,0.0,1.0,10.0,3,0.3333333333333333,-0.0348155311911395
46,10,2155,2160,14.37869566694366,0.3001186583798977,10.892169750771224,0.1259455421655874,-0.8637224369478047,18.95146019087897,0.212331664726375,700,0.05,10,0.9,0.8,0.0,2.0,10.0,3,1.0,0.5321324864777409
0,10,2160,2160,5.119884379253134,0.9473928056846728,0.8598664156387504,0.0202290719731674,-2.6807548307074187,24.361836809826784,0.2720487186121151,350,0.3,10,0.7,0.6,0.5,2.0,0.0,2,0.0,-0.7696969696969697
2,10,2157,2160,8.28888953516132,0.0565050574083109,7.79047561016799,0.0996202777352815,-2.504642592979644,22.53715981412817,0.2514161708694378,700,0.05,10,0.7,0.8,0.0,0.5,10.0,2,0.3333333333333333,-0.5222329678670935
30,10,2160,2160,12.905165535023915,0.9287750141221256,1.814024595523068,0.0413486575112705,-0.8054599503617763,13.828254158088455,0.1730257954377412,350,0.02,10,0.9,0.6,0.5,2.0,0.0,1,0.3333333333333333,0.4303030303030302
62,10,2160,2160,13.394406426924249,0.3481962096978945,10.06811707108109,0.1180116370246271,-2.4410121682293764,15.51306309982582,0.1715299420417139,700,0.02,10,0.9,0.6,0.0,0.5,10.0,2,0.6666666666666666,0.5321324864777409
78,10,2160,2160,9.736774502771873,0.4605684702145264,6.959461104958145,0.0919373094127676,-1.877264038952149,19.17490033114398,0.2172227908008517,350,0.3,6,0.9,0.6,0.0,1.0,10.0,3,0.3333333333333333,0.0
10,10,2157,2160,12.675437692758852,0.9102716901372764,1.9773243156185911,0.0415451012398492,-1.1249098163471714,16.920622507453448,0.1953146660889555,350,0.1,6,0.7,0.6,0.5,0.5,0.0,1,0.6666666666666666,0.4424242424242424
29,10,2160,2160,14.357347981576568,0.2850285277355152,10.777207702000934,0.1209956680353183,-1.473811494914893,17.25145308247319,0.1971827904338415,700,0.3,10,0.7,0.6,0.5,0.5,10.0,1,0.3333333333333333,0.0
63,10,2160,2160,8.131111007619788,-8.449558122736178e-06,7.310756791432698,0.0923720965186636,-1.4403325718402311,21.048857198291355,0.2304059116239479,700,0.1,10,0.7,0.6,0.0,0.5,10.0,3,0.0,0.0
33,10,2160,2160,7.252961035304599,-1.7182796165915448e-05,6.843723403082953,0.0956726907564906,-2.0078629594337056,23.44168120066325,0.2659608157713761,100,0.3,6,0.9,0.6,0.0,1.0,10.0,2,0.0,0.0
18,10,2160,2160,7.222110371766267,-7.437580779079411e-05,7.075268902778626,0.0929440352244826,-2.0263183746798936,24.685237106040677,0.2753038462643246,350,0.3,6,0.7,0.8,0.5,2.0,10.0,1,0.0,0.0
26,10,2160,2160,7.915474297674717,0.9917254195785988,0.6585101671738516,0.0111489632795337,-0.5117001381520869,14.573165918456183,0.1795899446580377,100,0.1,10,0.9,0.8,0.5,2.0,0.0,1,0.0,-0.6
38,10,2153,2160,7.874899084638342,0.9318946278573886,1.20634054586156,0.0294587049159574,-2.868747678487757,20.761955124661327,0.2330820884947639,350,0.3,10,0.7,0.6,0.5,2.0,0.0,3,0.0,-0.4072967142656432
16,10,2160,2160,9.321178588513977,0.2051162803957015,7.501211356410273,0.0988910555889786,-1.4623075116619235,20.94416343865571,0.2352325402824231,350,0.02,6,0.7,0.8,0.5,0.5,10.0,2,0.0,0.1816497536376886
34,10,2160,2160,13.026087622907426,0.1891963054671435,10.200472425884673,0.125600567220832,-1.3245265622466942,20.66588625519364,0.2388677747894828,350,0.05,6,0.7,0.8,0.5,1.0,10.0,1,0.3333333333333333,-0.4207791628448017
36,10,2160,2160,5.379677780984655,0.8235336728463614,1.3887329146464376,0.0379133744450375,-2.047839586080936,24.49033673637736,0.2769589509528292,350,0.02,6,0.9,0.8,0.5,2.0,0.0,3,0.0,-0.5030303030303029
21,10,2160,2160,16.278261509294865,0.3509177101675788,11.323652026741591,0.1339579712690805,-0.4098320721201778,17.012271159136738,0.1960775965781391,100,0.02,6,0.7,0.6,0.0,2.0,10.0,3,0.0,-0.8124038404635959
74,10,2160,2160,5.985306809787398,-1.0771345932969467e-06,5.637965261759582,0.0689194807536108,-2.518864084540444,24.483848496189825,0.2750672560027378,100,0.05,6,0.7,0.6,0.0,2.0,10.0,2,0.0,0.0
81,10,2160,2160,12.26111221578386,0.4545147969299075,7.84354834097403,0.1022210611327809,-0.9441782515563608,18.267372072537743,0.2048950625698062,700,0.3,10,0.7,0.8,0.0,1.0,10.0,2,0.3333333333333333,-0.1740776559556978
49,10,2160,2160,12.547995801612185,0.7991469244126175,3.795006747201637,0.0611172527825929,-2.5275049186589107,20.116846567171592,0.2196763269726944,100,0.02,6,0.9,0.6,0.5,2.0,0.0,1,0.3333333333333333,-0.5636363636363636
70,10,2160,2160,6.966154866483476,0.8927280816625551,1.7566047902791588,0.0283457034130634,-4.838030482389378,24.93810461814757,0.2686040815153122,100,0.02,10,0.7,0.6,0.0,2.0,0.0,2,0.3333333333333333,-0.1641344967936174
90,10,2160,2160,9.493669776070984,0.9535069279826642,1.2366773955308223,0.0296428650642046,-1.4184891393779164,16.41832498695529,0.1967222674102421,700,0.3,6,0.7,0.6,0.5,2.0,0.0,3,1.0,0.3575757575757575
20,10,2160,2160,11.445854374611818,0.9147979786494234,2.66738147251032,0.0392864955694242,-0.6379749721813932,14.475046192628366,0.1690934093317758,100,0.02,10,0.9,0.6,0.0,2.0,0.0,2,0.3333333333333333,0.3818181818181818
6,10,2160,2160,8.20254337310791,0.3125397151504947,6.681030587266993,0.0946154314985707,-3.059284803993997,24.373580980830724,0.2687776369021734,700,0.3,10,0.7,0.8,0.0,2.0,10.0,1,0.3333333333333333,0.1139605764596379
61,10,2160,2160,9.31985149608246,0.9995537174869046,0.1737223661782398,0.0028074986429729,-2.4803565772206198,25.428234444429325,0.2907200240133492,350,0.3,6,0.7,0.6,0.0,2.0,0.0,1,0.3333333333333333,0.2121212121212121
40,10,2160,2160,11.865739094946118,0.2171249533912267,9.405450351856372,0.1066186025657277,-1.440762679487992,17.602807951326724,0.2064145426930001,350,0.3,10,0.9,0.6,0.0,1.0,10.0,3,0.3333333333333333,-0.1740776559556978
14,10,2157,2160,7.911501006478629,-2.8004413467286327e-05,7.016711926316574,0.0916448139380093,-3.364057011654949,21.26767556808613,0.2285561408187841,100,0.3,10,0.7,0.8,0.0,2.0,10.0,2,0.0,0.0
12,10,2149,2160,12.009097611819827,0.257905563774742,9.229829599470136,0.124673459589086,-3.24527434596808,21.69634629399688,0.2328103619330628,350,0.02,6,0.7,0.6,0.0,0.5,10.0,1,0.6666666666666666,0.6963106238227914
93,10,2160,2160,7.682187855934242,0.9110173066311484,2.0830483290118478,0.0378889528247436,-1.7482867337100996,19.947346383386847,0.2250981199964551,100,0.05,10,0.7,0.8,0.5,2.0,0.0,2,0.3333333333333333,0.1878787878787878
75,10,2160,2160,7.58014431450102,-6.763394337916395e-06,7.097768732706706,0.0916084974175774,-2.936993186456874,20.72590360420721,0.2282179086044024,100,0.1,10,0.7,0.6,0.5,1.0,10.0,2,0.0,0.0
73,10,2160,2160,12.40090924192358,0.4290021667847303,8.879999301168654,0.1134966004418906,-0.8510905789492598,14.513812373125994,0.1656963092991736,350,0.3,6,0.9,0.6,0.0,0.5,10.0,2,0.0,0.0
13,10,2160,2160,11.3221272249575,-3.4907801482741974e-06,10.912501087895146,0.1308239277521724,-1.3929893770352035,15.663013661702475,0.1823227660825574,100,0.1,10,0.7,0.8,0.5,0.5,10.0,2,0.0,0.0
76,10,2160,2160,8.401928605680112,-5.501186351364318e-05,7.730836671016835,0.0987309763997142,-2.2553434716594807,24.216226389849627,0.2641041776336388,700,0.3,6,0.7,0.6,0.5,2.0,10.0,1,0.0,0.0
83,10,2160,2160,7.528906010367251,0.7794303236621752,2.590756015878352,0.057586334862339,-0.9114590329879813,17.392605960545716,0.1951166596116055,350,0.02,10,0.9,0.8,0.5,0.5,0.0,2,0.6666666666666666,0.5636363636363636
24,10,2160,2160,15.232819995880126,0.15530599983922,12.74094966005396,0.1433613486027019,-0.6904064832166854,17.653225201147574,0.2051825014547079,350,0.02,6,0.7,0.8,0.5,2.0,10.0,2,0.6666666666666666,0.0348155311911395
7,10,2160,2160,12.836544573637138,0.999958353029462,0.0685463228332931,0.000940363416327,-2.6048539784190203,19.13572237047979,0.2263871866654713,700,0.3,10,0.7,0.6,0.0,0.5,0.0,3,0.6666666666666666,0.0181818181818181
4,10,2160,2160,9.424853950429846,-1.6696286093687007e-06,8.678201344278124,0.1053230350741045,-2.852808042543004,25.65049964533912,0.2759737229805582,700,0.1,10,0.9,0.8,0.5,1.0,10.0,2,0.0,0.0
72,10,2160,2160,11.08888275199466,0.777953573046824,3.863709860146046,0.0707712018986095,-1.083775852344965,16.878049539901596,0.1890980710688486,100,0.02,6,0.7,0.6,0.0,2.0,0.0,2,0.0,-0.3333333333333332
47,10,2160,2160,20.33147587369989,0.4554914540387424,12.198624953517209,0.1447098055696496,-1.057368117259276,14.728174153080694,0.1734487244254047,700,0.3,10,0.9,0.8,0.5,2.0,10.0,3,0.0,-0.743485415304539
65,10,2160,2160,11.681673328258372,0.0150930282013617,10.378645751387984,0.1269419901490469,-1.3509353808738327,20.67387226669877,0.2341698674102699,100,0.02,6,0.7,0.6,0.0,1.0,10.0,1,0.3333333333333333,0.0712832435640251
17,10,2160,2160,9.846896262168883,0.0791354791075288,8.344573492120814,0.1204848205605346,-2.8748402983222,19.825153061902085,0.2182403410889158,700,0.02,6,0.7,0.6,0.0,1.0,10.0,2,0.0,0.0
27,10,2160,2160,8.397366347224624,-1.4388533358999922e-05,8.052889315287272,0.0996337718979239,-2.054154427679589,23.635371848918773,0.2571529699997466,700,0.3,6,0.7,0.8,0.0,0.5,10.0,2,0.0,0.0
77,10,2160,2160,10.19540640438976,0.9420420709179688,1.400191315010956,0.035685769144292,-0.5038549856432055,11.313523315566558,0.1455873290945346,700,0.3,6,0.9,0.8,0.5,0.5,0.0,2,0.3333333333333333,0.1636363636363636
79,10,2160,2160,10.51632662063292,0.8983016612198307,1.9270297379535004,0.0443792406392327,-1.0421214003542372,18.944463460016404,0.2095691497961614,350,0.05,6,0.9,0.8,0.5,1.0,0.0,1,0.3333333333333333,-0.4545454545454545
91,10,2160,2160,5.394591123403989,0.9984811868423704,0.1493879990993964,0.0029464278838003,-2.58801038361055,21.096616753183923,0.227166734172779,700,0.1,6,0.7,0.6,0.0,1.0,0.0,2,0.3333333333333333,-0.0181818181818181
39,10,2159,2160,10.00321612258727,0.9995182912954428,0.1142814624165603,0.003217321707805,-0.2007797588378519,14.609766174150218,0.1837821028147792,100,0.3,10,0.7,0.8,0.0,1.0,0.0,2,0.6666666666666666,0.7575757575757575
45,10,2160,2160,10.666543251849989,-1.616122514125351e-05,9.91225397092325,0.1168307379293544,-2.137626210951454,20.84254053575021,0.2270205251757304,700,0.3,10,0.7,0.8,0.0,0.5,10.0,3,0.0,0.0
19,10,2157,2160,6.857171084519666,0.6863837750819837,2.4236293598228875,0.0502257577543441,-2.787271944364001,23.4896195171056,0.2604834437481753,100,0.02,6,0.9,0.8,0.0,1.0,0.0,2,0.0,-0.6484848484848483
53,10,2160,2160,12.218653309273844,0.92042365543689,1.6166042954192814,0.0408246382011469,-0.6554613180789775,15.458071072708677,0.1834644659106915,700,0.3,10,0.7,0.6,0.5,0.5,0.0,3,0.3333333333333333,-0.4424242424242424
67,10,2160,2160,10.82274857847852,0.9707351383475576,1.0217178328081111,0.020242538435365,-2.3081387711228203,17.661067121313817,0.2022336802459412,100,0.3,6,0.7,0.6,0.5,2.0,0.0,2,0.0,-0.1272727272727272
1,10,2160,2160,9.874127470207156,0.958577149454412,1.0208851005436843,0.0315347780490051,-0.7867636543788834,16.946453681670956,0.2011890357122076,700,0.3,6,0.9,0.8,0.5,0.5,0.0,1,0.3333333333333333,0.0545454545454545
48,10,2160,2160,7.570663269051421,0.922828338962404,1.2657318334378451,0.0273115826531837,-1.716193297623597,22.96593854053815,0.2631071157702774,100,0.1,6,0.7,0.8,0.5,1.0,0.0,3,0.3333333333333333,0.0303030303030303
97,10,2160,2160,13.174410103304112,0.9820477420499074,1.0561679030019688,0.0212019674604904,-0.8338808021959556,17.10853047253633,0.1937031867537333,700,0.3,6,0.9,0.6,0.5,2.0,0.0,2,0.3333333333333333,0.2606060606060606
64,10,2160,2160,15.464434586454322,0.1169567053618725,12.66486055692037,0.1445540034936358,-0.8334604603540627,18.2037194191968,0.2059563786654758,350,0.02,10,0.7,0.6,0.5,0.5,10.0,3,0.0,-0.0306771559569924
68,10,2160,2160,8.43089887648821,0.9016197424642386,2.2477185727007414,0.0385852248605818,-1.7755227148331114,19.161378425017556,0.2092230530694921,100,0.02,10,0.7,0.8,0.0,1.0,0.0,3,0.3333333333333333,0.0787878787878787
95,10,2149,2160,9.95031773308121,0.9941573077396764,0.4199918110393008,0.0088794809529202,-1.2477274128904967,24.0554768589991,0.2699503737612252,700,0.02,6,0.7,0.8,0.0,0.5,0.0,1,0.6666666666666666,0.3818181818181818
56,10,2157,2160,11.112201802892423,0.833084520526785,3.525309566684381,0.0568648857091952,-2.0696580146028785,17.172290806306734,0.2017978873069826,100,0.02,6,0.9,0.8,0.0,0.5,0.0,1,0.3333333333333333,0.0181818181818181
89,10,2160,2160,10.778479662457553,0.9819459668555603,0.8479908143581836,0.0181962410303774,-0.7777317666919334,10.257742190937751,0.1294606487982015,700,0.3,6,0.7,0.6,0.0,1.0,0.0,3,0.0,-0.1272727272727272
96,10,2160,2160,10.581908933536184,0.8568191944877676,2.056101100070109,0.0515222449289152,-1.4213827496225635,18.216757689175733,0.205927049223812,350,0.3,6,0.9,0.6,0.5,1.0,0.0,1,0.3333333333333333,0.3048837166595521
98,10,2160,2160,17.83652041753133,0.4562078854881983,11.355049358473885,0.1330711053268692,-1.4996351124262168,17.65366441956273,0.2034679103886675,100,0.3,6,0.9,0.6,0.0,1.0,10.0,2,0.3333333333333333,-0.0342715050480277
42,10,2156,2160,12.299289463836402,0.8071429493504929,2.837586056109339,0.0672723492744571,-0.8325037237017441,15.313539157514809,0.1779916086560994,100,0.05,6,0.7,0.8,0.0,2.0,0.0,1,0.6666666666666666,0.3939393939393939
23,10,2160,2160,12.489052714740996,0.8548530174967535,2.2638357040844426,0.0568256117501148,-1.5866721563870687,19.86548414780069,0.2276225212814738,100,0.1,6,0.7,0.6,0.0,1.0,0.0,3,0.3333333333333333,0.0787878787878787
99,10,2160,2160,5.736768133344218,0.7263288413729242,2.1135137275846176,0.0538399378939676,-3.145745544508495,28.29529028423831,0.3178870515910162,100,0.1,10,0.9,0.6,0.5,1.0,0.0,3,0.3333333333333333,-0.5393939393939393
22,10,2148,2160,11.201867736737515,-2.548449647776785e-05,11.09911944426638,0.1433895842062094,-2.319662973450359,23.30703627762971,0.2551533033311809,100,0.3,6,0.7,0.8,0.0,2.0,10.0,3,0.0,0.0
60,10,2160,2160,11.920721756440622,0.1604577961966753,10.87105382848669,0.132036049819556,-1.828527150082062,16.620428591304353,0.1860505367707806,100,0.02,10,0.9,0.6,0.0,0.5,10.0,2,0.6666666666666666,0.4342481186734475
57,5,1080,2160,14.06948822286394,0.1273618780061143,10.948024128454705,0.1320824474522884,-2.063220982670493,22.12658259762658,0.245306973787231,700,0.02,10,0.7,0.8,0.0,1.0,10.0,2,0.0,-0.0887625364598594
73,5,1080,2160,4.465870815647973,-0.0002401043354145,3.659974788029989,0.0504256742062371,-5.29042692013182,28.39371797243754,0.3054492481515301,700,0.3,10,0.7,0.6,0.0,1.0,10.0,3,0.0,0.0
8,5,1080,2160,12.601135066880122,0.1331982322792262,9.879937631818985,0.1229472292683481,-2.127629982125051,24.23079173529589,0.2671082284357084,350,0.1,10,0.7,0.8,0.5,1.0,10.0,2,0.3333333333333333,0.4351941398892446
69,5,1080,2160,0.493844382067543,0.9959540219077044,0.0314213937544459,0.0005246135759262,-6.730017914771918,29.860448649500206,0.3177693840965208,700,0.02,6,0.9,0.6,0.0,0.5,0.0,1,0.6666666666666666,0.3575757575757575
43,5,1080,2160,11.286822438339394,0.4438077709981906,7.862908412615459,0.1062898532569918,-2.941858928327123,20.372533205261934,0.2233418054374019,100,0.3,6,0.7,0.6,0.0,0.5,10.0,2,0.0,-0.2286149784296062
51,5,1075,2160,1.482408441389488,-1.553662794195887e-05,1.2013701755057933,0.0160481389935505,-3.230097815246312,27.19666549336027,0.3083029211917781,350,0.3,10,0.9,0.6,0.0,0.5,10.0,1,0.0,0.0
25,5,1080,2160,11.946682960722182,-0.0002351811055365,10.050027211507162,0.12547666096579,-1.459351213383126,22.184883499145503,0.253012581875868,700,0.3,6,0.7,0.6,0.0,0.5,10.0,1,0.0,0.0
41,5,1080,2160,11.372054708180604,0.997103049576218,0.4381612094208874,0.0092274552153167,-0.2427011783552615,12.7864135478161,0.1625343436963099,100,0.05,6,0.9,0.6,0.0,0.5,0.0,2,0.3333333333333333,0.0424242424242424
3,5,1080,2160,14.48105556735286,0.2796054227182573,9.51914852919402,0.120681631655445,-1.3883878207699758,18.86288009678876,0.2104444269994745,350,0.02,6,0.7,0.6,0.5,0.5,10.0,2,0.6666666666666666,0.4369314487526514
54,5,1080,2160,12.06689417379874,-3.0629972112006243e-06,10.433299891153972,0.1194730742734654,-1.6677279478241824,21.8940796802662,0.2423085094999388,350,0.3,6,0.7,0.8,0.0,2.0,10.0,2,0.0,0.0
59,5,1080,2160,11.86311386349352,0.9937135425565504,0.63252244387327,0.011588911167925,-0.265353877603828,12.11167279764458,0.1471003276594612,700,0.3,6,0.9,0.6,0.5,2.0,0.0,2,0.0,-0.1515151515151515
55,5,1080,2160,1.9498143280547595,0.9395606684437268,0.4394152262596913,0.0076805433550723,-2.755210659958802,27.41866667199177,0.3157428414052934,100,0.3,6,0.9,0.6,0.5,1.0,0.0,2,0.0,0.1515151515151515
0,5,1080,2160,3.3681144566889167,0.7772177616868614,1.6400150745389637,0.0338483036458997,-3.1163897958890434,26.14089949375501,0.287697763484429,100,0.02,6,0.7,0.6,0.0,1.0,0.0,1,0.3333333333333333,-0.2006088294144213
71,5,1080,2160,12.187513308887263,0.7133448979242174,4.333729665858889,0.0844943949077031,-1.0827104528432394,17.43998426726002,0.206363653710575,100,0.1,10,0.9,0.8,0.5,2.0,0.0,2,0.3333333333333333,-0.2484848484848484
11,5,1080,2160,7.3283515857260255,0.9946448445646118,0.3802052225462911,0.0071709149783935,-1.2550123715584451,19.87887606854516,0.2335527618912128,100,0.05,10,0.7,0.6,0.0,0.5,0.0,3,0.3333333333333333,-0.2727272727272727
19,5,1080,2160,6.509897312758644,0.9846507413852488,0.5916522383784737,0.0110906965055273,-1.2863173917536992,17.355285334929274,0.2023881774671662,700,0.3,6,0.7,0.8,0.5,2.0,0.0,2,0.0,-0.5539117094069973
5,5,1080,2160,11.55486592469392,-4.07073199399921e-05,9.779610935846964,0.1137007149090464,-0.7418008853776619,16.81792450057136,0.1884559565334327,700,0.3,6,0.7,0.8,0.5,1.0,10.0,1,0.0,0.0
50,5,1080,2160,8.566016439861722,-2.519339006901156e-05,6.997322108657272,0.0867255500580393,-2.444277231620474,22.63082885909964,0.2504918871320424,700,0.3,6,0.9,0.8,0.0,1.0,10.0,2,0.0,0.0
72,5,1080,2160,5.750648513898443,0.9451788952345592,1.0592192618805183,0.0165638541606999,-1.6559138384553207,20.20258823634298,0.2134856013846642,100,0.05,10,0.7,0.8,0.5,1.0,0.0,3,0.0,-0.7333333333333332
32,5,1080,2160,9.882425294805456,-7.16655034442848e-05,8.175522984575343,0.1095855432007766,-2.636783032066392,27.2289183055913,0.2949432627291655,100,0.3,10,0.9,0.8,0.0,2.0,10.0,3,0.0,0.0
37,5,1080,2160,7.214784184473532,-0.0002011211170716,5.809415705998739,0.077005686507417,-2.007841574602388,23.974178667951517,0.2744660363944117,350,0.3,6,0.7,0.8,0.5,0.5,10.0,3,0.0,0.0
15,5,1080,2160,7.939143056339688,-5.279413358705298e-06,7.057064014010959,0.0910880114642906,-4.726723456357318,27.273590149349637,0.2921219105655656,700,0.3,10,0.9,0.6,0.5,2.0,10.0,2,0.0,0.0
35,5,1080,2160,9.910660231643252,-6.420348591440472e-06,8.486796515076248,0.1113525198685291,-4.471653056908949,22.124411751782453,0.2369687613533022,350,0.3,6,0.9,0.8,0.5,0.5,10.0,3,0.0,0.0
9,5,1080,2160,10.5450150996557,0.967768020124637,1.169476841119963,0.0236639413678222,-1.62325002155473,15.6673386691014,0.1883225847831436,350,0.05,6,0.9,0.8,0.5,2.0,0.0,3,0.3333333333333333,-0.3818181818181818
66,5,1080,2160,4.349597214080509,0.9994710720431772,0.101925395477671,0.0018390218539117,-1.4097821020967056,19.934046598452102,0.2091786031565749,100,0.1,6,0.7,0.8,0.0,1.0,0.0,2,0.3333333333333333,0.4666666666666666
20,5,1080,2160,11.991895094403514,0.8619513145797928,3.094503534723211,0.0520364170624712,-1.624699523606413,18.561533308514843,0.2140488239737017,100,0.02,10,0.7,0.6,0.5,1.0,0.0,1,0.0,-0.406060606060606
70,5,1080,2160,4.866063502485416,0.9285599355108524,0.8974556119639117,0.0158963863805287,-4.480956312693987,24.692716462109928,0.2602601038225434,700,0.05,6,0.7,0.8,0.5,2.0,0.0,3,0.0,-0.2066878848512219
14,5,1080,2160,8.760584785231837,-9.456892860515433e-05,7.271271562929507,0.0993656537436402,-3.74497656440049,22.187647857312804,0.2383223224752665,700,0.3,10,0.7,0.8,0.5,1.0,10.0,2,0.0,0.0
38,5,1073,2160,13.158055531397798,-2.477044847015719e-07,11.288896643326645,0.1360380722069231,-2.3248017269946604,19.940408088189585,0.2160760209568544,350,0.02,6,0.7,0.6,0.0,2.0,10.0,3,0.0,0.0
2,5,1080,2160,10.75232667463797,-3.116549948867231e-05,8.988647561956336,0.1099292564016255,-1.3328906330312398,18.163418278694152,0.2051249697345208,350,0.3,10,0.7,0.6,0.5,2.0,10.0,1,0.0,0.0
58,5,1080,2160,5.035606868267059,-4.304011855049694e-05,4.545026427728159,0.0627706861662102,-2.4142965371311638,24.92053203335515,0.2835878484756322,350,0.1,10,0.7,0.8,0.0,2.0,10.0,3,0.0,0.0
30,5,1080,2160,8.551141890339853,0.9883730450584242,0.435397736527224,0.0116879904917149,-3.2515750892229054,23.316400008487854,0.2655167061296629,100,0.3,10,0.9,0.6,0.0,2.0,0.0,3,0.6666666666666666,0.309090909090909
62,5,1080,2160,14.354259287781186,0.9291070666152024,2.9869261265242537,0.0406897757758621,-3.7850466689620825,18.157031950983736,0.2022739361025186,100,0.02,6,0.7,0.8,0.0,1.0,0.0,2,0.3333333333333333,-0.1151515151515151
31,5,1080,2160,11.512492960470697,-2.9989645410344323e-05,10.182666725582546,0.1221627451750867,-0.815897549473841,13.76188040698016,0.1603500159148738,700,0.1,6,0.7,0.8,0.5,0.5,10.0,2,0.0,0.0
16,5,1080,2160,11.980734985492848,0.1622010344788018,9.016022334628635,0.1164330332400078,-0.7369570533278258,17.292225272567183,0.1975699062840848,100,0.1,10,0.7,0.8,0.0,2.0,10.0,3,0.3333333333333333,0.1421338109037403
34,5,1080,2160,7.789342933760748,-1.4924655585168978e-05,6.512824987835354,0.0860334048463221,-2.2705771443147955,25.220168502419085,0.2833364876763495,100,0.3,10,0.7,0.6,0.0,1.0,10.0,1,0.0,0.0
29,5,1080,2160,15.69883465939098,0.9522380324070068,2.518677947477058,0.033873237640007,-1.6166796992496737,17.104175219072236,0.2027967492620979,100,0.02,10,0.7,0.6,0.0,0.5,0.0,1,0.3333333333333333,-0.1999999999999999
28,5,1080,2160,7.377347257048996,-4.708075565185155e-06,6.447873188301369,0.0767560599843501,-1.7061149577290022,21.95731041042893,0.2448156113668593,350,0.1,6,0.9,0.6,0.5,1.0,10.0,1,0.0,0.0
40,5,1080,2160,10.373164472378514,0.9655610485149868,1.4551815750242934,0.0231251688440429,-1.8842469043346115,19.295876577926943,0.2243849540380224,350,0.02,10,0.7,0.6,0.5,2.0,0.0,2,0.3333333333333333,0.0181818181818181
63,5,1080,2160,10.959464750996345,-4.133605394507356e-05,9.206271904486195,0.108720893462905,-1.0569859266401798,19.259778549936083,0.2115362346605949,700,0.1,10,0.7,0.6,0.0,0.5,10.0,3,0.0,0.0
98,5,1080,2160,10.896376112070522,0.851653543412447,2.203151062670244,0.0538942442875378,-3.856088979797821,25.06565120995376,0.2835965443046112,100,0.3,6,0.9,0.6,0.5,1.0,0.0,3,0.6666666666666666,0.1393939393939393
4,5,1080,2160,9.929691299155904,-0.0001488678901542,8.5266939579999,0.1098452524563892,-2.907962636811774,25.827133312401948,0.2779420445850012,350,0.3,6,0.7,0.8,0.5,0.5,10.0,1,0.0,0.0
12,5,1069,2160,5.025552889903386,-2.3959078687019183e-05,4.147372208810276,0.0471413086031252,-5.446394199785391,26.655502670738432,0.2868850089767232,100,0.3,10,0.9,0.8,0.5,1.0,10.0,2,0.0,0.0
7,5,1080,2160,15.231043964138738,0.8420151529971683,4.717588152797134,0.0630252054241653,-0.6815384481488587,13.418928249941931,0.1546184818222432,100,0.02,10,0.7,0.6,0.5,0.5,0.0,2,0.3333333333333333,0.0181818181818181
46,5,1080,2160,16.341923729931867,0.3901339578694015,10.15537974887424,0.1152187875151363,-0.3035498672739452,15.497738920141153,0.1775775144140844,350,0.3,6,0.7,0.6,0.5,0.5,10.0,1,0.3333333333333333,0.2901294265928297
61,5,1080,2160,9.58356941735303,-1.885118816158382e-06,7.734323475095961,0.1054180422093728,-2.0567412954269133,24.044693385406774,0.272453516202827,700,0.1,6,0.9,0.8,0.5,0.5,10.0,1,0.0,0.0
1,5,1080,2160,6.230870310040535,0.9995266912614732,0.1183046785007267,0.0020259846308648,-1.6655730218572975,21.999930584363952,0.2457344505945167,700,0.05,6,0.9,0.6,0.0,0.5,0.0,2,0.3333333333333333,0.0787878787878787
33,5,1080,2160,5.783176627424028,-9.735619615813818e-05,4.952806518695972,0.0679996029938136,-2.410748760859016,24.87875982319867,0.2832132048996811,700,0.3,6,0.7,0.8,0.5,1.0,10.0,3,0.0,0.0
68,5,1080,2160,3.967488760197604,-2.367283116200269e-05,3.779121191678224,0.0837907527333702,-3.925122975542924,25.436486844486662,0.2787055914326755,350,0.3,10,0.9,0.6,0.0,0.5,10.0,3,0.0,0.0
24,5,1080,2160,17.698473818037247,0.1387222919701894,14.616840380209464,0.1613463143078841,-0.6213945858850627,17.325376692524664,0.2009505062122375,100,0.1,6,0.9,0.6,0.0,0.5,10.0,1,0.6666666666666666,0.3553345272593507
26,5,1080,2160,12.009313976941286,0.9342409626549978,2.370082451767392,0.0336848372822599,-0.8693584796950895,16.034631956219673,0.1997080110426813,100,0.02,10,0.7,0.8,0.5,0.5,0.0,2,0.6666666666666666,0.0424242424242424
6,5,1080,2160,10.717040928734674,0.4095009297490738,7.862530742398016,0.106697372217227,-2.646096462188646,23.346814108689628,0.2547313791594819,100,0.3,10,0.7,0.8,0.0,0.5,10.0,2,0.3333333333333333,0.493829164658431
52,5,1080,2160,14.55717591331582,0.97089675268657,1.1338008141797036,0.0290901851218458,-2.327919070945072,20.51639756297348,0.2258879032461453,100,0.3,6,0.7,0.6,0.0,2.0,0.0,3,0.0,-0.4437710468864471
53,5,1080,2160,8.868581909868452,0.984895433554885,0.4936608473495668,0.0174990251841743,-0.6761634028693573,15.226034389215489,0.1846080433675277,350,0.02,6,0.9,0.8,0.0,2.0,0.0,2,0.6666666666666666,-0.0424242424242424
18,5,1080,2160,6.728450503290924,0.9899684624403972,0.2932098638902581,0.0096231861477827,-2.971387189754839,28.22624012139902,0.3153741455542371,100,0.1,10,0.9,0.6,0.0,1.0,0.0,2,0.3333333333333333,0.5515151515151515
10,5,1077,2160,14.004316357194323,0.8138396119835016,4.080692858704839,0.0621259812856677,-2.552822288504123,22.55753862299301,0.2525523107207467,100,0.02,10,0.9,0.8,0.5,2.0,0.0,2,0.0,0.0666666666666666
23,5,1080,2160,7.739797944428348,0.924994137626996,1.3254031265902988,0.0258244140244651,-2.6863446745265565,23.648610200961464,0.2717330760920327,700,0.3,6,0.7,0.6,0.5,2.0,0.0,1,0.3333333333333333,-0.1757575757575757
44,5,1080,2160,15.096382766730256,0.9423588134813332,1.5932938582804248,0.0386522981166367,-0.298182485321667,16.165562033167593,0.1903030940053871,700,0.3,6,0.7,0.6,0.5,0.5,0.0,3,0.0,-0.103030303030303
65,5,1080,2160,8.806884862464354,0.9821233425670683,0.7454283266868744,0.0139330895970634,-0.7824532992527249,17.813215273418948,0.2039011823230272,350,0.3,6,0.9,0.6,0.5,2.0,0.0,3,0.3333333333333333,0.0425533880576045
56,5,1077,2160,11.559797154617112,-4.978730565818879e-06,9.83941249652604,0.111223769716279,-1.9188606267733204,17.49893948166459,0.1967787951880658,350,0.3,10,0.7,0.8,0.5,1.0,10.0,2,0.0,0.0
39,5,1079,2160,13.98443068991767,-1.0536261873861363e-05,12.139610590506086,0.1383756392279621,-1.2751722363893223,22.68964979260056,0.2529756245795161,350,0.1,10,0.7,0.6,0.0,2.0,10.0,3,0.0,0.0
36,5,1080,2160,3.675975460219024,0.5519382634294852,1.8787928223559047,0.0468654979915022,-3.103308491941142,28.760177284670235,0.3213560179970698,700,0.02,6,0.9,0.6,0.5,1.0,0.0,2,0.0,-0.3333333333333332
48,5,1080,2160,6.6836455430752695,0.9997869461917124,0.0778751487568633,0.0014797967121194,-0.8976757238935873,20.091714029458384,0.2199192562741733,100,0.1,10,0.7,0.8,0.0,0.5,0.0,2,0.0,-0.2606060606060606
67,5,1080,2160,10.097443740301662,0.960508335123716,1.206220970259682,0.0234418841763263,-2.2258202106865634,16.850617781678835,0.1997016737821984,350,0.05,6,0.9,0.8,0.5,2.0,0.0,1,0.0,-0.6242424242424242
49,5,1080,2160,16.54481704464665,-2.4136392671181284e-06,14.37595434330128,0.1621960306382767,-1.223614041268002,15.50666446297257,0.1744131189160344,100,0.05,6,0.7,0.8,0.5,1.0,10.0,2,0.0,0.0
97,5,1080,2160,14.114083731373151,0.974040032016092,1.4901743329930364,0.0281071767354996,-0.9978237601162956,17.237509319266238,0.2021760934077111,350,0.1,6,0.9,0.8,0.5,0.5,0.0,1,0.6666666666666666,0.2727272727272727
13,5,1080,2160,11.867735339447304,0.6791365454657612,5.516686799261306,0.0806291418722253,-0.8678070413681,13.16411700195736,0.1610781080189707,100,0.02,10,0.7,0.6,0.5,0.5,0.0,2,0.3333333333333333,0.1636363636363636
99,5,1080,2160,8.228103075468983,-2.136478882630577e-05,7.496320741441514,0.1282258233054851,-2.944195542888849,28.12101074377696,0.310063564888733,100,0.3,6,0.7,0.8,0.0,2.0,10.0,1,0.0,0.0
95,5,1069,2160,12.360971145656803,0.9231470020688765,2.569901879319627,0.0365878876579517,-0.2809270723739396,18.165323897114508,0.2037859856509662,100,0.05,6,0.7,0.6,0.5,2.0,0.0,2,0.3333333333333333,0.2969696969696969
27,5,1080,2160,3.1225426775493004,0.9955876098512356,0.2071813276399755,0.0044918435874687,-3.28506220620044,27.79876433484532,0.3045962931408106,700,0.02,6,0.7,0.8,0.0,1.0,0.0,3,0.3333333333333333,0.0909090909090908
45,5,1080,2160,12.050277466108264,0.9097105266576576,2.5034180811220024,0.039217529481328,-1.9167344183510264,19.50212544592994,0.2188834700203116,100,0.1,10,0.7,0.6,0.5,1.0,0.0,1,0.6666666666666666,0.1515151515151515
64,5,1080,2160,9.079742475735127,0.8053094037470006,2.229383839974956,0.0504004139024436,-1.0220234869658062,18.854466885511883,0.2162880726574586,100,0.3,10,0.9,0.8,0.5,2.0,0.0,1,0.3333333333333333,0.1636363636363636
22,5,1080,2160,15.171693482575591,-0.000260259453267,13.92316616482205,0.1626045466283635,-1.3688121067832442,19.670956076516045,0.2155358442926777,100,0.3,6,0.7,0.8,0.0,2.0,10.0,3,0.0,0.0
47,5,1080,2160,17.955468916009973,0.1999012328867753,14.51672269185384,0.1697631859175104,-0.2614756763254673,11.213410309332389,0.1358171297139419,700,0.3,6,0.7,0.6,0.0,2.0,10.0,2,0.6666666666666666,0.6963106238227914
17,5,1080,2160,13.351910480216697,0.2073236165504587,10.49777942692792,0.139077292942734,-1.4194694333392168,15.112950432035658,0.1724519850356694,700,0.3,6,0.9,0.8,0.5,0.5,10.0,1,0.3333333333333333,0.3133397807202561
96,5,1080,2160,15.370079625447593,-0.0001075028234618,13.864583489100136,0.1666067306933258,-1.173308522260375,17.388146169097336,0.1950933049516223,350,0.3,10,0.7,0.8,0.0,0.5,10.0,1,0.0,0.0
42,5,1076,2160,15.556572950472043,0.7245824036863152,4.469321684350008,0.0907052089583359,-2.8364162828764536,23.568578490384823,0.2575371931217708,700,0.02,10,0.9,0.6,0.5,1.0,0.0,2,0.0,0.2121212121212121
86,5,1080,2160,7.477086130777994,-2.9684817994812818e-06,6.133565041577374,0.0857858573839968,-2.3627204846272902,24.441556043271667,0.2761672579542547,100,0.3,6,0.9,0.6,0.0,1.0,10.0,1,0.0,0.0
82,5,1080,2160,10.056659776071708,0.97718887095156,0.996453372841632,0.0193723351112628,-2.632936160277452,22.26572355285839,0.2458614102145923,350,0.02,10,0.9,0.8,0.5,1.0,0.0,3,0.3333333333333333,0.4255338805760452
60,5,1080,2160,10.372088613951648,0.7290861665708643,3.5984982644711385,0.0720893112235673,-1.4160699152950142,14.51455762501116,0.1719513145275776,350,0.02,6,0.7,0.8,0.5,0.5,0.0,2,0.0,-0.3818181818181818
94,5,1080,2160,3.592921426914356,-0.0001057371338366,2.978315793496592,0.0364824484319523,-5.245139775495051,28.40272191785,0.3065851514183755,350,0.3,10,0.7,0.8,0.0,2.0,10.0,2,0.0,0.0
87,5,1077,2160,14.522641919611267,0.9100568562985422,2.067062011467712,0.0450875193462497,-0.9799335602071092,18.28220744062353,0.2112775289991059,350,0.02,10,0.9,0.6,0.5,1.0,0.0,1,0.6666666666666666,0.1878787878787878
78,5,1080,2160,6.611637175635056,0.9598210218430264,0.96435338713613,0.015549329691341,-3.670933484777759,25.36997561348809,0.2767689534862623,350,0.02,6,0.7,0.6,0.5,1.0,0.0,1,0.3333333333333333,-0.0787878787878787
88,5,1080,2160,8.499597366121082,-7.860041889573566e-06,7.597085859510633,0.0924463584441323,-1.1151167277640548,19.062108476426868,0.2182384101001873,100,0.3,6,0.7,0.8,0.0,1.0,10.0,3,0.0,0.0
92,5,1080,2160,6.8096831858309885,0.9998921217381072,0.0577858059325996,0.0010241949269309,-3.2323738370344133,17.554649396951262,0.1967657009705788,700,0.05,10,0.9,0.8,0.0,1.0,0.0,2,0.0,-0.6848484848484848
80,5,1080,2160,16.740435798399286,0.8876003073267928,2.3395499515878817,0.0584422394417766,-0.8711861329751618,17.06190288677993,0.2017196259311177,100,0.3,10,0.9,0.6,0.5,0.5,0.0,2,0.3333333333333333,0.0181818181818181
85,5,1080,2160,3.993645552529229,-9.046641227250518e-07,3.3158340249238187,0.0419986098352498,-2.835954961682273,25.2371094304544,0.2847504595488834,350,0.05,6,0.9,0.8,0.5,2.0,10.0,1,0.0,0.0
81,5,1080,2160,17.058551236258616,0.3711617035191947,9.528325696874546,0.1296161212799963,-1.880530792450401,22.89799360840409,0.2494018748635236,100,0.05,6,0.7,0.6,0.5,1.0,10.0,1,0.6666666666666666,0.2247332874877473
84,5,1080,2160,5.142065788836528,0.9800342838197972,0.463062728147639,0.0090516876485741,-2.376394197356736,22.578150686200846,0.2486392772526721,100,0.3,10,0.9,0.6,0.5,1.0,0.0,2,0.0,0.3569653238400649
93,5,1080,2160,14.913042755126952,-7.78474069207391e-07,12.948161827369972,0.144081848267877,-1.4632738471589803,19.112769320452657,0.2131067446761468,100,0.3,10,0.9,0.6,0.5,0.5,10.0,3,0.0,0.0
76,5,1080,2160,8.204462145213729,0.9637433687517036,1.0222502293233993,0.0166625106676536,-1.3567775352917542,19.26827457001295,0.22471711832059,350,0.02,6,0.9,0.8,0.5,2.0,0.0,1,0.3333333333333333,-0.1151515151515151
75,5,1080,2160,9.255313999741166,-3.388846923413347e-05,7.704197232988146,0.0924752999276893,-1.8630654285545185,17.318102755723178,0.1946180093330968,700,0.1,6,0.7,0.8,0.0,2.0,10.0,1,0.0,0.0
74,5,1080,2160,7.077860656491032,-4.184178346910983e-06,5.828140959563079,0.0729533268126466,-2.602097534007214,24.76939793260009,0.2783013946873339,350,0.05,6,0.7,0.6,0.0,2.0,10.0,1,0.0,0.0
90,5,1080,2160,5.393103668071605,-1.0887915422586047e-06,4.973924751811557,0.0864129661729577,-3.6761888526331834,24.967677241254737,0.2735441754486489,700,0.1,10,0.9,0.8,0.0,0.5,10.0,2,0.0,0.0
77,5,1080,2160,15.239817499937834,0.3108314218199997,11.078690075344513,0.1391642641294472,-1.863965190545109,17.218945020039875,0.2009113474072683,100,0.1,10,0.7,0.6,0.5,1.0,10.0,1,0.0,-0.1899342940993965
91,5,1080,2160,6.22910580250952,0.8819126179204706,1.649644041414614,0.0242106096107068,-2.3766693521571045,20.549890308512584,0.2203749145558907,100,0.02,10,0.9,0.8,0.5,1.0,0.0,1,0.3333333333333333,0.2674784392192283
79,5,1080,2160,14.277354928299236,0.783692721226581,4.190257018525843,0.0708797412491555,-0.5052034821343891,16.08947046054734,0.1799219628679597,100,0.05,6,0.9,0.6,0.5,0.5,0.0,1,0.0,-0.8787878787878788
83,5,1080,2160,11.896526039852588,0.7290002352802744,3.9312836412700856,0.0734152661416026,-0.9654849947007568,17.384673911956725,0.1978548594521387,350,0.3,6,0.9,0.6,0.5,2.0,0.0,3,0.0,0.2727272727272727
89,5,1080,2160,8.749855618454792,0.999466402303741,0.115136785170972,0.0022837223603893,-5.163023438739978,22.946531948146983,0.2410469121005611,100,0.3,10,0.9,0.6,0.0,0.5,0.0,1,0.6666666666666666,0.0181818181818181
21,5,1080,2160,16.676237373352052,0.2625418735781192,11.962002851698132,0.1477653952797518,-0.2887192402998164,16.7208581521776,0.1874663993978098,350,0.02,6,0.7,0.8,0.5,0.5,10.0,3,0.3333333333333333,-0.1317729766079425
3,15,3240,2160,9.86606107417448,0.3716352649725724,7.853222675205749,0.0978248739476894,-1.76547533182501,20.400795700285173,0.2264487354065539,100,0.3,6,0.7,0.6,0.0,1.0,10.0,1,0.6666666666666666,0.5468509995535186
8,15,3240,2160,9.202092336313225,0.4174041534198097,7.315312811533609,0.1024384172279434,-1.2921563534839495,21.019672758137737,0.2286660566265876,350,0.1,10,0.9,0.8,0.0,0.5,10.0,2,0.3333333333333333,0.5393598899705937
11,15,3240,2160,12.362996901759397,0.1647420543141489,9.922858368084755,0.1184334408933886,-1.0835179164196065,19.716099385861995,0.2244962870927339,100,0.05,6,0.7,0.8,0.5,2.0,10.0,2,0.3333333333333333,0.0389249472080761
57,15,3240,2160,8.948376485801038,0.3232601804064379,7.413021441212407,0.0902154219982501,-2.8042442616363976,24.658974813531945,0.273372565102207,350,0.3,6,0.9,0.6,0.0,0.5,10.0,2,0.3333333333333333,-0.1740776559556978
12,15,3229,2160,10.914811063321276,0.2649771636652257,9.06845796221216,0.1157089137576607,-2.6989841737219304,19.515200823942816,0.2173154792501355,350,0.3,10,0.7,0.8,0.0,1.0,10.0,2,0.3333333333333333,0.2262778643423326
0,15,3240,2160,8.465550490225906,0.9032445651374266,1.7088404312562684,0.0316796292909176,-1.7305605834058753,20.812974110510613,0.2343171884582144,100,0.05,6,0.7,0.6,0.5,0.5,0.0,2,0.3333333333333333,-0.3939393939393939
51,15,3235,2160,10.586180364329158,0.999843025168654,0.087759374802947,0.0017587796525445,-1.4282413988890426,20.361110460559352,0.2335868361156176,100,0.3,10,0.9,0.6,0.0,0.5,0.0,3,0.3333333333333333,-0.1398182750464148
5,15,3240,2160,11.741032059457568,0.219788042927761,8.869716480749625,0.1085550206768085,-1.2451756136535912,19.1991082267408,0.2139615687662708,350,0.02,10,0.7,0.8,0.5,1.0,10.0,3,0.6666666666666666,0.2563752137870962
2,15,3237,2160,9.722727203574497,0.0309136810681993,8.94445116124405,0.1134489062955748,-2.361281987390969,22.10825306080006,0.2462202763421065,700,0.05,10,0.7,0.8,0.0,0.5,10.0,2,0.6666666666666666,0.2901294265928297
6,15,3240,2160,7.321368831996521,0.96852996132824,0.684985347774269,0.019314763031657,-1.5358141088830446,18.590900954642265,0.2124354919330418,350,0.1,6,0.7,0.6,0.5,2.0,0.0,2,0.3333333333333333,-0.0545454545454545
32,15,3229,2160,12.212133856162009,0.4642160632774594,8.279932669465039,0.1077231293893397,-1.869052499678732,24.099743692080175,0.2619684749119948,700,0.02,6,0.9,0.6,0.5,1.0,10.0,2,0.3333333333333333,-0.0784011151352155
9,15,3240,2160,10.457480887954617,0.8272898489270143,3.048581258845918,0.0513332459279223,-2.92712356283081,20.943024393165555,0.230419827341149,100,0.02,6,0.9,0.6,0.0,0.5,0.0,1,0.3333333333333333,-0.2727272727272727
43,15,3232,2160,10.0381910296925,0.1814702868988439,9.005062692000136,0.1178221799333792,-3.451647343063539,21.97253711382548,0.2373448758412817,700,0.3,6,0.7,0.6,0.5,0.5,10.0,2,0.3333333333333333,0.5238227218271837
50,15,3240,2160,7.175793014028926,0.9895075015905098,0.5696354568765762,0.0092042323180238,-1.646288390771113,20.11702592059418,0.2195650444383518,700,0.02,6,0.9,0.6,0.5,1.0,0.0,1,0.3333333333333333,-0.0303030303030303
14,15,3237,2160,6.947911500762119,-5.798789414845906e-05,6.2430937908150215,0.0829282049427739,-3.556899025580853,21.738726366714197,0.2335513539069877,100,0.3,10,0.7,0.8,0.0,2.0,10.0,2,0.0,0.0
58,15,3239,2160,10.779921745080504,0.1487706433218319,8.729882451522936,0.1117046602381561,-1.809544597436944,22.63414758435002,0.2572497515910253,350,0.02,10,0.7,0.8,0.5,1.0,10.0,1,0.3333333333333333,0.1740776559556978
15,15,3240,2160,4.210637291897617,0.9450165640325804,0.81448914244439,0.0164373458028318,-4.794030415851286,27.7599732913684,0.2938335701835237,100,0.1,6,0.9,0.6,0.5,1.0,0.0,2,0.6666666666666666,0.5030303030303029
54,15,3240,2160,6.661622338166465,0.8582833190329369,1.3748398803554696,0.0407564617697321,-2.149843179661464,21.61835497984426,0.2632948490954306,350,0.05,10,0.9,0.8,0.5,1.0,0.0,1,0.0,-0.3212121212121211
41,15,3240,2160,10.00500168755067,0.9999635901113156,0.0592273795754559,0.0008611610175147,-0.4887340253684737,14.393993587825031,0.1778977044403243,700,0.3,10,0.7,0.6,0.0,0.5,0.0,2,0.0,-0.1515151515151515
62,15,3236,2160,14.112421580875464,0.2180374587067233,11.109464001979758,0.1333113391645022,-2.9336326193325943,16.64616133566256,0.1833976367165022,700,0.02,10,0.7,0.8,0.0,1.0,10.0,3,0.3333333333333333,0.5153762200774729
71,15,3240,2160,10.265980137282131,0.8078746111563759,2.597141913681765,0.0622089541336865,-0.7474594597442243,15.76949178800539,0.1890263353434478,350,0.02,6,0.9,0.8,0.5,2.0,0.0,2,0.3333333333333333,-0.406060606060606
86,15,3240,2160,9.039486733305234,0.974770500911068,0.8298198632138649,0.0207338937164989,-0.2061379152821103,14.343847880937432,0.1653961088690113,700,0.1,10,0.7,0.6,0.5,1.0,0.0,2,0.3333333333333333,0.6969696969696969
20,15,3240,2160,10.090544427700223,0.9985933251783288,0.2256306827979173,0.004604170468209,-1.7885531902581326,19.412293035660145,0.2206289592260878,350,0.3,6,0.9,0.6,0.0,0.5,0.0,1,0.0,-0.2727272727272727
30,15,3240,2160,12.04748040098556,0.9585229928422254,1.0363633949260864,0.0287149839970566,-1.802618871429124,18.755009402781727,0.2155752735699591,100,0.3,10,0.9,0.8,0.5,0.5,0.0,3,0.3333333333333333,0.2242424242424242
25,15,3235,2160,9.256391008305958,0.0148786160797249,8.274515775418172,0.1027642158616164,-1.611177616187803,22.85949592696296,0.2607054131434225,100,0.02,10,0.7,0.6,0.0,2.0,10.0,1,0.3333333333333333,0.2659080117391552
88,15,3237,2160,8.261705239622525,0.8599572333302901,2.072131328209417,0.0382531961350367,-1.1265029854899185,19.70950765180367,0.2188250404905484,100,0.05,6,0.7,0.6,0.5,2.0,0.0,2,0.6666666666666666,0.4666666666666666
85,15,3229,2160,7.99589647236588,0.3519224852914375,6.459979603644236,0.0872592961297076,-2.4230111954261937,23.840376818444994,0.2689873421505234,100,0.02,10,0.7,0.6,0.0,1.0,10.0,1,0.6666666666666666,0.2619113609135918
4,15,3240,2160,8.881963520991949,-2.412639874549427e-07,8.430795997925745,0.1066988079900756,-2.49133570053631,24.4479266638226,0.2627089394219007,350,0.02,6,0.7,0.8,0.5,0.5,10.0,3,0.0,0.0
18,15,3240,2160,6.918390723923106,-4.115739635324189e-05,6.716099429542636,0.0856229556110208,-1.8948493348927544,24.173359791791,0.2692575899891682,350,0.05,10,0.7,0.6,0.0,1.0,10.0,2,0.0,0.0
10,15,3237,2160,11.009875325612697,0.9434923802397936,1.3568302244332078,0.0299339321154996,-1.6925198027335076,18.472594516131103,0.2198589032174046,350,0.3,10,0.9,0.6,0.5,2.0,0.0,1,0.6666666666666666,0.3818181818181818
87,15,3237,2160,11.80145476152046,0.0093499604820125,10.608656606123262,0.1331899440628456,-1.304949256631052,20.1768316826997,0.2279600191685718,350,0.02,6,0.7,0.8,0.5,1.0,10.0,3,0.0,0.0
31,15,3240,2160,11.324704926754809,0.9175705679214884,1.6483729386867532,0.0410592005398338,-2.3193581432971477,18.58392430111772,0.2167955645834737,350,0.3,10,0.9,0.8,0.5,1.0,0.0,1,0.3333333333333333,0.6727272727272726
29,15,3240,2160,10.133893647172062,0.931286900987996,1.353066304616052,0.0338576766417525,-1.8515842034486585,18.56921791937616,0.2117038747089857,350,0.02,6,0.7,0.6,0.0,0.5,0.0,3,0.3333333333333333,0.3939393939393939
59,15,3240,2160,10.685667349420507,0.9978425118798592,0.3448150007795082,0.0061479510436805,-2.5444869251653417,22.17579157353245,0.246197891548543,350,0.05,6,0.9,0.6,0.0,1.0,0.0,2,0.3333333333333333,-0.2606060606060606
7,15,3240,2160,13.707385083422247,0.0724454263824213,11.921341921370706,0.1371102532263376,-2.313127383085727,19.46942800998688,0.2170336482192723,100,0.02,10,0.7,0.8,0.0,1.0,10.0,2,0.0,-0.1899342940993965
63,15,3240,2160,10.866669994283606,0.1849757832426612,9.41605051841265,0.1128898968654617,-1.086782816276504,19.03228408283657,0.2130628516668143,100,0.3,10,0.7,0.8,0.0,1.0,10.0,3,0.0,-0.3133397807202561
16,15,3240,2160,11.92933903388035,0.4284279639508263,8.102240535712536,0.1048887263508179,-0.7389079823180154,17.192464748665138,0.1976808292012687,350,0.3,6,0.9,0.6,0.0,2.0,10.0,3,0.3333333333333333,0.0802606768791355
17,15,3240,2160,10.003741799460515,0.0742884626722057,8.872881698961612,0.11709697785704,-2.414484486862226,18.518446196450128,0.2048663829821745,100,0.02,10,0.7,0.8,0.5,1.0,10.0,1,0.0,0.0
55,15,3240,2160,7.957674810724264,0.9805062213336584,0.6474606966043764,0.0148943922352767,-1.4328179057513983,22.10354200759005,0.2541389095670404,100,0.05,6,0.9,0.6,0.0,1.0,0.0,2,0.6666666666666666,0.3696969696969697
46,15,3235,2160,12.821555987247809,0.1569617369236819,10.825459757632414,0.1265806865133559,-1.3754705816448398,21.6042646989116,0.2397170784595546,100,0.3,10,0.7,0.8,0.0,2.0,10.0,2,0.3333333333333333,0.1421338109037403
13,15,3240,2160,11.876011673962626,0.0913406284607696,11.06177853372362,0.1305662112206663,-1.0814816217307794,14.420126264536822,0.1700422355616885,100,0.1,6,0.7,0.6,0.0,0.5,10.0,1,0.3333333333333333,-0.0693541982147065
73,15,3240,2160,9.508648384824212,0.4627805255827726,6.7485415582303645,0.0960428973006873,-2.68753690716185,20.270502405343237,0.2338660538910602,700,0.3,10,0.7,0.6,0.0,1.0,10.0,3,0.0,-0.3829708431025352
52,15,3240,2160,10.917616973390553,0.968341095881989,0.8945598288234088,0.0267600889812812,-0.6054585159543724,14.12554325333348,0.1568939294023943,700,0.02,10,0.9,0.6,0.5,0.5,0.0,3,0.3333333333333333,0.2796365500928297
28,15,3240,2160,9.787855573348056,-5.232652589959308e-05,9.669609021787291,0.1153580282820251,-1.0553390139032244,19.225896316634284,0.2133574049760344,700,0.1,10,0.7,0.6,0.5,2.0,10.0,3,0.0,0.0
35,15,3240,2160,12.844724559571873,0.9203289841851954,1.5958303251874832,0.0464702132487495,-2.4643640566632103,16.30717455547234,0.1885574014506029,700,0.05,10,0.9,0.8,0.5,1.0,0.0,1,0.3333333333333333,0.0545454545454545
38,15,3233,2160,9.541985631892882,-5.488806118725265e-06,8.558817807712904,0.1207493236514275,-3.323020561792056,22.83384457729481,0.246386749784023,100,0.02,10,0.7,0.8,0.5,0.5,10.0,2,0.0,0.0
81,15,3239,2160,8.486959804392281,0.3758399291068978,7.029471326647219,0.0961372474529724,-2.393762392238433,24.69004815331212,0.2707099192074631,100,0.3,6,0.9,0.8,0.0,1.0,10.0,3,0.0,0.0
21,15,3240,2160,13.559373298221164,0.3095693681376577,10.285840350374762,0.1255878293303937,-0.5223661017172099,18.29039268193421,0.2037529167263578,100,0.02,6,0.7,0.6,0.0,2.0,10.0,3,0.3333333333333333,0.2160864377515188
33,15,3240,2160,8.263253834218157,-4.09950031698969e-07,7.701836674537189,0.1029767281406388,-1.9047718702342469,23.051650123596197,0.2613633263296116,700,0.02,6,0.7,0.8,0.0,2.0,10.0,1,0.0,0.0
66,15,3240,2160,8.024107027156854,0.9987835552371608,0.2008239693404463,0.0039830519568822,-1.5147197092414282,18.98478473406147,0.2136845704461049,100,0.05,10,0.9,0.8,0.0,1.0,0.0,2,0.3333333333333333,0.0181818181818181
24,15,3240,2160,11.370464888928849,0.8783798893726106,2.1832198321108742,0.0500129998543185,-0.8778706043915097,18.820279857052697,0.2162606864316568,100,0.05,10,0.9,0.6,0.5,0.5,0.0,2,0.6666666666666666,0.2484848484848484
34,15,3240,2160,12.12980482407558,0.135506780863843,10.337974828790736,0.1236224501570125,-1.421335742691225,21.581375426539672,0.2437910813474043,350,0.05,6,0.7,0.8,0.5,1.0,10.0,1,0.0,0.0
80,15,3240,2160,11.38456584494791,0.3179566123340149,9.369158828170212,0.116280056881618,-0.8578648284996231,16.90442799179642,0.2010003045831835,350,0.3,10,0.7,0.8,0.0,0.5,10.0,1,0.0,-0.2611164839335467
49,15,3240,2160,10.26854550538469,0.9540813817724756,1.1069757419773056,0.0283362526177555,-3.440456365787248,22.65925658970472,0.2464695362237948,700,0.3,6,0.9,0.6,0.5,2.0,0.0,2,0.3333333333333333,-0.1515151515151515
36,15,3240,2160,4.986211501319467,0.8773180179446765,0.891209776557549,0.0269310874684051,-3.0434591825393715,28.81567054319325,0.3190038206133702,700,0.1,10,0.7,0.6,0.5,2.0,0.0,3,0.3333333333333333,-0.5515151515151515
75,15,3240,2160,8.586283467139726,0.1496141977719175,7.6488359303533295,0.1019087505095287,-2.626428622275441,19.950182451760327,0.2190316912044915,700,0.05,6,0.7,0.6,0.5,0.5,10.0,2,0.6666666666666666,0.3553345272593507
76,15,3236,2160,9.421702487960694,0.2746207158723809,7.53370804403562,0.1007742164843716,-2.3018720254931626,24.57835319589685,0.2659848988492542,100,0.05,6,0.9,0.6,0.5,1.0,10.0,3,0.6666666666666666,0.42699324622672
26,15,3240,2160,9.632377201245154,-1.0622391855008571e-10,9.212570723309929,0.1134305139301986,-1.6525554787317254,20.97344524948685,0.2378928713493008,100,0.02,10,0.7,0.6,0.0,1.0,10.0,2,0.0,0.0
78,15,3237,2160,7.181954452288397,0.9300886189894276,1.2752652108607136,0.0300015767236786,-1.7134150448262653,17.734216229595518,0.2109471413892949,100,0.05,10,0.9,0.8,0.5,1.0,0.0,2,0.3333333333333333,0.4545454545454545
19,15,3237,2160,10.941289942627217,0.1309705763566045,9.484341112419084,0.1234168655333719,-1.8484037475569228,20.50843512146561,0.2259007401109936,100,0.3,6,0.7,0.8,0.5,2.0,10.0,3,0.6666666666666666,-0.1740776559556978
44,15,3236,2160,12.480412766646229,-2.6887247961404626e-07,10.428366617690791,0.1309853980294662,-1.5397826155707528,24.282872626339948,0.2661805080168212,100,0.02,6,0.7,0.8,0.0,2.0,10.0,2,0.0,0.0
82,15,3240,2160,10.18051201078627,-1.7668353147204383e-06,10.198981674571096,0.1272919754334999,-1.6250907178061982,18.564105186815617,0.2089939158799178,350,0.3,10,0.7,0.6,0.5,1.0,10.0,1,0.0,0.0
37,15,3229,2160,9.98685529015874,0.1976416344466414,8.033201327992874,0.0982707012994951,-1.4711925970595692,21.813410431543986,0.2487794073208798,350,0.3,6,0.7,0.8,0.5,0.5,10.0,3,0.3333333333333333,-0.0710669054518701
61,15,3237,2160,12.603584533148444,0.4056303441372181,8.81130500200688,0.1041499819091467,-1.2096833351467708,20.570447752034227,0.2316477548026634,350,0.1,6,0.9,0.6,0.0,0.5,10.0,2,0.3333333333333333,0.1740776559556978
69,15,3235,2160,5.543975061675182,-1.261540505392844e-07,5.341378346182279,0.0925361601455402,-5.393584341448812,27.04860089920185,0.2889974437251886,100,0.3,6,0.7,0.8,0.0,2.0,10.0,3,0.0,0.0
94,15,3240,2160,8.095424082856855,0.954741999525838,0.7216207616723572,0.0291357401603423,-3.3848239771531548,24.073443662696864,0.2568952756951127,100,0.1,10,0.7,0.6,0.0,2.0,0.0,3,0.6666666666666666,0.3525852153344375
53,15,3240,2160,11.525142326678758,0.8693049021897143,2.21746173477266,0.0482884169619767,-0.8701750825129475,15.315341467084709,0.1949995348571281,100,0.05,6,0.7,0.8,0.5,1.0,0.0,1,0.0,-0.3939393939393939
39,15,3239,2160,11.342763198829456,0.9672865167153128,1.1239895364502446,0.0245476814368433,-0.4357035188820295,17.672471352296846,0.2009573612956269,100,0.3,6,0.9,0.6,0.5,0.5,0.0,2,0.6666666666666666,0.6242424242424242
84,15,3240,2160,5.358396484249093,0.9996634594998924,0.0810538166917031,0.0016921439852991,-3.171718201384162,25.083432290844453,0.2763762018884549,350,0.02,10,0.7,0.8,0.0,1.0,0.0,2,0.3333333333333333,0.0787878787878787
79,15,3240,2160,9.7528721339491,0.9380401813632662,1.2328812224534844,0.0315253898782308,-1.0534735531446802,19.107057521147308,0.2101508399606829,700,0.1,10,0.7,0.6,0.5,0.5,0.0,1,0.0,-0.6
83,15,3240,2160,7.94104449155522,0.8019588474754629,1.918130699221982,0.0493167027426856,-2.0633731086807496,22.331760686050963,0.2470084456714925,700,0.02,6,0.9,0.6,0.5,0.5,0.0,2,0.3333333333333333,0.4666666666666666
77,15,3240,2160,11.330295266987363,0.2557148389315317,9.03859933382199,0.1157266901533109,-2.6093046331425525,20.400433271196157,0.2255445659994856,350,0.1,6,0.7,0.6,0.0,1.0,10.0,3,0.3333333333333333,0.3418817293789138
92,15,3240,2160,11.75889200185552,0.7962278582376265,4.194162711773389,0.0676646943228173,-1.4593700912933605,12.840573394254402,0.1499924262082769,100,0.02,6,0.7,0.6,0.5,1.0,0.0,3,0.3333333333333333,-0.3454545454545454
1,15,3236,2160,10.822806357687286,0.3875545952116175,8.908462104160794,0.1092482432360193,-1.047347588653281,18.849508536038577,0.2153607450084291,700,0.1,6,0.9,0.6,0.0,2.0,10.0,2,0.3333333333333333,0.191390844865631
90,15,3240,2160,9.554289524643512,0.147469455776634,9.00410699714849,0.116215603294051,-2.6020457081217456,21.79604445245531,0.2400800431272002,100,0.3,10,0.9,0.6,0.5,0.5,10.0,2,0.0,0.0
40,15,3240,2160,10.414331724278536,0.9178411358986688,1.3724514542668722,0.0371914126731354,-1.3630304723409927,17.915331548179683,0.2031010533157595,700,0.1,10,0.9,0.6,0.5,2.0,0.0,1,0.3333333333333333,0.4545454545454545
67,15,3240,2160,9.49521337473098,0.9677291201991252,0.8566796556988159,0.0208096313755166,-1.53444109007261,15.782543234060071,0.1770120069571701,700,0.02,6,0.9,0.6,0.0,1.0,0.0,2,0.3333333333333333,0.1878787878787878
65,15,3240,2160,10.248476811750436,0.056840056471945,9.602132896847197,0.1150818886485318,-1.1618197775466914,19.89888708944674,0.2245537990102691,350,0.1,10,0.7,0.8,0.5,2.0,10.0,3,0.3333333333333333,0.0712832435640251
93,15,3240,2160,9.79045413237267,0.9253967952568304,1.6617425603440956,0.0328086409798544,-1.6648234511215083,20.21331931805169,0.221653742174928,350,0.02,10,0.7,0.6,0.5,1.0,0.0,2,0.3333333333333333,0.1515151515151515
74,15,3240,2160,10.699193987434294,0.2971309141142185,8.464000424514582,0.1087305686316722,-1.1831091735824717,19.01807884622503,0.2166583223979102,100,0.1,6,0.7,0.6,0.0,1.0,10.0,3,0.3333333333333333,-0.0691999061476909
64,15,3240,2160,14.173027296890448,0.1692007934169103,12.150517238216636,0.1394730730002759,-0.6799456610975656,17.399465656457124,0.197145600559433,100,0.1,6,0.7,0.8,0.5,2.0,10.0,2,0.3333333333333333,0.2345088235604828
98,15,3240,2160,16.023287767304314,0.4663062894036394,10.02004524136767,0.1237436351358141,-1.0220063461720603,15.921925566637956,0.182999066259674,100,0.3,6,0.9,0.6,0.0,1.0,10.0,2,0.3333333333333333,-0.2368626101855168
70,15,3240,2160,8.127731566003401,0.9948362863634124,0.3582210840886968,0.0079482668472817,-2.7328710164484047,19.955805714900123,0.2147835025972597,350,0.05,6,0.9,0.8,0.0,1.0,0.0,3,0.6666666666666666,0.7112494861056755
68,15,3240,2160,11.060469381838669,0.2128847736316286,9.3097393980144,0.1110740167040836,-2.1434581028052304,20.16770057519277,0.2226593722844018,100,0.3,10,0.7,0.6,0.0,1.0,10.0,3,0.3333333333333333,0.1740776559556978
97,15,3240,2160,11.104834987197393,0.9612384534981202,1.3156172485100168,0.027617350564259,-0.4994192493188567,15.39853085796038,0.1751510537869129,100,0.1,10,0.7,0.6,0.5,1.0,0.0,2,0.6666666666666666,0.6121212121212121
56,15,3237,2160,12.410102366646507,0.1587828218241985,10.755542602338725,0.1319573069756612,-1.9028269259201496,17.318299984225522,0.1962375845034488,700,0.02,6,0.7,0.8,0.0,2.0,10.0,3,0.3333333333333333,-0.0671100076561338
47,15,3240,2160,16.440472118471877,0.4395983209752808,10.62854428515022,0.1311208329703248,-1.530645959412734,16.88960260567842,0.1923671023306021,350,0.1,6,0.9,0.6,0.0,1.0,10.0,3,0.3333333333333333,-0.5731813873199579
27,15,3240,2160,8.347551641477226,0.9735238632530544,0.7790762438690151,0.0167204899864517,-1.4770864470893543,22.025621663905955,0.231588308067784,700,0.02,6,0.7,0.6,0.5,2.0,0.0,2,0.6666666666666666,0.5636363636363636
72,15,3240,2160,11.431626862905643,0.8099922923523631,3.319030121020329,0.0605774496547976,-1.3837401993927454,18.66158303388843,0.2022511774040009,100,0.02,6,0.7,0.6,0.0,2.0,0.0,2,0.0,0.1393939393939393
48,15,3240,2160,11.68015030266326,0.3821071498756377,8.467417372126638,0.1018584152207486,-1.3492035468777457,22.019394767284396,0.2446879492595493,350,0.3,10,0.9,0.6,0.0,1.0,10.0,2,0.6666666666666666,0.3975494585571213
23,15,3240,2160,14.217803729021991,0.1232489634797202,12.109493517699066,0.1465344976044291,-1.421864244596163,19.70218155384064,0.2202517831675357,100,0.1,6,0.7,0.8,0.5,2.0,10.0,3,0.3333333333333333,0.5689069837972599
96,15,3240,2160,11.238061267476024,0.4101752237698016,8.521543440642178,0.1095185510859269,-1.4178233124089403,18.793758914029155,0.2057756369836988,700,0.1,10,0.9,0.6,0.0,0.5,10.0,2,0.6666666666666666,0.5540844058283388
45,15,3240,2160,9.707408485600244,0.9985647596745982,0.1672549107405525,0.0046067304234927,-1.7391215222615486,18.96009354615653,0.2121144093578335,350,0.05,10,0.7,0.8,0.0,1.0,0.0,2,0.3333333333333333,-0.1999999999999999
89,15,3240,2160,8.981588416739745,0.8947042917714332,1.6979986598462626,0.0449398690941158,-2.968079167712252,17.38478639923864,0.1934170819146373,100,0.3,10,0.9,0.8,0.5,2.0,0.0,3,0.0,-0.1636363636363636
42,15,3236,2160,9.35655725951484,0.9161421506366864,1.606306478054827,0.0436984733157026,-1.2352103344133578,16.963900651468172,0.1965786252723346,700,0.3,10,0.9,0.8,0.5,2.0,0.0,3,0.3333333333333333,0.4545454545454545
95,15,3228,2160,8.634421986599838,0.9596791538991228,1.0736949822344874,0.0227450278920441,-1.0659454443778065,23.163467534275583,0.2588043289926546,700,0.05,10,0.7,0.8,0.5,1.0,0.0,1,0.6666666666666666,0.6363636363636362
60,15,3240,2160,11.932487239955384,0.0773751908385476,10.194313855701022,0.129276106450205,-2.631668984333905,19.06615446302626,0.2108161510417303,100,0.05,6,0.7,0.8,0.5,1.0,10.0,1,0.0,0.0
99,15,3239,2160,7.167132839068785,0.7430313945994309,2.7323711448933614,0.0537135321674944,-2.8300732844102257,27.766477608548268,0.3055449138971911,100,0.02,10,0.9,0.6,0.0,2.0,0.0,2,0.3333333333333333,-0.1151515151515151
22,15,3228,2160,13.18687419801338,0.8670196637059772,2.881254024378867,0.0593824640884434,-2.236902087350011,21.854837731617177,0.2519526783206756,700,0.3,10,0.7,0.6,0.5,1.0,0.0,2,0.0,0.1878787878787878
91,15,3240,2160,7.8450134836523615,0.5553466505071578,4.182754236180106,0.0798969616156831,-2.837404195408439,21.878713349821396,0.2349290172272167,100,0.02,10,0.7,0.8,0.5,0.5,0.0,2,0.3333333333333333,-0.1272727272727272
0,50,10795,2160,8.662179130481805,0.9113546974199284,1.2942429192058895,0.0369697617642841,-1.409662513170316,20.09856756576785,0.2201184013513863,700,0.02,10,0.9,0.8,0.5,1.0,0.0,1,0.3333333333333333,-0.0787878787878787
57,50,10795,2160,9.172385573159485,0.3159729400346206,7.774417292483156,0.1023576954555136,-2.180820075164714,22.57015399729764,0.2499713770123298,100,0.1,6,0.7,0.8,0.5,1.0,10.0,3,0.3333333333333333,0.0245417247655939
3,50,10790,2160,8.916144848940894,0.9764324419210002,0.6354197980851823,0.0195563848409441,-1.149014852694347,17.172157574936193,0.1996203045445262,100,0.05,10,0.9,0.8,0.0,0.5,0.0,3,0.3333333333333333,0.2606060606060606
8,50,10799,2160,7.670529504798989,0.8471027543674803,1.8082613899539652,0.0477661892186941,-1.1663815393293002,19.5305344532375,0.2223038868720802,100,0.05,10,0.9,0.8,0.5,2.0,0.0,2,0.0,-0.2484848484848484
43,50,10787,2160,8.325750308661545,0.9510263885877972,1.0229202037710707,0.0263984179039764,-1.8536987039940132,16.806285027683266,0.1900306013705503,100,0.3,10,0.7,0.6,0.5,2.0,0.0,1,0.6666666666666666,0.3282689935872349
15,50,10800,2160,7.642370413793373,0.8751268359511095,1.3993359036937427,0.040300542322799,-3.5711126161931848,24.80353598875649,0.2609888700365412,350,0.05,10,0.7,0.6,0.5,0.5,0.0,1,0.6666666666666666,0.4787878787878787
62,50,10792,2160,7.965803773534683,0.92684568517975,1.3038808158540147,0.031708198421658,-3.583183282443226,17.16518136975959,0.1979613693308029,100,0.3,6,0.7,0.8,0.5,2.0,0.0,2,0.3333333333333333,0.2727272727272727
88,50,10797,2160,7.249082256178733,0.8909737746476666,1.9897588558831976,0.0410809958633978,-0.9217632687216316,18.564717423209437,0.2080242492186438,100,0.05,6,0.7,0.8,0.5,1.0,0.0,1,0.3333333333333333,0.1878787878787878
25,50,10784,2160,7.878799859495999,0.9448971917340272,1.065241397533873,0.0269995152677267,-0.7704841850240844,19.664752163931176,0.2146732184850047,700,0.05,6,0.7,0.6,0.5,0.5,0.0,3,0.3333333333333333,0.6121212121212121
32,50,10789,2160,8.428413384186928,0.96758469484561,0.7955103913179926,0.0236707595301892,-1.1291581549705954,21.16595574297287,0.2256751528449119,700,0.3,10,0.9,0.6,0.5,0.5,0.0,2,1.0,0.4924034903808523
11,50,10782,2160,10.4564145682635,0.9857847682911351,0.6481462731213661,0.0152926176647465,-1.0122783263058932,19.448062046623072,0.220624921278653,350,0.3,6,0.9,0.6,0.0,0.5,0.0,3,0.3333333333333333,0.406060606060606
10,50,10797,2160,7.215535392765956,0.9713114633501326,0.7977155001876016,0.0201672363435333,-2.131190659472633,20.101349533421235,0.2370933431365353,350,0.3,10,0.9,0.6,0.5,2.0,0.0,1,0.6666666666666666,0.2242424242424242
18,50,10789,2160,7.1325783073170514,0.1247593936505528,6.748270164772251,0.0870051271840802,-1.9577696928844728,24.54254152412768,0.2721680544860679,100,0.3,6,0.7,0.8,0.0,1.0,10.0,1,0.6666666666666666,0.1740776559556978
71,50,10796,2160,9.175185515933723,0.883943541597628,1.977362733489634,0.0445831746875493,-0.8808210091953592,17.34078530454077,0.1961067280966706,100,0.1,6,0.9,0.6,0.0,0.5,0.0,1,0.6666666666666666,0.3333333333333332
30,50,10796,2160,8.675515374201272,0.9194945929938804,1.4535199740902478,0.0352313190123957,-1.8823813291763083,18.64155949205436,0.2186213857952283,700,0.02,6,0.7,0.8,0.5,2.0,0.0,3,0.0,-0.006060606060606
28,50,10800,2160,7.812853208045041,0.9857298971097156,0.6746967853276464,0.0129703653916381,-0.9866137287254504,19.06121554354827,0.2097600141680194,350,0.1,6,0.7,0.6,0.0,2.0,0.0,3,0.3333333333333333,-0.1999999999999999
13,50,10799,2160,7.78162221274337,0.9549807096078108,0.8026324369111777,0.0225770482346853,-1.7005412764040688,16.734989145885187,0.1936849721657671,700,0.3,10,0.7,0.8,0.5,1.0,0.0,3,0.6666666666666666,0.2484848484848484
21,50,10800,2160,7.908369657484964,0.9610518072168188,1.1657406472389078,0.0271354654330002,-0.2334155958016415,15.488837245746891,0.1833998599268373,700,0.05,6,0.7,0.8,0.5,0.5,0.0,1,0.3333333333333333,0.3454545454545454
2,50,10797,2160,7.349183119814761,0.091176236562196,6.8250626218576205,0.0912779534763176,-2.7220284343192382,23.242611571947734,0.2590962835770407,350,0.05,10,0.7,0.8,0.5,1.0,10.0,3,0.6666666666666666,0.2421996715169182
50,50,10796,2160,8.369160199412093,0.9381980704851268,1.135255568601197,0.0290602291301058,-1.2078903246356556,18.26727127098263,0.200554939329317,350,0.3,6,0.7,0.6,0.5,0.5,0.0,1,0.3333333333333333,-0.0666666666666666
24,50,10797,2160,8.234337426341371,0.8564377665762484,2.0291954058199515,0.0456868166647791,-0.3811569514640258,15.9942148269437,0.1854668355681041,350,0.02,6,0.7,0.8,0.5,1.0,0.0,3,0.3333333333333333,-0.1878787878787878
87,50,10796,2160,8.275739227841038,0.896058473067885,1.9095187388148989,0.0420278842816215,-1.6464403080162735,21.651926205412103,0.2442637677258801,100,0.05,6,0.9,0.8,0.5,2.0,0.0,2,0.3333333333333333,0.006060606060606
31,50,10792,2160,10.3693587726175,0.2046080207124355,9.146230538957113,0.1136185309594004,-2.5721854085471008,20.460616346112005,0.224900454017913,100,0.1,6,0.9,0.6,0.5,2.0,10.0,3,0.3333333333333333,0.1907918110179657
51,50,10794,2160,10.742286403437491,0.4366358313686496,8.232911093967898,0.1010246443992639,-0.7585246303080775,17.545248070469608,0.1987818199620966,700,0.02,6,0.9,0.8,0.5,0.5,10.0,2,0.3333333333333333,0.395138603392042
86,50,10792,2160,9.715570545678872,0.2608582065346058,8.286055726029414,0.1042213986845357,-1.63940466138189,21.448486426318134,0.2446694765408945,350,0.1,6,0.7,0.6,0.0,1.0,10.0,1,0.3333333333333333,0.272474630456533
54,50,10796,2160,8.66566344229097,0.9904386507870864,0.4679996576057506,0.0128551352782084,-1.3380953746425597,20.87645466369232,0.226844893978082,100,0.1,10,0.7,0.8,0.0,0.5,0.0,1,0.3333333333333333,0.1999999999999999
29,50,10800,2160,8.700882235138504,0.8776553812862342,1.9909191336532392,0.0392117930312836,-1.7822769715011535,19.346166413989334,0.2091153375233939,100,0.05,6,0.7,0.6,0.5,0.5,0.0,1,0.3333333333333333,0.6848484848484848
41,50,10799,2160,10.284061875953816,0.947325843594456,1.336893328518319,0.0308677663740976,-0.4489948988876375,14.393458735700008,0.1755073121455935,350,0.3,6,0.9,0.8,0.5,2.0,0.0,1,0.3333333333333333,-0.2969696969696969
78,50,10797,2160,7.86001816930289,0.8859248752471417,1.6650413996663769,0.0419710395943941,-0.9706902407077624,16.052930287365562,0.1797731023414446,100,0.1,6,0.7,0.6,0.5,0.5,0.0,3,0.3333333333333333,0.3454545454545454
35,50,10792,2160,9.87186190718402,0.9233768015204744,1.3645272727958973,0.0400711316631925,-2.239517641027368,15.434891624762503,0.1823358210737768,700,0.02,10,0.7,0.8,0.5,2.0,0.0,1,0.0,-0.2484848484848484
36,50,10800,2160,8.229744683371651,0.2086509740976155,7.180164246347215,0.0987423339797926,-2.401846508650173,26.506096878669883,0.2926016090129845,350,0.3,10,0.7,0.8,0.0,2.0,10.0,1,0.0,-0.1740776559556978
47,50,10788,2160,10.182846493916133,0.3096537811751724,7.973597735584247,0.1075674818623571,-2.502470838658787,20.465080829726325,0.2263092845532821,350,0.1,6,0.7,0.6,0.0,1.0,10.0,1,0.0,-0.2324256837488983
34,50,10799,2160,8.443901309988151,0.826691607589521,2.4312553973200863,0.0491754241262418,-1.3225943908138258,21.581932753368665,0.2387684794219965,100,0.05,6,0.9,0.8,0.5,1.0,0.0,3,0.3333333333333333,0.1762926076672187
9,50,10795,2160,10.045091897709684,0.9093542358477602,1.8336403440354596,0.0420174920029986,-1.6027208004214812,17.14660206201659,0.1875842431017637,700,0.02,6,0.9,0.6,0.5,2.0,0.0,1,0.0,0.2727272727272727
38,50,10789,2160,9.603703532434878,0.0850445311413338,9.110246461897807,0.1197113709959805,-2.619016011329822,20.853060949643453,0.2254337577023973,350,0.02,6,0.7,0.6,0.0,2.0,10.0,3,0.6666666666666666,0.3523755303825974
14,50,10793,2160,9.04819986119916,0.8382255256373807,2.0753197581812164,0.0478933902325014,-2.340001564082532,18.26886553070059,0.199949821920521,100,0.1,6,0.7,0.8,0.5,1.0,0.0,1,0.3333333333333333,-0.0909090909090908
58,50,10799,2160,8.428225834710794,0.9646416292263216,0.9873029207156324,0.0210768139923171,-0.7599255771989986,18.333971618060712,0.2036029894848702,700,0.02,6,0.7,0.6,0.0,1.0,0.0,1,0.6666666666666666,0.6121212121212121
17,50,10785,2160,9.06970588746677,0.9047040696689866,1.491680042024342,0.0400329121418353,-1.711763405066685,16.425891357004232,0.1825719380369175,700,0.05,6,0.9,0.6,0.5,2.0,0.0,2,0.3333333333333333,0.3454545454545454
76,50,10796,2160,9.127188841048769,0.8715053230766759,1.8966315681179395,0.0488524027029236,-1.164118876462484,20.15845461178709,0.2153363853483747,100,0.1,10,0.7,0.6,0.5,2.0,0.0,3,0.0,0.1757575757575757
85,50,10789,2160,7.700074291946215,0.9065146689962008,1.5881903874012684,0.0371259536255421,-1.3700591795357595,20.899049897984263,0.2238243227577573,350,0.02,6,0.9,0.8,0.5,2.0,0.0,2,0.6666666666666666,0.4255338805760452
80,50,10799,2160,9.038735965982497,0.4539349149062459,7.605041216576427,0.0969402824404625,-1.0162322901489853,18.32133237750442,0.2093919309382514,350,0.3,10,0.7,0.8,0.0,0.5,10.0,1,0.3333333333333333,0.1421338109037403
73,50,10800,2160,8.546208001686399,0.8873711018052131,1.3319587479947563,0.0411154334597563,-2.044801857983402,19.32746240546306,0.2125095823825703,700,0.02,10,0.9,0.6,0.5,1.0,0.0,1,0.3333333333333333,-0.1636363636363636
65,50,10795,2160,8.617468064659459,0.9953936704101684,0.3352788244392433,0.0077956008390072,-1.0290352209493925,19.179845224729288,0.2175481812853619,700,0.02,10,0.7,0.6,0.0,2.0,0.0,1,0.6666666666666666,0.2006088294144213
19,50,10791,2160,7.634123122665855,0.9296654495332992,0.9322470703490656,0.0312135080910174,-1.3159341841883785,18.857667924242996,0.2036948205509414,700,0.05,10,0.7,0.6,0.5,1.0,0.0,3,1.0,0.5272727272727272
16,50,10799,2160,9.382935025547887,0.9413161381937172,1.3218958985305105,0.0321022122972671,-0.4695434964661538,16.191163138195318,0.1817261710427233,100,0.1,6,0.9,0.6,0.0,1.0,0.0,2,0.3333333333333333,0.006060606060606
12,50,10786,2160,9.652826258586266,0.9103685373839526,1.3629170123886252,0.039812305295118,-2.591223730211747,19.525148952272204,0.2141266174131894,700,0.05,10,0.9,0.8,0.5,1.0,0.0,1,0.3333333333333333,-0.1151515151515151
75,50,10800,2160,9.741555894486574,0.9235830982022084,1.3892652631946578,0.035556206858901,-0.7682890834172176,13.515133600717894,0.1529480775145112,700,0.3,6,0.7,0.6,0.5,0.5,0.0,2,0.3333333333333333,0.2606060606060606
44,50,10796,2160,8.715724625779307,0.794753174525309,3.2913942351567385,0.0559457918699452,-0.7471242642605669,20.85214510343693,0.2207699067196004,100,0.02,6,0.9,0.8,0.0,2.0,0.0,2,0.6666666666666666,0.6606060606060605
82,50,10794,2160,8.876593870547996,0.90141007135377,1.6408394985418415,0.042817821325684,-0.8289550165076518,14.644850295495104,0.1744467959485225,350,0.02,10,0.9,0.8,0.5,1.0,0.0,3,0.6666666666666666,0.4498501023232478
39,50,10799,2160,10.086286833348272,0.9183700350829256,1.603040061924502,0.0372528946403329,-1.0209171998001405,22.018683952012605,0.2384217092805263,700,0.02,6,0.9,0.6,0.5,0.5,0.0,1,0.3333333333333333,0.309090909090909
66,50,10800,2160,8.484967521403158,0.9104217052234628,1.3460972417209065,0.0378597573980701,-0.974369062057759,17.354199254888076,0.1893400728489024,350,0.05,10,0.7,0.6,0.5,2.0,0.0,2,0.3333333333333333,-0.0303030303030303
6,50,10800,2160,7.316775766593454,0.8200947791585826,2.118749925847503,0.0480796827131471,-1.947692846743927,20.325085812475947,0.2290390235780375,350,0.02,6,0.7,0.6,0.5,1.0,0.0,2,0.0,-0.1272727272727272
23,50,10795,2160,9.002483307420125,0.8489236619850932,2.4025507375681885,0.0506445894581024,-0.8656378587927303,17.69245097531213,0.1933117304574957,100,0.05,6,0.9,0.6,0.0,0.5,0.0,1,0.6666666666666666,0.709090909090909
63,50,10797,2160,9.639490191393945,0.9502581650591267,1.1524440681175765,0.0297784093727377,-0.8451762909051568,18.34471791991481,0.2003493982099317,700,0.02,10,0.9,0.6,0.5,1.0,0.0,3,0.6666666666666666,0.2727272727272727
94,50,10797,2160,9.061815817454312,0.3823950076214021,7.819607883070733,0.1017478363659217,-2.4320814005262177,20.390512074276256,0.2272787465474849,350,0.3,6,0.9,0.6,0.0,1.0,10.0,2,0.6666666666666666,0.0433488473296644
49,50,10792,2160,10.156248320269246,0.3264585236773882,8.406659546775055,0.11280025926615,-2.2843630978803207,19.485646547034936,0.2119703058315454,350,0.3,10,0.7,0.8,0.5,0.5,10.0,1,0.6666666666666666,0.4972094837658292
4,50,10791,2160,8.241002402180616,0.846357648429569,1.9322751821273447,0.0469400595185227,-2.305531837822356,23.766330621772344,0.2556228771663826,350,0.02,10,0.9,0.6,0.5,0.5,0.0,2,0.0,-0.6242424242424242
46,50,10792,2160,7.975189563852592,0.97444215050293,0.8289904220080299,0.0184667959087416,-0.5741259277855457,17.030581951273813,0.1951389141763736,100,0.3,10,0.9,0.6,0.5,1.0,0.0,3,0.3333333333333333,0.1151515151515151
27,50,10797,2160,8.739295120239007,0.983525367307972,0.6458902901060637,0.0147334391086789,-1.1290346893002323,18.85177847892874,0.214702656086403,350,0.3,10,0.7,0.6,0.5,1.0,0.0,3,0.0,-0.1272727272727272
22,50,10782,2160,8.772410270344796,0.8807866036240831,1.700233608816771,0.0424497911278921,-2.40178779838608,23.2091737075426,0.2582901280431269,350,0.05,6,0.7,0.8,0.0,2.0,0.0,1,0.0,-0.1636363636363636
52,50,10799,2160,9.62989151692466,0.9546693567156423,0.8948367274450456,0.0286233951961468,-1.6742967500687205,18.53623294238691,0.2024936432455628,350,0.02,10,0.9,0.8,0.0,0.5,0.0,2,0.6666666666666666,0.4133757697024439
33,50,10797,2160,9.41918029775515,0.9178494348117562,1.767071913238481,0.0369101765152733,-0.7153194094951985,17.85204371660948,0.200845050867888,100,0.1,6,0.9,0.6,0.0,0.5,0.0,2,0.3333333333333333,0.5288778230016562
20,50,10789,2160,9.965099823592505,0.95130298890414,1.3357615949995003,0.0280000327288768,-0.5584052210055463,14.387406919786224,0.1649351603891202,100,0.3,6,0.7,0.6,0.0,1.0,0.0,3,0.6666666666666666,0.2606060606060606
53,50,10792,2160,9.73663860968222,0.9452675985143896,1.0632122605535903,0.0288775295940533,-1.2722566495585537,18.404357992055377,0.2149419248539666,700,0.3,10,0.7,0.8,0.5,1.0,0.0,3,0.0,-0.4303030303030302
77,50,10800,2160,10.116604006502364,0.2429723813178022,8.731993029400156,0.1080864530530391,-2.53561457180507,20.286757080643262,0.2232302554630696,700,0.3,6,0.9,0.8,0.0,2.0,10.0,1,0.3333333333333333,0.5004914301801027
59,50,10788,2160,8.647028552584974,0.9101709398474692,1.3829842519731332,0.0376774567282391,-1.662450044820143,19.806489160140003,0.2133773778699139,700,0.02,6,0.9,0.8,0.5,0.5,0.0,1,1.0,0.7575757575757575
72,50,10800,2160,8.703302823059719,0.9347187629718592,1.0568632413299088,0.0313716997578047,-1.0731521297339557,17.15532931332235,0.1886154153822427,700,0.02,10,0.7,0.8,0.5,0.5,0.0,3,0.3333333333333333,-0.0545454545454545
79,50,10800,2160,10.17013817749001,0.9053046249851852,1.6822238760978936,0.0386163318448814,-0.8222520055394995,17.980986832777656,0.1979660837094715,700,0.02,6,0.7,0.6,0.5,0.5,0.0,1,0.3333333333333333,-0.0787878787878787
83,50,10796,2160,8.216218436174099,0.9207467337247888,1.3032586549591116,0.034132579424819,-2.1014488781307907,22.4778997064334,0.2485387836146373,350,0.02,10,0.9,0.8,0.5,0.5,0.0,2,0.3333333333333333,0.2242424242424242
84,50,10795,2160,8.50890545305747,0.9352954427863636,1.2589191301507043,0.0305006054098296,-1.5319500497575231,19.80413466047357,0.2153132364018551,350,0.02,10,0.9,0.6,0.5,1.0,0.0,1,0.6666666666666666,0.7575757575757575
7,50,10795,2160,8.822570816204337,0.9973443871568612,0.213522733094716,0.0064907981615922,-1.5911903220034675,16.397655895371336,0.191936539388639,700,0.02,10,0.9,0.8,0.0,0.5,0.0,1,0.0,0.1878787878787878
40,50,10800,2160,9.053984909908973,0.9582683015243856,0.8412701541390576,0.024550248760276,-1.2172504477766126,17.38948031541374,0.1967364770919896,350,0.02,10,0.9,0.6,0.0,1.0,0.0,2,0.6666666666666666,0.3333333333333332
64,50,10799,2160,10.569430804097513,0.9167735298639674,1.6312905286473018,0.0401285097011124,-0.6921451719619713,17.765055747297076,0.1978601264522229,350,0.05,10,0.7,0.8,0.5,1.0,0.0,3,0.3333333333333333,0.309090909090909
70,50,10797,2160,9.05693797252901,0.9696413774904388,0.9091736971625513,0.0197707431277648,-1.782862380487929,17.77572311229176,0.1854493405943092,100,0.1,10,0.7,0.8,0.5,2.0,0.0,2,0.6666666666666666,0.5592731001856595
56,50,10797,2160,9.122929367771418,0.9116800386660412,1.5374674630582,0.0400236359424626,-1.3656205854633123,16.11790989553487,0.1771512264709792,350,0.02,10,0.7,0.8,0.5,2.0,0.0,1,0.6666666666666666,0.7212121212121211
1,50,10793,2160,9.895525040483149,0.2815234223546849,8.261083468279294,0.1096847011696424,-1.1207739847297369,19.88004751028838,0.2191885925231229,100,0.05,10,0.7,0.6,0.0,1.0,10.0,2,0.6666666666666666,0.5393939393939393
26,50,10784,2160,9.44557842226974,0.9976487795023468,0.3265826142908015,0.0060911218389954,-0.2823239995529134,13.761024347747918,0.1654047874180121,700,0.3,6,0.7,0.8,0.0,2.0,0.0,1,0.3333333333333333,-0.0545454545454545
67,50,10796,2160,10.34631968403682,0.8973433337691367,1.7395060873804802,0.0462904191132362,-1.5177395048527749,15.59021149708165,0.1764278016718763,350,0.05,6,0.9,0.8,0.5,2.0,0.0,1,0.6666666666666666,0.4181818181818181
92,50,10796,2160,9.135489286798402,0.9155273180163924,2.3424424762955947,0.0379028554096426,-1.5540622243937614,13.63929102725453,0.1528527031145271,100,0.02,10,0.9,0.8,0.0,0.5,0.0,2,0.3333333333333333,0.0424242424242424
89,50,10789,2160,9.180922679947702,0.2875243572513134,8.073993931546779,0.107692867807449,-3.628581114798952,19.548960352473788,0.2088952679820027,350,0.3,6,0.7,0.6,0.0,2.0,10.0,3,0.6666666666666666,0.8090398349558906
81,50,10799,2160,8.852653247039672,0.9326416929374188,1.1452072288992352,0.0313184076633944,-1.8005502906315374,22.469887770866904,0.2459150683680783,700,0.1,10,0.7,0.6,0.5,2.0,0.0,1,0.0,0.0909090909090908
98,50,10796,2160,10.349515469186688,0.9066069137934768,1.6974802912068812,0.0415492662717721,-1.6883413277496633,18.860056831135797,0.2110084371499314,350,0.02,10,0.7,0.8,0.5,2.0,0.0,1,0.0,-0.4666666666666666
74,50,10800,2160,10.698171719382156,0.9018898632034058,1.7116522825280969,0.0433002511575686,-0.6734229734205632,17.47762425310082,0.1896882859420872,700,0.05,6,0.7,0.6,0.5,2.0,0.0,2,0.0,0.2363636363636363
48,50,10792,2160,9.695001897301504,0.9297892081720444,2.246330839567842,0.0328179932570622,-0.6303082342704869,17.640624641091733,0.203838924027289,100,0.02,10,0.7,0.8,0.0,0.5,0.0,2,0.0,-0.7818181818181817
91,50,10794,2160,7.104974503424046,0.8140062206761695,1.8660741761160116,0.0472432081451243,-1.9003900621542127,19.29828300496494,0.2042424884104704,700,0.02,6,0.7,0.6,0.5,0.5,0.0,2,1.0,0.7939393939393938
68,50,10799,2160,10.345534824754242,0.958918474815516,0.8762222450699447,0.0269145195092414,-0.8953386495896953,15.77997036623734,0.1728942506350131,700,0.02,10,0.7,0.6,0.0,2.0,0.0,3,0.3333333333333333,0.4909090909090908
90,50,10792,2160,10.31038657153211,0.8957306307533537,2.0740186897486117,0.045078177338974,-0.7122394045929148,14.412110183501134,0.1655250372982792,350,0.02,6,0.7,0.6,0.0,0.5,0.0,3,0.3333333333333333,-0.1636363636363636
61,50,10790,2160,10.33282458525964,0.2378993980716351,8.628836640975782,0.1065019273923357,-1.463483265620571,21.782252945370143,0.2445895417125733,350,0.1,6,0.9,0.8,0.0,0.5,10.0,3,0.3333333333333333,-0.0738548945875996
55,50,10800,2160,5.759936142157233,0.9474494879835988,0.9363059797763365,0.0258634869274227,-0.8622082324933937,19.36758388110333,0.2223465941882683,350,0.1,6,0.7,0.6,0.5,0.5,0.0,1,0.3333333333333333,0.0181818181818181
93,50,10794,2160,10.143273307472256,0.8824852072442573,1.795986973980339,0.0431504580340232,-1.0520646393413051,17.42527519420341,0.1945075060729243,350,0.02,10,0.7,0.6,0.5,1.0,0.0,2,0.0,-0.0909090909090908
42,50,10793,2160,8.857354444808532,0.9412029665416516,1.292296704864066,0.0312459165203564,-2.0623757844320028,19.528926198489152,0.2300945521672619,700,0.02,6,0.7,0.8,0.0,1.0,0.0,1,0.3333333333333333,-0.006060606060606
97,50,10800,2160,9.80246286398914,0.999477562781497,0.1472243917503048,0.0032541657257536,-0.467342627281041,13.81340041341605,0.1732674487454761,700,0.1,10,0.9,0.8,0.0,0.5,0.0,3,0.6666666666666666,0.0424242424242424
5,50,10800,2160,9.81328957967462,0.9064599333930988,1.824114644116052,0.0425369057212818,-0.5948064349982531,16.394760826517036,0.1803285974859085,100,0.1,6,0.9,0.6,0.5,0.5,0.0,2,1.0,0.8303030303030302
45,50,10800,2160,9.135989746015174,0.8006775274641975,2.886823324534673,0.0593905080094879,-2.856779181884778,21.652209783008807,0.251696344982188,100,0.05,6,0.9,0.8,0.0,0.5,0.0,1,0.0,-0.8181818181818182
69,50,10795,2160,9.042456946007883,0.9229728601738784,1.2060467686069318,0.0324728334842604,-1.8883057765460416,18.07153588084159,0.1942421097221397,700,0.3,10,0.9,0.6,0.5,1.0,0.0,1,0.3333333333333333,0.309090909090909
99,50,10799,2160,9.999428620110734,0.8885676833010189,1.7180407814518013,0.0422972596612664,-1.1039950866999957,21.14769921466156,0.2264612382308172,350,0.05,6,0.9,0.6,0.5,0.5,0.0,2,0.3333333333333333,0.006060606060606
60,50,10788,2160,9.834946003635087,0.914215261080254,1.4464880655316368,0.038862020510224,-1.8996858289243104,17.01331379302329,0.1883762835558468,350,0.3,6,0.9,0.6,0.5,0.5,0.0,1,0.6666666666666666,0.6363636363636362
37,50,10788,2160,9.290664111522686,0.9076398867076524,1.6789510723800871,0.0428334503090368,-0.7167913475044967,17.10609202154257,0.2073575675361758,100,0.1,6,0.9,0.8,0.5,1.0,0.0,3,0.0,-0.1636363636363636
95,50,10781,2160,9.557729283905015,0.1085397837651168,8.838268116185908,0.1084487713846563,-1.1619040442237196,23.49008016921856,0.2647465558587796,350,0.05,10,0.7,0.6,0.0,2.0,10.0,3,0.6666666666666666,0.5156871314329786
96,50,10796,2160,7.878011310872691,0.9580634984118488,0.762810557731921,0.0247090873734221,-1.3673680753091548,18.148335537603728,0.2036172500293988,700,0.3,10,0.9,0.8,0.5,0.5,0.0,3,0.6666666666666666,0.2682976706604058
88,150,32386,2160,7.016922516813457,0.9377211125228708,0.9875308444411468,0.0303213797235022,-0.7074494987871252,17.415082356135052,0.1960821015110306,350,0.05,10,0.9,0.8,0.5,2.0,0.0,2,0.6666666666666666,0.2606060606060606
43,150,32377,2160,7.468915616472236,0.9575857181343772,0.9548636966530089,0.0257170332901075,-0.6998701130284004,13.005589509849196,0.1466652925438937,700,0.05,10,0.7,0.8,0.5,0.5,0.0,2,0.6666666666666666,-0.085106776115209
74,150,32381,2160,7.358756864625439,0.889730373973268,1.6701468554424472,0.0410528548361257,-0.4940403224130885,16.787956330220698,0.1792333442162844,700,0.05,6,0.9,0.8,0.5,1.0,0.0,3,0.3333333333333333,0.6242424242424242
57,150,32397,2160,7.517703274281514,0.9298330401606016,1.3463419933261913,0.0325300164275052,-0.9565178787148714,17.709117598152822,0.1960481015744713,700,0.05,6,0.9,0.8,0.0,0.5,0.0,3,0.3333333333333333,0.5515151515151515
52,150,32391,2160,7.663580260934552,0.8681789234725105,2.056716459680554,0.0469603316019684,-0.7450595312493284,15.164544528016338,0.1635730378988903,700,0.02,6,0.7,0.8,0.5,0.5,0.0,3,0.3333333333333333,0.4863244349440517
6,150,32381,2160,7.003231908892529,0.8937139826361741,1.5923857314225764,0.03742092638848,-0.6635098072182561,14.658977857695689,0.1720604492870709,350,0.05,6,0.7,0.8,0.5,0.5,0.0,3,0.3333333333333333,0.103030303030303
73,150,32394,2160,7.415729446486681,0.9294368820769268,1.1119458561594184,0.0323950582297988,-1.6468308547331674,18.351188202654875,0.1981354082995079,350,0.05,10,0.9,0.8,0.5,2.0,0.0,1,0.0,0.2606060606060606
15,150,32383,2160,7.164942555239506,0.8539701323063362,2.2547131625649977,0.0469344153025016,-1.6158404608108778,18.52013858841525,0.1974315945633425,350,0.02,6,0.7,0.8,0.5,2.0,0.0,2,0.6666666666666666,0.709090909090909
3,150,32374,2160,8.323200225204273,0.89048235298932,2.0236109542332827,0.0429177525861656,-1.0580556666514864,17.219872344379763,0.195350066773322,700,0.02,6,0.9,0.6,0.0,0.5,0.0,3,0.3333333333333333,-0.0545454545454545
48,150,32374,2160,7.43393476415572,0.9716736359816384,0.7474745585201177,0.0208106547895409,-0.2745484529580906,16.065888544850882,0.1802313900578547,350,0.02,10,0.9,0.8,0.0,0.5,0.0,1,0.0,-0.3454545454545454
62,150,32375,2160,7.984660531534433,0.904715236718233,1.7030758524334568,0.0383827373075028,-2.3686283226615124,15.654870469312147,0.1697162333548777,100,0.3,6,0.7,0.8,0.5,2.0,0.0,2,0.3333333333333333,0.309090909090909
18,150,32384,2160,6.689431993485755,0.9103022369744392,1.4745429383369284,0.034216437192236,-0.3496062211799968,15.765215104685888,0.1838478296602516,350,0.05,6,0.9,0.8,0.5,1.0,0.0,1,0.0,-0.3939393939393939
99,150,32383,2160,7.896030907480943,0.9383518208331167,1.1951843614312143,0.0320182025640774,-0.5222076792749457,18.101442586801667,0.1926231458040582,350,0.02,10,0.7,0.8,0.0,0.5,0.0,2,0.3333333333333333,0.6727272727272726
87,150,32373,2160,7.534621852081815,0.9496713818775464,1.121436745062684,0.028409727822299,-0.7614132330034817,17.826451484759644,0.1992776659076101,100,0.1,10,0.9,0.8,0.5,0.5,0.0,3,0.6666666666666666,0.2242424242424242
8,150,32381,2160,7.352542858973074,0.7958326747997717,3.082780235955571,0.0585885751283212,-0.7870798369753018,18.445826868790167,0.2019070858031789,100,0.05,6,0.7,0.8,0.5,2.0,0.0,3,0.3333333333333333,0.4666666666666666
21,150,32393,2160,7.664019520900865,0.9199230081124056,1.4463494533743262,0.0370057601478882,-0.3015317128533201,17.458181256453194,0.1883959919580085,350,0.02,10,0.7,0.8,0.5,2.0,0.0,1,0.6666666666666666,0.5515151515151515
30,150,32392,2160,7.363324999540737,0.8993754842559478,1.827548506989776,0.0394841124193692,-0.9178214304963488,16.167500593879566,0.1783286034779592,700,0.02,6,0.7,0.8,0.5,2.0,0.0,3,0.6666666666666666,0.709090909090909
10,150,32389,2160,7.753498142587236,0.9600300070280632,0.9127905154292332,0.0252175705800703,-2.266932202013101,20.42558508694456,0.2421779869794528,700,0.3,10,0.9,0.8,0.5,1.0,0.0,3,0.6666666666666666,0.2727272727272727
32,150,32384,2160,7.540779966962977,0.8604910790849379,2.3292138814562646,0.0472559286529693,-0.6875281653328411,18.576881212702503,0.2009117327306762,350,0.02,6,0.9,0.8,0.0,0.5,0.0,2,0.6666666666666666,0.5106406566912542
86,150,32393,2160,7.387999230560872,0.9229675010056088,1.2974221536550763,0.0339705098207879,-0.6422689339331871,16.446415406907047,0.1929962817231514,100,0.1,10,0.7,0.8,0.5,1.0,0.0,2,0.0,0.1636363636363636
51,150,32379,2160,7.674323987629418,0.9031353291259206,1.781501397164395,0.038342846620179,-0.5181478369678683,17.137997811519433,0.1846968409347922,100,0.1,6,0.7,0.8,0.5,2.0,0.0,1,0.6666666666666666,0.5896683773696626
50,150,32375,2160,7.336761742867205,0.9488864061144068,1.0244408562071423,0.0288281860313093,-1.1715588486427806,17.815518317106697,0.1988979998373404,350,0.02,10,0.7,0.8,0.0,0.5,0.0,2,0.0,-0.0545454545454545
71,150,32379,2160,7.536287270331778,0.8591727561070858,2.293097366749886,0.0456326496533866,-0.668527883930015,15.773342257958872,0.1847079101655294,350,0.02,6,0.9,0.8,0.5,2.0,0.0,2,0.3333333333333333,0.4181818181818181
5,150,32387,2160,6.800633500256062,0.9419315008643632,1.028773869257598,0.0311112191587889,-0.5845949300222544,16.19481901784738,0.1797503506666061,350,0.05,10,0.9,0.8,0.5,1.0,0.0,3,1.0,0.7454545454545454
0,150,32394,2160,7.210051311283722,0.9277034708454932,1.2946379462313475,0.0340839429077515,-0.2590721266365425,14.642493292755551,0.1591122232458573,100,0.05,10,0.9,0.8,0.0,2.0,0.0,3,0.3333333333333333,0.7212121212121211
25,150,32381,2160,7.844214034232122,0.8823891698781399,2.1217448342000305,0.0414752386697238,-0.6269111648668231,17.763745936950045,0.2057850219128476,350,0.02,6,0.9,0.8,0.5,0.5,0.0,3,0.3333333333333333,0.0181818181818181
31,150,32377,2160,8.180114942783717,0.9351282646277256,1.202905105602283,0.032283220687422,-0.7685827969176895,14.13396466771382,0.1582471999330318,350,0.02,10,0.7,0.8,0.0,0.5,0.0,2,0.3333333333333333,0.1757575757575757
34,150,32387,2160,6.860884458074357,0.9006469422450607,1.7744280327079194,0.0370902652602316,-0.5959333491786645,17.635305252593977,0.1979236458280883,700,0.02,6,0.9,0.8,0.0,1.0,0.0,3,0.3333333333333333,0.1823716631040193
9,150,32387,2160,8.024329224999907,0.8724209877547233,2.080603270959433,0.0480891067933258,-1.4401868702373064,15.986763540194543,0.1816327284248949,350,0.05,6,0.9,0.8,0.5,2.0,0.0,3,0.3333333333333333,0.1272727272727272
75,150,32400,2160,6.920944976167843,0.907217775265227,1.6465711567253427,0.0377945477978626,-1.0878377080151704,14.243591449702228,0.1661941597375787,350,0.05,6,0.7,0.8,0.5,1.0,0.0,2,0.0,0.2363636363636363
12,150,32382,2160,7.018219029064215,0.8322139405681177,2.4484339992079267,0.051562540218148,-1.596000113416174,15.140281229239925,0.1820546511969996,350,0.02,6,0.9,0.8,0.5,2.0,0.0,1,0.3333333333333333,-0.0787878787878787
11,150,32374,2160,7.9690526684587955,0.9083770718826516,1.6337874075806378,0.0392453242801975,-0.4465403119216686,17.419574190345074,0.1870577962176488,350,0.05,6,0.7,0.8,0.5,0.5,0.0,2,0.6666666666666666,0.8666666666666665
54,150,32374,2160,7.523920706404557,0.91269269805545,1.64436243332252,0.0377252595980848,-0.4630848448907849,16.04442942036523,0.1794455334063711,350,0.05,6,0.9,0.8,0.0,2.0,0.0,1,0.6666666666666666,0.1393939393939393
49,150,32382,2160,7.725478126363984,0.8920586307307468,1.6995242421273202,0.0412795452982958,-0.4698849383924974,12.743366765556514,0.1418048596523847,350,0.1,6,0.7,0.8,0.5,0.5,0.0,1,1.0,0.8181818181818182
63,150,32393,2160,7.646581874936032,0.8268746232061125,2.712916630387032,0.0529038162481989,-0.3344813422292987,15.304819838559188,0.1703826476111357,350,0.02,6,0.7,0.8,0.5,2.0,0.0,3,0.3333333333333333,0.3454545454545454
24,150,32379,2160,7.764221513714196,0.8516259602733743,2.5215520523732984,0.0479421277765834,-0.2138023866111906,14.545315867220914,0.1738676318318768,350,0.02,6,0.7,0.8,0.5,1.0,0.0,3,0.3333333333333333,0.0909090909090908
28,150,32382,2160,7.784979558454919,0.9042409150687892,1.7972451439251675,0.0376393239253054,-0.8945383164971188,18.76078587960314,0.2048413758008454,700,0.02,6,0.7,0.8,0.5,0.5,0.0,1,0.3333333333333333,0.1393939393939393
35,150,32390,2160,7.799204132038842,0.8943405564574578,1.7461295716876786,0.0430003246357945,-1.3291645199846798,13.413931279646023,0.1546079797697302,700,0.05,6,0.7,0.8,0.5,1.0,0.0,3,0.0,-0.0303030303030303
20,150,32381,2160,7.7357663143271775,0.7936166731892709,3.1907183513939805,0.0582767705153954,-0.4453180856303897,14.01578923062042,0.1588381310838666,100,0.05,6,0.7,0.8,0.0,2.0,0.0,1,0.0,0.1757575757575757
7,150,32389,2160,7.87997657955353,0.8015504553140349,2.6948061769920977,0.0553000533630483,-1.112956548877975,15.222781617685602,0.1733218383974675,350,0.02,6,0.7,0.8,0.5,1.0,0.0,3,0.3333333333333333,0.0181818181818181
76,150,32385,2160,8.28876384838318,0.82882866867699,2.5983491340456824,0.0527726821158082,-0.8572158071686384,19.09289071776249,0.1994839907204348,350,0.02,6,0.9,0.8,0.5,2.0,0.0,1,1.0,0.8909090909090909
77,150,32385,2160,8.549914167812716,0.8463039907118101,2.4709847818754542,0.0522269919074517,-0.6683495078425874,13.943393807455346,0.1533430571772899,700,0.02,6,0.9,0.6,0.5,1.0,0.0,2,0.3333333333333333,0.6606060606060605
38,150,32377,2160,8.299759596219403,0.881569923184699,1.9555960194071773,0.0444332924236075,-1.864509811058917,18.298320210958245,0.2005620938712615,100,0.3,6,0.7,0.8,0.5,2.0,0.0,2,0.0,-0.0121581108736012
4,150,32391,2160,7.562001765211926,0.8769840441452023,1.9820565196915247,0.0442578292121802,-0.94764776996723,18.238512411846056,0.1962159265349906,350,0.05,6,0.7,0.8,0.5,0.5,0.0,1,0.3333333333333333,-0.4545454545454545
65,150,32389,2160,6.948699987346134,0.9089975989728932,1.421528486716372,0.0342408745381166,-0.7771987121344917,18.63875424420392,0.2036004150283992,350,0.02,10,0.7,0.8,0.5,1.0,0.0,1,1.0,0.4376919914496465
44,150,32391,2160,7.144253336873031,0.946658226514116,1.1178503124749104,0.0272882539855061,-0.599592194345663,20.12483692008037,0.2112431401065577,700,0.1,6,0.9,0.8,0.5,2.0,0.0,1,0.6666666666666666,0.6727272727272726
95,150,32377,2160,7.24779642351655,0.935432427041192,1.38011883476962,0.0303666488375927,-0.8801083702232511,22.346953882464657,0.2468900305751965,350,0.05,6,0.7,0.8,0.5,1.0,0.0,1,0.3333333333333333,-0.2484848484848484
17,150,32378,2160,7.392917020182554,0.902896592233557,1.643567994685134,0.0378060838891685,-0.510996925641269,11.912591332497971,0.1362824455361571,350,0.05,6,0.7,0.8,0.0,1.0,0.0,3,0.3333333333333333,0.5878787878787878
94,150,32394,2160,7.803820491496327,0.949027164004558,1.0126261567706054,0.0292838014880022,-1.0032553792320456,15.445543177834264,0.1736393672264259,700,0.1,10,0.7,0.8,0.5,2.0,0.0,2,0.3333333333333333,0.2492412729088264
29,150,32381,2160,7.809096240139111,0.8299182893595777,2.8870684334435035,0.0543245067283811,-0.8043961694456305,15.026958175036643,0.1684037099716847,100,0.05,6,0.7,0.8,0.5,0.5,0.0,3,1.0,0.6242424242424242
46,150,32371,2160,8.21546642587045,0.8234399508192084,2.764932170850338,0.0512670044665685,-0.558013572945014,17.3340351526384,0.1941376491284879,100,0.05,6,0.7,0.6,0.0,1.0,0.0,1,0.3333333333333333,0.4303030303030302
79,150,32391,2160,7.532929366570211,0.8902554390304519,1.8473938043044624,0.0424315812948979,-0.2886811915842864,15.36504005436958,0.166478946230442,350,0.05,6,0.9,0.8,0.5,1.0,0.0,1,0.3333333333333333,0.1515151515151515
66,150,32382,2160,6.8964693445532985,0.9142726254307688,1.6418043207758206,0.0355338272439566,-0.5311455408314978,15.297473178704577,0.1667387756849058,700,0.02,6,0.9,0.8,0.0,2.0,0.0,2,0.3333333333333333,0.4303030303030302
78,150,32390,2160,8.001989979208215,0.8806432722855261,2.0439711386420574,0.0462335362765243,-0.1092124564464529,11.403534026719903,0.1348723420892326,350,0.05,6,0.7,0.8,0.5,0.5,0.0,1,0.6666666666666666,0.5151515151515151
47,150,32389,2160,7.935869416766539,0.8402479615381102,2.616033500986218,0.0518256103316075,-1.045524587754632,15.269802869403804,0.1729487628492478,100,0.05,6,0.9,0.8,0.0,2.0,0.0,2,0.3333333333333333,-0.0424242424242424
85,150,32375,2160,7.226842834593894,0.9039534864601264,1.5647408623029,0.0352764283975089,-0.8713478676908843,17.86869627005628,0.1988863361151053,350,0.05,6,0.9,0.8,0.5,1.0,0.0,1,1.0,0.5957474328064633
64,150,32388,2160,7.773132759910078,0.856967656903989,2.169714124236736,0.04869369580389,-1.254223939448181,20.97874828261116,0.2283694476725935,350,0.05,6,0.7,0.8,0.5,0.5,0.0,3,0.6666666666666666,0.7333333333333332
40,150,32389,2160,8.15004760600193,0.9478788579077648,0.9834941667674512,0.0272602315494958,-0.906560166352178,15.997077207852293,0.1824327363381326,350,0.05,10,0.9,0.8,0.5,1.0,0.0,3,0.6666666666666666,0.6121212121212121
41,150,32381,2160,8.392939143507594,0.8437607709257635,2.4878564525731486,0.0485146339595624,-0.7449946344764529,17.565713802995504,0.1926011317784687,350,0.02,6,0.7,0.8,0.5,2.0,0.0,1,0.3333333333333333,-0.1393939393939393
82,150,32390,2160,7.756411788893421,0.8231835296031905,2.6678288973428983,0.0540702288046864,-0.7256129134493039,14.983545550902685,0.1694467237701455,350,0.02,6,0.7,0.8,0.5,1.0,0.0,1,0.6666666666666666,0.6139845991168652
13,150,32383,2160,7.198612901928184,0.916910341801542,1.2931453915157836,0.0347675085389264,-0.5412284180587563,12.332593085346398,0.1463201102831687,100,0.1,10,0.7,0.8,0.5,0.5,0.0,3,0.6666666666666666,0.2969696969696969
58,150,32390,2160,7.6234695744740275,0.9450898572491928,1.3081095233100566,0.0281207205482366,-0.6064086257220798,16.741097562967074,0.1945203367092782,100,0.3,6,0.7,0.8,0.0,0.5,0.0,2,0.6666666666666666,0.3454545454545454
93,150,32382,2160,7.817376104390027,0.8816658130153447,1.7878020223094095,0.0423769505611304,-1.2944404580111586,18.319966305781293,0.2056739283292555,350,0.05,6,0.7,0.8,0.5,2.0,0.0,3,0.0,-0.3575757575757575
98,150,32386,2160,7.118542125398802,0.8700855435431869,1.8044597287214068,0.042840243490976,-0.927176912146156,16.281508808963828,0.1786563301281223,700,0.02,6,0.9,0.8,0.5,0.5,0.0,2,0.6666666666666666,0.4303030303030302
16,150,32393,2160,7.226237675346175,0.901572570446036,1.813285145567309,0.0407022295020578,-0.6617164251008705,16.406962956228742,0.1932434177362195,700,0.02,6,0.7,0.8,0.0,2.0,0.0,2,0.3333333333333333,-0.1151515151515151
92,150,32388,2160,7.765322144189076,0.8685901673069258,2.323199398885253,0.0459198437460158,-2.0481135090314817,14.866443990976723,0.1669832672580884,350,0.02,6,0.7,0.8,0.5,2.0,0.0,3,0.3333333333333333,0.5272727272727272
80,150,32379,2160,7.914072068682865,0.9476355369027036,1.218067484472586,0.0295173477459062,-0.4420962249783005,14.875727221448388,0.1770870400664596,350,0.3,6,0.9,0.8,0.5,2.0,0.0,3,0.0,0.103030303030303
39,150,32385,2160,7.205336004336655,0.8668229960754226,2.067678427014472,0.0462245732396174,-0.6475331974783736,20.17695941403508,0.2152725346312484,700,0.02,6,0.7,0.8,0.5,2.0,0.0,1,0.3333333333333333,0.3333333333333332
84,150,32391,2160,7.77436648476323,0.9211638753400664,1.4567039038121816,0.035807558761925,-0.8971951479084015,16.811196687905877,0.1863799387751096,700,0.1,6,0.7,0.6,0.5,0.5,0.0,2,0.3333333333333333,0.5878787878787878
1,150,32392,2160,7.4984128421799054,0.8690056196424226,2.082913969427933,0.0451191899465672,-0.547524778936838,16.976722317978187,0.1872360886206903,100,0.1,6,0.7,0.8,0.5,0.5,0.0,1,0.3333333333333333,0.4303030303030302
81,150,32399,2160,7.297693241804263,0.9353121607828758,1.056268410995178,0.0307877321404854,-0.6846835095327448,17.28656663687141,0.1907315838802286,350,0.05,10,0.7,0.8,0.5,1.0,0.0,2,0.3333333333333333,0.1636363636363636
55,150,32384,2160,7.327578911653464,0.8519752124608778,2.4193782391468632,0.044979688883447,-0.513864758348346,18.120922069041814,0.2004748512419027,100,0.05,6,0.9,0.8,0.5,1.0,0.0,1,0.6666666666666666,0.4909090909090908
59,150,32383,2160,7.519799755918394,0.8774503723455735,2.0653976602992468,0.0465601732433465,-0.708686935918494,14.701599640890404,0.17093810670234,700,0.02,6,0.9,0.8,0.5,0.5,0.0,1,0.3333333333333333,0.2969696969696969
36,150,32393,2160,6.777205752929649,0.8364349062194125,2.4459885200552702,0.0488086701654166,-0.7866439547084774,20.25694296562285,0.2120500405836738,350,0.02,6,0.9,0.8,0.5,2.0,0.0,3,0.3333333333333333,0.3696969696969697
83,150,32387,2160,7.706784592157772,0.9170115526400918,1.3881178518704305,0.0340050009011034,-1.183459188764461,18.65065997393043,0.2085376112342732,350,0.02,10,0.9,0.8,0.5,0.5,0.0,2,0.3333333333333333,-0.0909090909090908
89,150,32384,2160,7.676325028877185,0.8852315592795758,1.8060186225757824,0.0423512953441772,-2.1070913272786536,15.361278053168895,0.1711518792448064,350,0.05,6,0.7,0.8,0.5,2.0,0.0,3,0.0,0.2363636363636363
33,150,32377,2160,7.82133929946333,0.952906951662019,0.97420433567326,0.0264505646363234,-0.4982808619549161,16.648497180916646,0.1877090663990178,350,0.1,10,0.9,0.8,0.5,2.0,0.0,2,0.6666666666666666,0.4498501023232478
45,150,32399,2160,8.475004881312417,0.8033440673357106,2.890770703896037,0.0548677153063261,-1.4001044923240218,17.486017933156756,0.1985544371271778,100,0.05,6,0.9,0.8,0.0,0.5,0.0,1,0.0,-0.5030303030303029
26,150,32393,2160,8.441361329484554,0.8978074927613973,1.888380363624743,0.0428137830780209,-0.2304358267764601,12.93083503815311,0.1620237480129232,350,0.05,6,0.9,0.8,0.5,2.0,0.0,3,0.3333333333333333,0.2606060606060606
23,150,32381,2160,8.642710561499957,0.9062037350216344,1.7101517383522,0.039826728032717,-0.8413527004375505,17.87187835970411,0.1920494319544056,700,0.05,6,0.7,0.8,0.5,1.0,0.0,3,0.6666666666666666,0.8545454545454544
27,150,32392,2160,7.502780322411207,0.9371951713463436,1.4415816642789523,0.0306958279267015,-0.8712535968551685,18.679651007321144,0.2012854451333399,700,0.02,6,0.7,0.8,0.0,1.0,0.0,1,0.3333333333333333,0.3575757575757575
70,150,32393,2160,7.404072261169453,0.9202587364634468,1.585263860466927,0.0338952897139754,-1.4826916649258035,16.437221699180427,0.1751623735820355,350,0.05,6,0.9,0.8,0.0,1.0,0.0,3,0.6666666666666666,0.5835893219328621
69,150,32388,2160,7.247207110567368,0.93010384684635,1.1171540838953955,0.0308455167263735,-1.3891692454859732,16.499600993416927,0.1766628611718856,700,0.02,10,0.7,0.8,0.5,0.5,0.0,3,1.0,0.6121212121212121
67,150,32378,2160,7.923179166711013,0.9080177597933468,1.660926811060826,0.0414086039165463,-1.2862297654433106,14.805590737761449,0.1681208445360263,700,0.1,6,0.9,0.8,0.5,1.0,0.0,2,0.3333333333333333,0.4181818181818181
19,150,32389,2160,8.143650297070643,0.936301392158114,1.1065422693266422,0.032879377347127,-0.9403117522165468,17.37796535374942,0.1864458137438355,350,0.02,10,0.9,0.8,0.0,1.0,0.0,1,0.6666666666666666,0.8787878787878788
56,150,32391,2160,7.308119446205123,0.9173016053655731,1.4353033684239955,0.036636049130142,-0.8890664773027468,14.334235095271358,0.1583052211104681,350,0.02,10,0.7,0.8,0.5,2.0,0.0,1,0.6666666666666666,0.4545454545454545
96,150,32376,2160,7.768771774035538,0.8874565978815366,1.7068230553783486,0.0435205556360011,-0.6393773224855861,14.662387953753823,0.1694420261474712,350,0.1,6,0.9,0.8,0.5,1.0,0.0,3,0.6666666666666666,0.3780558086578445
97,150,32386,2160,7.939884452729113,0.8375429579153328,2.733102105360799,0.0538752846087306,-0.1330162015236138,12.79525607970026,0.1522541971814378,350,0.02,6,0.9,0.8,0.5,0.5,0.0,3,0.0,0.1515151515151515
53,150,32389,2160,7.715873755696054,0.8120892438151099,2.729133720838815,0.0505172184831457,-0.8185578621127021,17.36612206478914,0.1922896921571376,100,0.05,6,0.7,0.8,0.5,1.0,0.0,1,1.0,0.8060606060606059
2,150,32376,2160,7.229058366577883,0.9313632372999252,1.260496158007927,0.0331929772777018,-0.5774390924846866,15.000187961481236,0.1686738042292488,100,0.05,10,0.9,0.8,0.0,2.0,0.0,1,0.6666666666666666,0.5393939393939393
90,150,32392,2160,7.896970798431295,0.8955206539501801,1.7520421336446874,0.0424418232609977,-0.4717468451317803,13.20648972278668,0.1534609941955034,700,0.05,6,0.7,0.8,0.5,0.5,0.0,3,0.6666666666666666,0.0787878787878787
14,150,32384,2160,7.415955115750355,0.8354331307636312,2.3456541355409413,0.0499768675870878,-1.4102103399982608,15.74957860973146,0.1698537576803793,100,0.1,6,0.7,0.8,0.5,1.0,0.0,1,0.6666666666666666,0.406060606060606
72,150,32397,2160,8.521496123779247,0.9374447963668702,1.1429683375050528,0.0317760766503598,-0.8457308785891895,16.41854268517759,0.1779695848037423,700,0.02,10,0.7,0.8,0.5,0.5,0.0,3,0.6666666666666666,-0.0545454545454545
37,150,32380,2160,8.636058558296446,0.8539873599770313,2.590993047554888,0.05242341507264,-0.2211733490170835,15.729749114204337,0.1748838842262123,350,0.02,6,0.7,0.8,0.0,2.0,0.0,1,0.3333333333333333,0.1878787878787878
68,150,32387,2160,8.070434756734064,0.955372995403021,0.9244972024980646,0.0259906550924865,-0.5449024119350265,13.797404413976604,0.1560945240474405,700,0.1,10,0.7,0.8,0.5,2.0,0.0,1,0.6666666666666666,0.7696969696969697
91,150,32384,2160,7.440678113047054,0.9196058613186814,1.3477301480251582,0.0330827448149817,-1.5554590247316669,17.846219375541914,0.1917133471877878,700,0.1,6,0.7,0.8,0.5,0.5,0.0,2,0.3333333333333333,0.6727272727272726
42,150,32375,2160,7.661660384735162,0.911939920088794,1.4357688390560044,0.036101886814416,-1.6942880796191375,20.365026304721837,0.2158236882846351,350,0.02,10,0.9,0.8,0.5,2.0,0.0,3,1.0,0.7818181818181817
61,150,32385,2160,7.982525583897714,0.8603495901707386,2.109901809747714,0.0468582001842828,-0.4415796796814977,17.10800857573989,0.1871037108641746,350,0.05,6,0.9,0.8,0.5,2.0,0.0,2,0.6666666666666666,0.709090909090909
60,150,32397,2160,8.202625904566885,0.8116479809863293,3.133441131428546,0.0576640456429924,-1.014928790525774,13.719024487755917,0.1570292667135704,350,0.02,6,0.7,0.8,0.5,0.5,0.0,2,0.6666666666666666,0.3454545454545454
22,150,32392,2160,7.853115407349674,0.8725337333048975,1.9325678582621424,0.0456254500514048,-1.2228251051963317,19.577945919489423,0.2087886300106859,350,0.05,6,0.7,0.8,0.0,2.0,0.0,1,0.3333333333333333,0.4666666666666666
88,100,21591,2160,7.648667543234538,0.9499641103906244,0.9423007745820337,0.0273134001523318,-0.9319671920316844,18.193160137523105,0.2085757878281844,350,0.05,10,0.9,0.8,0.5,2.0,0.0,2,0.3333333333333333,0.0303030303030303
71,100,21583,2160,8.356918983075394,0.8871051949855516,1.9356445579637809,0.0420197333968225,-0.6278282869620904,15.806878719175304,0.1824412569452343,100,0.1,6,0.9,0.6,0.0,0.5,0.0,1,0.3333333333333333,0.4181818181818181
28,100,21585,2160,8.56627680972127,0.9088169242829672,1.7007112567127158,0.0354879895250677,-0.8551253488651518,18.507187132901613,0.2026994719724557,700,0.02,6,0.7,0.8,0.5,0.5,0.0,1,0.3333333333333333,0.006060606060606
50,100,21577,2160,7.839694691933344,0.8970771039419279,1.6706619429014116,0.0406420414829333,-1.2365213007214506,17.481908003718214,0.201851106107896,700,0.02,6,0.9,0.8,0.5,1.0,0.0,1,0.0,-0.309090909090909
15,100,21583,2160,7.878772828465213,0.8687257813702622,1.9569663809143576,0.0437506503237306,-1.989926090717645,19.87180153129277,0.2110771652991784,100,0.1,6,0.9,0.6,0.5,1.0,0.0,2,0.3333333333333333,0.4666666666666666
57,100,21597,2160,8.016441081422554,0.9076079264853544,1.4934384137469627,0.0377545343234959,-1.2374830623087778,18.457030700038157,0.2096527719983841,350,0.05,6,0.9,0.8,0.5,0.5,0.0,2,0.3333333333333333,0.2848484848484848
94,100,21594,2160,7.222398768468714,0.9450723721868828,0.9540113111351506,0.0288911746953908,-2.5415805232060977,20.513564685613467,0.2308758971282095,700,0.1,10,0.7,0.8,0.5,2.0,0.0,2,0.3333333333333333,-0.0364743326208038
18,100,21599,2160,7.492938288485362,0.9458045234634532,0.9426452206313496,0.0258318107015581,-0.9930302477341372,19.912284932197245,0.2234147882741792,350,0.1,10,0.9,0.6,0.5,2.0,0.0,2,0.0,-0.0666666666666666
8,100,21595,2160,7.403026806264303,0.8164328531121643,2.4546939826807628,0.0521745064018408,-0.988162454985306,19.684869286175125,0.2129636674481386,100,0.05,6,0.7,0.8,0.5,2.0,0.0,3,0.3333333333333333,0.2848484848484848
32,100,21588,2160,7.978408350209281,0.9573262426771432,0.9461880671054068,0.0271482253597355,-0.6475094335105207,18.370653295428667,0.1985151878969897,700,0.1,10,0.7,0.8,0.5,1.0,0.0,1,0.3333333333333333,-0.0364743326208038
30,100,21592,2160,7.108483330783434,0.9009936827230732,1.507347834418414,0.0355439213529901,-1.3167250700792592,17.42225541535075,0.195999143745028,700,0.02,6,0.7,0.8,0.5,2.0,0.0,3,0.6666666666666666,0.7212121212121211
39,100,21599,2160,8.447492995403909,0.9102820634606096,1.5420001119463915,0.0379862815471952,-0.8465164116736199,21.03765720753758,0.2279019929963259,350,0.1,6,0.9,0.6,0.5,0.5,0.0,3,0.3333333333333333,0.103030303030303
51,100,21579,2160,8.345526517559486,0.9080542536418356,1.777906647906783,0.0378537686901283,-0.8447136844845884,17.5846226276071,0.2035949115486215,100,0.1,6,0.7,0.8,0.5,2.0,0.0,1,0.0,-0.0364743326208038
86,100,21593,2160,7.877682819012873,0.8941050095323683,1.72287503708111,0.0384842547654947,-1.23031991876476,19.81200333924205,0.224910838491958,100,0.1,6,0.7,0.8,0.5,0.5,0.0,2,0.3333333333333333,0.1393939393939393
19,100,21593,2160,7.633618841368579,0.9791248605227676,0.5842181180508014,0.0190546203197927,-1.5323169126897094,19.86790977236849,0.2129981872409649,350,0.05,10,0.9,0.8,0.0,1.0,0.0,2,0.6666666666666666,0.5515151515151515
3,100,21583,2160,9.423096387892556,0.9718629373935288,0.8432815341357919,0.0231300933838673,-0.9628216941999448,16.412145553953618,0.1907767429452537,100,0.1,10,0.7,0.8,0.0,0.5,0.0,3,0.3333333333333333,0.1393939393939393
43,100,21591,2160,7.49632346150733,0.9306118890554764,1.275437172017126,0.0329180931160961,-1.1679570133869293,14.81271420200666,0.1656322178005199,700,0.05,6,0.9,0.8,0.5,1.0,0.0,1,0.6666666666666666,-0.0303952771840032
53,100,21592,2160,7.868869755497961,0.8294494129845205,2.3533279194179766,0.0463876561767516,-1.1684308152541236,19.075690618135308,0.2099738577669782,100,0.05,6,0.7,0.8,0.5,1.0,0.0,1,0.3333333333333333,0.4909090909090908
62,100,21581,2160,8.871531427999164,0.967010158297161,0.9215521144879504,0.0232970590533583,-2.1246247078950367,14.037974720564153,0.1634540809208755,700,0.3,10,0.7,0.6,0.5,2.0,0.0,3,0.0,-0.5030303030303029
2,100,21582,2160,5.586602507995818,0.9643561303535472,0.6311138430684201,0.0176900693558723,-1.6174707177635472,19.227265579499715,0.2172762495514669,700,0.05,10,0.9,0.8,0.5,2.0,0.0,1,0.6666666666666666,0.309090909090909
10,100,21597,2160,8.79145183167707,0.90374919324869,1.5962067451038957,0.0383520578025217,-2.0818497079665885,20.00530317172029,0.2352178803001973,350,0.1,6,0.7,0.6,0.5,0.5,0.0,1,0.6666666666666666,0.2121212121212121
17,100,21581,2160,8.063123944975993,0.8932058654904171,1.5852319695758024,0.0415971977302079,-1.2003354943734277,15.055969522970694,0.1644570819790075,350,0.02,10,0.9,0.6,0.5,0.5,0.0,3,0.3333333333333333,0.6848484848484848
25,100,21595,2160,6.872816021257987,0.9168817848728352,1.4601906930346156,0.0335969417191955,-0.7961744698152227,17.760647518729048,0.2162250973028458,100,0.05,10,0.7,0.8,0.5,2.0,0.0,3,0.3333333333333333,-0.1393939393939393
22,100,21592,2160,8.308055716740352,0.8181947574752254,2.350500102898642,0.0543715814711007,-1.3215335627226446,20.245664787799708,0.2133740897264654,100,0.1,6,0.9,0.6,0.5,2.0,0.0,3,0.0,0.4181818181818181
4,100,21591,2160,7.711079128062077,0.8702205388327855,2.0424182647483127,0.0445605611056717,-1.425327649568742,20.495294587612157,0.2189597333137501,100,0.1,6,0.9,0.8,0.0,2.0,0.0,1,0.3333333333333333,-0.6969696969696969
52,100,21595,2160,8.825634321903852,0.8243787483278737,2.7166446090086733,0.055993244865963,-0.997105282197334,16.500608749831166,0.1749875199796418,350,0.02,6,0.7,0.6,0.0,1.0,0.0,1,0.3333333333333333,0.3708223816448394
49,100,21585,2160,8.45634103723581,0.8790369351499114,1.7528185956758509,0.0440937365935206,-0.9696410809789336,15.130973732449393,0.1641507953663532,350,0.1,6,0.7,0.8,0.5,0.5,0.0,1,0.6666666666666666,0.6121212121212121
35,100,21590,2160,9.45124873529863,0.924232860980962,1.3326037725048936,0.0379942964793225,-1.553751723027358,13.956302840709684,0.1618904233431809,700,0.02,10,0.7,0.8,0.5,2.0,0.0,1,0.0,-0.006060606060606
34,100,21590,2160,7.756977032849351,0.9209420580501478,1.4501984840929558,0.0330656164298713,-1.1378420602361,20.71856437703767,0.2290752218472388,350,0.1,6,0.7,0.6,0.5,1.0,0.0,2,0.3333333333333333,0.1458973304832155
54,100,21583,2160,7.573237993069308,0.9272559998608366,1.312345573609285,0.0337488252959908,-0.8305147339304222,18.29932215719311,0.2007171636526944,350,0.1,6,0.9,0.8,0.5,0.5,0.0,3,0.0,-0.0787878787878787
87,100,21578,2160,7.01574066197026,0.9722113354487788,0.7101439609505925,0.0209298883134705,-0.5970514085174237,16.53847378841153,0.1897524746619325,700,0.05,10,0.9,0.8,0.5,0.5,0.0,3,0.6666666666666666,0.3696969696969697
78,100,21594,2160,8.369464302850123,0.8769292727396938,1.9510211366052772,0.0469724560381597,-0.158726881093733,11.423117071787518,0.1378497780736051,350,0.05,6,0.7,0.8,0.5,0.5,0.0,1,0.3333333333333333,0.5515151515151515
0,100,21595,2160,8.404794375813898,0.8334131946542155,2.4378135608705853,0.049646230893585,-0.6221191857881765,16.760139625646453,0.1806007792185673,100,0.05,6,0.7,0.6,0.0,0.5,0.0,2,0.3333333333333333,0.3575757575757575
85,100,21595,2160,7.525837968135251,0.8584350652426104,2.239002325570746,0.0439200192056521,-0.821130625137783,17.413265334555394,0.1961996520341851,100,0.05,6,0.9,0.8,0.0,0.5,0.0,2,0.6666666666666666,0.4437710468864471
27,100,21592,2160,7.458879514413508,0.9589246190740104,1.0760541211969463,0.0240243628930979,-0.8642764527006308,18.208246347131556,0.2009098388759964,700,0.02,6,0.9,0.8,0.5,0.5,0.0,1,0.0,0.0666666666666666
21,100,21596,2160,8.317422227903169,0.9346664132016794,1.355610729639308,0.0333029921086306,-0.4159683272108929,17.768137765504694,0.1965038444310218,350,0.02,10,0.7,0.8,0.5,2.0,0.0,1,0.6666666666666666,0.6242424242424242
58,100,21599,2160,8.127161029426933,0.9579006353663344,0.983101132698086,0.0251085015809554,-0.721948900437781,17.820777425498882,0.2013942786469712,700,0.3,6,0.9,0.8,0.5,2.0,0.0,2,0.6666666666666666,0.4666666666666666
9,100,21588,2160,8.481289339206612,0.9593580545001296,0.9700263462155392,0.0278246918309565,-2.207350080808704,18.432847683931943,0.2082359682391658,700,0.02,10,0.7,0.8,0.0,2.0,0.0,2,0.3333333333333333,0.0909090909090908
13,100,21583,2160,7.079305029063347,0.8879788672462398,1.5551698861413286,0.0363252797629932,-1.3834173225994708,15.783444607986349,0.1819577514738586,700,0.02,6,0.7,0.6,0.5,2.0,0.0,2,0.3333333333333333,0.2848484848484848
29,100,21589,2160,8.681719997566592,0.8625560977511901,2.3866551049227818,0.0497926089847276,-1.0716338003461665,16.378590213888224,0.1804438982057468,350,0.02,6,0.7,0.6,0.0,0.5,0.0,3,0.6666666666666666,0.6363636363636362
75,100,21600,2160,6.87318464457266,0.9242472752539956,1.2709172036429663,0.0331352912309901,-1.2802515447053402,14.83187824725829,0.1736835826287645,350,0.1,6,0.9,0.8,0.5,1.0,0.0,2,0.3333333333333333,0.5393939393939393
12,100,21586,2160,7.843869180303111,0.8357716182319865,2.372734623189019,0.0518756291436224,-1.766769892595402,15.95611525275089,0.1879472371619983,350,0.02,6,0.9,0.8,0.5,2.0,0.0,1,0.3333333333333333,-0.0666666666666666
38,100,21589,2160,8.845917767115633,0.4008996721183789,7.42234697091452,0.1000533275412431,-1.9358173229139888,18.32128305841375,0.2030430891852957,350,0.3,10,0.9,0.8,0.0,1.0,10.0,3,0.3333333333333333,-0.2160658492670977
47,100,21596,2160,8.460671810254638,0.9169596342058828,1.357017589257106,0.0362093977652163,-1.4007966735998996,16.377186432762276,0.1873668683160816,350,0.02,10,0.7,0.8,0.5,0.5,0.0,2,0.0,-0.2484848484848484
67,100,21586,2160,8.358267709607425,0.9172920283406556,1.4495071701528253,0.0390306133370127,-1.724559709958184,16.25552315271416,0.1835311520146053,700,0.1,6,0.9,0.8,0.5,1.0,0.0,2,0.3333333333333333,0.3818181818181818
14,100,21590,2160,7.031596974642669,0.8019454633363229,2.467950598966501,0.0521972464765478,-1.8884652897339111,17.056756701872306,0.1859436120562395,350,0.02,6,0.7,0.8,0.5,1.0,0.0,3,0.3333333333333333,0.1515151515151515
72,100,21600,2160,7.733374898534336,0.9274238774495674,1.4093120235733174,0.0331505439632574,-0.9426740636003864,16.76790952099694,0.18258351738293,100,0.05,10,0.7,0.8,0.5,1.0,0.0,3,0.3333333333333333,0.0181818181818181
65,100,21597,2160,7.752065919339424,0.9340837844565988,1.278490989034391,0.0289059668670275,-0.8465270366644282,18.60756758528727,0.2075336381448072,350,0.02,10,0.7,0.8,0.5,1.0,0.0,1,1.0,0.5471149893120582
31,100,21578,2160,8.460417312045328,0.9618912034759884,0.8211489584557936,0.0236740687455088,-1.3799258090372066,16.55052959526027,0.1835714107334589,350,0.02,10,0.7,0.8,0.0,0.5,0.0,2,0.3333333333333333,0.2121212121212121
41,100,21592,2160,8.802610409906032,0.9986312038494608,0.2343119484304594,0.0049027006372191,-0.4310578984790914,15.313576326949727,0.1744176333796031,350,0.3,10,0.9,0.8,0.0,0.5,0.0,3,0.3333333333333333,0.0181818181818181
76,100,21588,2160,7.904628726472585,0.8772334004133254,1.9664945567861216,0.0465408013947071,-0.8524202468404249,18.66014304019787,0.1992262781148493,350,0.05,6,0.9,0.6,0.5,2.0,0.0,2,0.0,0.2242424242424242
44,100,21594,2160,8.863397260911208,0.8753443465131865,2.118685270060607,0.0438027118604187,-0.8850989144269796,21.639658915488813,0.2293216448492964,350,0.02,6,0.7,0.6,0.5,2.0,0.0,2,0.3333333333333333,0.3333333333333332
26,100,21594,2160,9.246996908161904,0.907977596312031,1.6044302982469738,0.0398657238713163,-0.4656928007942085,14.898035510248608,0.1768359938520562,350,0.1,6,0.9,0.6,0.5,1.0,0.0,2,0.3333333333333333,0.1393939393939393
64,100,21593,2160,9.346258761597907,0.89057430010086,1.7482790738747744,0.0439440530699276,-1.1908123006526652,20.71287024393126,0.2251345030710429,700,0.1,6,0.9,0.8,0.5,1.0,0.0,2,0.3333333333333333,0.3575757575757575
20,100,21581,2160,8.286960213050634,0.8999696573206191,1.6839549022531115,0.0398095995997758,-0.2558269655276608,12.66997302805936,0.1480600705321561,700,0.05,6,0.7,0.8,0.5,0.5,0.0,2,0.3333333333333333,0.1636363636363636
68,100,21596,2160,8.231488416265154,0.942625811993685,0.992136894230798,0.0287577858724173,-0.8782595432467972,16.040125771705753,0.1721135031903595,350,0.02,10,0.7,0.6,0.0,1.0,0.0,2,0.6666666666666666,0.6848484848484848
82,100,21591,2160,6.985049258247851,0.9356336959282416,1.1028730104002002,0.0330971705019804,-0.685373622290788,14.425779230484256,0.1674594195173451,350,0.05,10,0.9,0.8,0.5,0.5,0.0,3,0.6666666666666666,0.4620082131968491
98,100,21586,2160,7.693895795131536,0.9124583153792049,1.3488097900025815,0.0358317973861045,-1.146015197842709,17.25870651440488,0.1885271981799148,350,0.02,10,0.7,0.8,0.5,2.0,0.0,1,0.6666666666666666,0.103030303030303
77,100,21596,2160,10.082112208063313,0.4398558343571259,8.036912357871191,0.1021577145612281,-1.6139890600154485,17.214338300493026,0.1919430897748543,700,0.3,6,0.9,0.8,0.5,0.5,10.0,2,0.6666666666666666,0.8328305948416885
81,100,21599,2160,8.086171913586652,0.8751344364818386,1.9004380931195144,0.0427670524265981,-1.3363460411401782,20.91724398414846,0.2246115250566243,100,0.1,6,0.7,0.6,0.5,0.5,0.0,1,0.6666666666666666,0.5878787878787878
73,100,21597,2160,8.761070791641075,0.8194129753564212,2.5180259460505923,0.0541321294753069,-1.5969351847678863,17.25899422780231,0.1962589880007239,350,0.02,6,0.7,0.8,0.5,2.0,0.0,3,0.0,-0.2363636363636363
33,100,21577,2160,7.741492973926621,0.98330564483743,0.7127952078820122,0.0155887798526968,-0.6274974036497114,17.045858976539673,0.1956360050433647,700,0.3,6,0.9,0.8,0.0,1.0,0.0,2,0.6666666666666666,0.5045616012544536
46,100,21578,2160,7.995847264247719,0.9446512138139436,1.1677202580638786,0.0283054870860028,-0.3771292131242587,16.414328919632567,0.1825204342924211,350,0.3,6,0.7,0.8,0.5,1.0,0.0,3,0.3333333333333333,-0.1515151515151515
83,100,21590,2160,7.949384582446973,0.8953369545453673,1.698803185637502,0.0380160300003224,-1.365760494374559,19.46226609189201,0.2170687186571735,700,0.02,6,0.9,0.6,0.5,0.5,0.0,2,0.3333333333333333,0.1515151515151515
16,100,21597,2160,7.655067258908325,0.9316786594539108,1.405504694727124,0.0352106318545709,-0.576616556570293,16.029094216409657,0.1882301962479403,700,0.02,6,0.7,0.8,0.0,2.0,0.0,2,0.3333333333333333,-0.1393939393939393
84,100,21596,2160,7.2023634300373445,0.9283696962081088,1.2463021687031126,0.0309507014050226,-1.7535571281843203,20.150621416299703,0.2245381849530178,700,0.1,6,0.7,0.6,0.5,0.5,0.0,2,0.6666666666666666,0.1999999999999999
79,100,21592,2160,8.322909801608567,0.8791483521375822,2.0848980028806414,0.0443242241577638,-0.4164682896450524,16.360534736227105,0.1745380025355997,100,0.1,6,0.7,0.8,0.5,2.0,0.0,2,0.3333333333333333,0.4424242424242424
69,100,21588,2160,7.207427960381262,0.9221589740652876,1.1566745212936116,0.0313326910333429,-1.46160700709492,16.83540046018583,0.1793210039922231,700,0.02,10,0.7,0.8,0.5,0.5,0.0,3,1.0,0.6848484848484848
7,100,21594,2160,8.049229484345728,0.7260222681043376,3.8913353282543888,0.0627759305154297,-1.837212464027584,17.629631774955325,0.2008417205942611,100,0.02,6,0.9,0.8,0.0,0.5,0.0,3,0.0,-0.4424242424242424
66,100,21582,2160,7.280859223304676,0.9474303168592478,1.0584153297090948,0.0287167334506809,-0.8405349366792889,16.55699006601616,0.1828101917153502,100,0.05,10,0.9,0.8,0.0,1.0,0.0,2,0.6666666666666666,0.6606060606060605
37,100,21587,2160,8.052043717510191,0.8558302617720778,2.62498298105843,0.0537535014556219,-0.2392795816291979,14.647248177969898,0.1761756079580698,100,0.05,6,0.9,0.8,0.5,0.5,0.0,1,0.0,-0.1272727272727272
80,100,21595,2160,8.88483847550057,0.9330833150212724,1.450772103073373,0.0345996624153865,-0.4652290959443823,14.862459159398243,0.1785017285500363,350,0.05,6,0.7,0.8,0.5,2.0,0.0,3,0.3333333333333333,-0.0666666666666666
55,100,21584,2160,7.006822309364196,0.9391881277896184,1.057585576308468,0.0269833506025361,-0.7176271999797685,18.915402076045677,0.2135407751172399,350,0.02,10,0.7,0.8,0.5,1.0,0.0,3,0.3333333333333333,0.0909090909090908
63,100,21593,2160,8.250633403021016,0.8484091640611384,2.495160809555093,0.0526875165185396,-0.729620463785488,17.678873779707484,0.1939744445533583,350,0.02,6,0.9,0.8,0.0,0.5,0.0,3,0.3333333333333333,0.2242424242424242
89,100,21584,2160,7.991306075808259,0.8075318934080511,2.700496573346792,0.0538894863812672,-2.415413170016699,16.31734151404213,0.1794429031949468,100,0.05,6,0.7,0.6,0.5,2.0,0.0,2,0.0,0.3575757575757575
56,100,21594,2160,9.300135076048004,0.8699936355921669,2.193065829374225,0.0475536802908649,-1.5064428927902465,16.968865623584502,0.1823477987800357,100,0.1,6,0.7,0.6,0.5,1.0,0.0,3,0.6666666666666666,0.6484848484848483
59,100,21591,2160,8.119682412035262,0.9130010844216124,1.3364558731866103,0.0373189241688253,-1.1992481419325194,17.581165488296087,0.1939298925435608,700,0.02,10,0.7,0.8,0.5,2.0,0.0,2,0.3333333333333333,0.3696969696969697
36,100,21594,2160,7.23890961515062,0.8364568579502085,2.246469328034257,0.0485528173521908,-1.9999358254509647,25.71558034355994,0.2747738095689983,350,0.02,6,0.9,0.8,0.5,2.0,0.0,3,0.3333333333333333,0.709090909090909
23,100,21581,2160,8.938985675538323,0.8959956012289184,1.9189983503784591,0.044187834639527,-0.8801781895009206,17.947340220325387,0.194063580825969,700,0.05,6,0.7,0.8,0.5,1.0,0.0,3,0.6666666666666666,0.8666666666666665
97,100,21591,2160,9.16958774762115,0.8268548714929504,2.9441782794024625,0.058413404519296,-0.183123509822124,13.251910614305071,0.1555844739300694,350,0.02,6,0.9,0.8,0.5,0.5,0.0,3,0.0,-0.1515151515151515
11,100,21589,2160,8.834353403812612,0.927356666413034,1.3658702586839089,0.0362729349088049,-0.4086354966033623,16.696412991926447,0.1845907171351297,700,0.1,6,0.9,0.8,0.5,2.0,0.0,2,0.6666666666666666,0.7212121212121211
40,100,21600,2160,7.5880323716026625,0.9112275473040056,1.4507888926403127,0.0355479290388933,-1.1931762214413184,17.001207521143886,0.1956655098902579,350,0.1,6,0.7,0.8,0.5,2.0,0.0,2,0.6666666666666666,0.6969696969696969
48,100,21578,2160,7.637750680537591,0.9318018917836494,1.4021533661970478,0.0306398656866698,-0.7755732974780716,19.285656241073653,0.2127264828887425,100,0.3,6,0.7,0.8,0.5,2.0,0.0,1,0.6666666666666666,0.4424242424242424
99,100,21586,2160,8.038712616902608,0.95403254081473,0.9538135920037928,0.0273753445017666,-0.4126262074647757,16.952739087475667,0.1855603344092835,700,0.1,10,0.7,0.8,0.5,0.5,0.0,2,0.3333333333333333,0.5878787878787878
6,100,21585,2160,8.06007807409814,0.8697603327817415,1.8979377821114491,0.0427029577998205,-1.195223396328135,16.34975561181704,0.1976549663932057,350,0.02,6,0.7,0.8,0.0,0.5,0.0,1,0.3333333333333333,-0.3333333333333332
24,100,21579,2160,7.621053613794702,0.9583374698370188,0.8420376698561757,0.0235389827209958,-0.5543137687779307,16.71539175703018,0.1967497061491252,700,0.1,10,0.9,0.8,0.5,0.5,0.0,1,0.0,0.103030303030303
93,100,21583,2160,7.866687498029519,0.8887363993527277,1.7726375661085565,0.0435340052760331,-0.937418813756688,16.769323772793566,0.1889959959925312,350,0.05,6,0.7,0.8,0.5,2.0,0.0,3,0.0,0.1757575757575757
1,100,21594,2160,7.997328206404386,0.981485890797392,0.548131590338657,0.0169436646195132,-0.7004252456718545,18.062898423169496,0.1962680132794167,100,0.1,10,0.9,0.8,0.0,1.0,0.0,2,0.3333333333333333,0.7333333333333332
90,100,21592,2160,7.294930988033269,0.9236285246258789,1.222102575716459,0.0357684987105978,-0.6559778512366397,14.246083822559427,0.1627828742670425,350,0.05,10,0.7,0.8,0.5,0.5,0.0,3,0.3333333333333333,-0.3212121212121211
60,100,21597,2160,8.622398817734055,0.848776265166773,2.611004137506138,0.0524407210865903,-1.6005517908414668,15.981273430919757,0.178395339780885,350,0.02,6,0.7,0.8,0.5,0.5,0.0,2,0.6666666666666666,0.5515151515151515
74,100,21596,2160,8.495235686822415,0.945757045953525,1.0296929374936543,0.0304542200401873,-0.6554604602419869,17.549136273044127,0.1886674827077576,350,0.02,10,0.9,0.8,0.0,1.0,0.0,2,0.3333333333333333,0.4181818181818181
92,100,21588,2160,7.9120741121022276,0.94608449336664,1.1707667936619768,0.0302817128943895,-2.101767441186887,15.114571086922314,0.1684465044193913,350,0.1,6,0.9,0.8,0.5,0.5,0.0,2,0.3333333333333333,0.1393939393939393
42,100,21589,2160,8.82266493038739,0.8941006081074261,1.655163181529824,0.0399289305715412,-1.703266889553161,19.96780765555523,0.216183009193128,350,0.05,6,0.9,0.8,0.5,1.0,0.0,1,0.3333333333333333,0.3575757575757575
5,100,21591,2160,7.899659917515697,0.940588600525224,1.0681523451670325,0.0323364671470728,-0.6122812316246369,16.389532156321735,0.1813138645005534,350,0.05,10,0.9,0.8,0.5,1.0,0.0,3,0.6666666666666666,0.4303030303030302
70,100,21597,2160,8.270430778684707,0.9433805920307576,1.2930729334127975,0.0291722440258097,-2.0996401812843364,18.164677393061144,0.1957199380098783,350,0.05,6,0.9,0.8,0.0,1.0,0.0,1,0.6666666666666666,0.291794660966431
95,100,21585,2160,7.922692161083321,0.9543004013967218,1.19927484410831,0.0249981266423272,-0.6957675217273156,20.667074041234123,0.2344743111256425,700,0.02,6,0.7,0.8,0.0,0.5,0.0,1,0.0,-0.6121212121212121
91,100,21587,2160,7.788650327891879,0.886194407750694,1.6116328181383257,0.0408969644622296,-1.924311209040637,18.811437892560605,0.2050830101992716,700,0.05,6,0.9,0.6,0.5,2.0,0.0,1,0.3333333333333333,0.3212121212121211
45,100,21599,2160,9.554636151465024,0.8789320543410261,1.883594504794388,0.0471291673006162,-1.7742054642098657,19.24124320816111,0.2134685171299246,100,0.1,10,0.7,0.6,0.5,1.0,0.0,1,0.0,-0.6727272727272726
96,100,21581,2160,9.17151234054628,0.8783697044483194,1.8770935653277323,0.0462327373522853,-0.6588532102435165,15.017720982918032,0.1704455445213182,700,0.02,6,0.7,0.8,0.0,2.0,0.0,3,0.6666666666666666,0.1341488353302029
61,100,21585,2160,9.098965979558129,0.8504811641505962,2.272695827144132,0.0508158608848698,-0.5082195240187479,17.930599661612952,0.1913794729865784,700,0.02,6,0.7,0.8,0.5,0.5,0.0,3,1.0,0.7939393939393938
3,30,6476,2160,10.728521852958952,0.4186860513891552,7.737623804715624,0.0982512505722712,-1.831020660711545,19.95143552630036,0.2291165835324558,350,0.3,10,0.7,0.6,0.5,0.5,10.0,2,0.3333333333333333,-0.2421996715169182
8,30,6480,2160,9.96546237774837,0.1905433406633313,8.794507957976542,0.115100387065646,-1.6271263404420022,22.133573961787757,0.2448048752678732,700,0.3,6,0.7,0.6,0.0,0.5,10.0,1,0.0,-0.2132007163556104
57,30,6480,2160,7.31999008031539,0.1580631372409638,6.566062063493846,0.0848637688222627,-3.157231887520332,25.98565881428895,0.2857740934099048,350,0.3,10,0.7,0.8,0.5,2.0,10.0,3,0.0,0.0
51,30,6475,2160,9.562709069774249,0.9994184954311546,0.1438234871848006,0.0032630920726514,-0.9790962500988012,17.959828602237348,0.2108802426793199,350,0.02,10,0.9,0.8,0.0,1.0,0.0,1,0.6666666666666666,0.0303952771840032
82,30,6480,2160,9.377557496023767,0.3806405158087842,7.818054142586979,0.104378582663018,-1.0930553023171723,16.524619467699967,0.1866172721246219,350,0.3,6,0.7,0.8,0.5,2.0,10.0,1,0.3333333333333333,0.1143074892148031
52,30,6480,2160,9.690554004264438,0.943673159959058,1.057450677437478,0.0314495734803963,-2.1073344101634075,20.676359970905747,0.2182732892946597,350,0.05,6,0.9,0.6,0.0,2.0,0.0,1,0.6666666666666666,0.2553203283456271
43,30,6472,2160,9.131851119839624,0.952129696318134,0.9326211771244456,0.0269497764287206,-3.312632981568152,21.46730766463611,0.2336096257564039,700,0.05,10,0.7,0.8,0.5,2.0,0.0,1,0.6666666666666666,0.395138603392042
11,30,6462,2160,10.883053808747182,0.9996651580229512,0.1075231819589696,0.0024069170488518,-0.9424333294855078,19.148136153014168,0.2167622266990202,350,0.1,10,0.7,0.6,0.0,0.5,0.0,1,0.3333333333333333,-0.0666666666666666
15,30,6480,2160,4.287512585295926,0.8551350378843284,1.020987148440487,0.0274215913655194,-4.627130581664267,27.12129021745589,0.2895706382246369,100,0.1,6,0.7,0.6,0.5,1.0,0.0,2,0.3333333333333333,-0.1272727272727272
0,30,6475,2160,9.570563236091054,-3.062621394267495e-07,8.969458119661192,0.1101229155261495,-2.207835329115656,23.17500975944377,0.2539710838404361,100,0.02,6,0.7,0.6,0.5,0.5,10.0,2,0.0,0.0
10,30,6477,2160,7.559747802654066,0.9639943969810176,0.8965379752364551,0.0220274936146652,-1.7966588365256937,18.90554189269336,0.2240703276242426,350,0.3,10,0.9,0.6,0.5,2.0,0.0,1,0.3333333333333333,0.2727272727272727
18,30,6480,2160,6.921731670344317,0.1963932559937774,6.5306095735526375,0.0859742300407582,-1.9925346905806376,24.67864901525003,0.2737628846483336,350,0.3,6,0.7,0.8,0.5,2.0,10.0,1,0.6666666666666666,0.1740776559556978
71,30,6480,2160,9.43047066758628,0.9388453484840766,1.1825133548726714,0.0337398605989003,-0.9750000756887058,17.830968776403203,0.2009566204690585,350,0.02,10,0.7,0.6,0.0,0.5,0.0,1,0.6666666666666666,0.0787878787878787
88,30,6477,2160,8.983320244218437,0.8880651835403669,2.0234488087621934,0.0396539929176035,-0.7674266998918811,17.52116470253026,0.1994962446330617,100,0.05,6,0.7,0.6,0.5,2.0,0.0,2,0.3333333333333333,0.3454545454545454
25,30,6464,2160,7.139398294624553,0.9999492373341872,0.052668270129354,0.0007454704732085,-1.3113720191742155,22.056788195963104,0.2452826148645709,700,0.3,10,0.7,0.8,0.0,1.0,0.0,1,0.3333333333333333,0.3454545454545454
32,30,6469,2160,10.259785860377086,0.9792342355800676,0.7225275492586068,0.0205226279875608,-1.2762529651222816,19.51405548731788,0.2333404582381651,700,0.3,10,0.9,0.6,0.5,0.5,0.0,2,0.0,-0.6200636545536659
62,30,6473,2160,10.173154375718129,0.3313218986053459,8.32989113639868,0.1080567196218326,-4.066500507174925,19.044248261540027,0.2081377626731728,350,0.3,6,0.7,0.8,0.5,0.5,10.0,1,0.3333333333333333,0.137620470640795
9,30,6476,2160,9.76278280918927,0.917092136131592,1.4397396250285082,0.0358714895776844,-2.571238236574101,20.01751192685165,0.2197313253434993,350,0.05,10,0.9,0.6,0.5,1.0,0.0,2,0.3333333333333333,-0.1151515151515151
86,30,6477,2160,8.847655564627956,0.2694439214158342,7.9873250357913665,0.0975268664074261,-1.424021216438318,20.461454009126733,0.2344741723187225,350,0.3,10,0.9,0.6,0.0,2.0,10.0,1,0.3333333333333333,0.1123666437438736
22,30,6462,2160,10.69538246010192,0.784041716040618,2.7780303466945,0.0627093739007726,-2.198125625841464,22.763688810207785,0.2504389980991846,350,0.05,6,0.7,0.6,0.5,2.0,0.0,1,0.3333333333333333,0.1636363636363636
13,30,6480,2160,8.841290743083036,0.9991393385357684,0.1455577562763509,0.0034865382259002,-1.4990624976783509,14.934394613244672,0.186319827890254,350,0.3,10,0.9,0.6,0.0,2.0,0.0,1,0.0,-0.7212121212121211
34,30,6479,2160,8.665548023354555,0.999900077731514,0.0758866837720917,0.0012131062688193,-1.8920465245713047,23.004193416386844,0.2664360244521891,700,0.05,10,0.7,0.8,0.0,0.5,0.0,1,0.3333333333333333,-0.1519763859200161
35,30,6480,2160,11.391328627586546,0.9284856369169252,1.3733976477406338,0.0412487568820407,-1.801468213458896,13.872545366684594,0.16956049353801,700,0.05,10,0.9,0.8,0.5,2.0,0.0,2,0.3333333333333333,-0.1636363636363636
87,30,6476,2160,9.847527515358395,0.1138990547415864,8.972236767251083,0.1162670349886819,-1.616210298910779,21.52034919827073,0.2428646611332601,100,0.02,10,0.7,0.8,0.5,2.0,10.0,2,0.6666666666666666,0.3481553119113957
36,30,6480,2160,7.273671954119647,0.156213521742511,6.602522876704182,0.0922607075986267,-2.756496601597756,27.80551457722981,0.3074757382631274,350,0.3,10,0.7,0.6,0.0,1.0,10.0,3,0.0,0.0
28,30,6480,2160,8.232281017074431,0.9227274883543124,1.7787195669135087,0.0315162432094727,-1.5470210432968807,21.32467596254967,0.2375101938002621,100,0.05,6,0.7,0.6,0.5,1.0,0.0,1,0.0,-0.2121212121212121
41,30,6479,2160,11.377679158511697,0.8879297567889723,2.304241376369254,0.0447151980890002,-0.9874093307317008,18.824825938344,0.2055443053711038,350,0.02,6,0.9,0.6,0.5,2.0,0.0,3,0.0,-0.2484848484848484
50,30,6477,2160,9.687869766521692,0.1472435126016249,8.590811500619992,0.109534563307105,-1.73876162047998,19.898669610200105,0.2233683987227711,100,0.02,6,0.7,0.8,0.5,2.0,10.0,2,0.3333333333333333,-0.3745554791462456
54,30,6480,2160,9.503132331337389,0.9693737223787496,0.6452108085839126,0.023368627137688,-0.6757877589448693,16.471443473983694,0.1920469453244179,700,0.02,10,0.9,0.6,0.0,0.5,0.0,3,0.0,-0.3212121212121211
19,30,6476,2160,10.014792074626447,0.9236019078282672,1.1903597348281385,0.034136345743019,-1.5437189211673448,18.926210422779054,0.2134771714274444,700,0.3,6,0.7,0.8,0.5,2.0,0.0,2,0.6666666666666666,0.2727272727272727
30,30,6480,2160,10.933755814293283,0.4327945383677558,8.093271189030306,0.1023034952097283,-1.879177506439472,18.4470272482766,0.2184998510590913,350,0.3,10,0.9,0.8,0.5,0.5,10.0,2,0.3333333333333333,0.0369274472937998
17,30,6469,2160,7.748012066811677,0.8536316881892203,1.702197958526222,0.0436410182050326,-1.5645644428928818,16.22509851711768,0.1775476531675385,100,0.1,6,0.9,0.6,0.5,2.0,0.0,3,0.3333333333333333,0.4303030303030302
29,30,6480,2160,7.726456777522467,0.9424660599043077,0.975325334858794,0.0254800426785736,-1.9073487084835672,18.348689749563,0.2137638529886151,100,0.3,6,0.9,0.8,0.5,2.0,0.0,2,0.0,0.2242424242424242
73,30,6480,2160,8.351767303560276,0.912371522777501,1.357232154559428,0.0382882124769087,-2.695869585319003,20.437174632684705,0.2341301367965228,100,0.3,6,0.9,0.8,0.5,1.0,0.0,3,0.3333333333333333,-0.0545454545454545
14,30,6474,2160,10.5873724361481,0.0226563448915334,9.820282203384414,0.1244864974864494,-2.5369834911097717,19.10696789776837,0.2057615406027197,100,0.02,10,0.7,0.6,0.5,1.0,10.0,2,0.0,-0.5685352436149612
31,30,6475,2160,10.34310125512328,0.0208958065407551,10.144527269783168,0.1239812338190417,-2.828207098864877,21.3123019361496,0.2328204092082014,700,0.02,10,0.7,0.8,0.0,1.0,10.0,1,0.3333333333333333,0.3418817293789138
16,30,6480,2160,9.770599361285957,0.9319413938100064,1.284753044648255,0.0329275835646769,-1.2383661327242137,19.407163582951934,0.224280655460656,100,0.05,6,0.7,0.8,0.0,1.0,0.0,3,0.3333333333333333,-0.1151515151515151
24,30,6477,2160,10.478335894838818,0.8604927897594822,2.2748152267830286,0.0494595201294567,-0.4624456201985367,16.123181907909885,0.1908466796062305,350,0.02,6,0.7,0.6,0.0,1.0,0.0,1,0.6666666666666666,0.0545454545454545
44,30,6476,2160,9.666981256492711,0.974140126423778,0.6849730278914689,0.0193954255624089,-1.0901105915152711,22.62550758803333,0.2414696816326998,350,0.02,10,0.9,0.6,0.0,2.0,0.0,1,0.3333333333333333,0.5272727272727272
85,30,6469,2160,9.016150163051178,0.9503895067318544,1.6959164150366737,0.0276156295673105,-1.5343235208887105,20.76613350827385,0.2314508132247643,100,0.02,10,0.7,0.8,0.0,0.5,0.0,1,0.6666666666666666,0.3221899381504342
58,30,6479,2160,8.41879692469352,0.9795227237311058,0.8658548078107212,0.0170586225755384,-1.158433843498572,19.350526531473196,0.2254791401046203,100,0.3,6,0.9,0.8,0.5,1.0,0.0,2,0.6666666666666666,0.3333333333333332
6,30,6480,2160,7.301378210708572,0.8239577751029058,2.140439893814852,0.0511883909481137,-1.857656239814988,19.714830802966045,0.2255139240673858,350,0.02,6,0.7,0.6,0.5,1.0,0.0,2,0.0,-0.1878787878787878
39,30,6479,2160,10.29486981096192,0.9727064740648286,0.9471772181028651,0.0220849144344349,-1.0154997802085388,22.22242909369645,0.2381019294273138,700,0.3,6,0.7,0.6,0.5,2.0,0.0,3,0.6666666666666666,0.8787878787878788
55,30,6480,2160,7.688898367507879,0.9418198626964208,1.13930646235772,0.0311852854028728,-1.0891216059024535,19.970004844892493,0.2355039635154573,100,0.3,6,0.9,0.6,0.5,1.0,0.0,2,0.3333333333333333,0.0909090909090908
95,30,6468,2160,9.655362349043358,0.8983233240773494,1.900329390237503,0.0381381090469039,-0.931667382892569,22.431614306287635,0.2502524196648304,100,0.05,6,0.7,0.6,0.5,2.0,0.0,2,0.6666666666666666,0.3212121212121211
69,30,6475,2160,7.7265758284385955,0.9551107858528508,0.8913440914055158,0.0238323802032306,-2.388529813333837,19.35909185370845,0.2103911451811855,700,0.3,10,0.9,0.6,0.5,1.0,0.0,1,0.3333333333333333,0.3333333333333332
38,30,6473,2160,10.0829021983815,0.3547369711127766,7.832066621416488,0.1058743636550351,-2.6951123867011173,20.77656553365566,0.2277915050095154,100,0.3,6,0.9,0.6,0.0,1.0,10.0,3,0.0,-0.2075123999456482
47,30,6469,2160,10.827351436356068,0.9237154096959658,1.4874893071557227,0.0413622163648448,-1.7432227954016644,16.204494930737546,0.2002837194869816,100,0.1,6,0.9,0.6,0.0,2.0,0.0,1,0.0,-0.6363636363636362
37,30,6469,2160,7.668306720503489,0.9995440079858172,0.1129110476843794,0.0025714508994774,-1.078088659246145,19.4215135205068,0.2281356560472018,350,0.05,10,0.9,0.6,0.0,0.5,0.0,3,0.3333333333333333,-0.0424242424242424
83,30,6480,2160,9.299069487165522,0.383171429317115,7.575513277966299,0.0990647269606472,-2.490484588375479,23.220302439089178,0.2636663562064706,350,0.3,6,0.9,0.8,0.5,2.0,10.0,2,0.3333333333333333,-0.3686722011749623
80,30,6480,2160,10.314969610671,0.9662150947277004,0.8978476258810434,0.0256633732829723,-0.7386201698202417,16.82269747477212,0.1944428668981405,350,0.3,10,0.9,0.8,0.5,1.0,0.0,3,0.3333333333333333,0.1151515151515151
77,30,6480,2160,9.631855660455392,0.9221199012036349,1.35478652886871,0.0366547494118506,-2.5487223182866408,19.92334503490495,0.2236436685466919,700,0.3,10,0.9,0.6,0.5,0.5,0.0,3,0.6666666666666666,0.6727272727272726
78,30,6477,2160,7.840820068654857,0.9621480236944404,0.8885463386330401,0.0208519757521913,-2.0900240296994075,20.748664298470096,0.2251108659136123,700,0.3,6,0.7,0.6,0.5,1.0,0.0,1,0.6666666666666666,0.3696969696969697
27,30,6477,2160,10.20648312404176,0.982339730758296,0.729331055891221,0.0156335375224717,-1.3286497025138164,20.904748706022897,0.2245422807928067,700,0.02,10,0.9,0.6,0.5,1.0,0.0,3,0.6666666666666666,0.1272727272727272
33,30,6480,2160,8.477266153325328,0.910462761549431,1.8768150829495336,0.0372167406576114,-0.749036534990863,16.823240609340093,0.2028093972303649,100,0.1,6,0.9,0.6,0.5,0.5,0.0,1,0.3333333333333333,0.3282689935872349
66,30,6480,2160,9.98464377094198,0.3707672745360461,7.679773470796185,0.0985221040717084,-1.7355430967983545,20.4434126717956,0.2228692501782026,350,0.1,10,0.9,0.6,0.0,1.0,10.0,3,0.3333333333333333,-0.0978634457890098
59,30,6479,2160,10.029615369699435,0.798116399818662,3.7526599218639674,0.0611704953808013,-1.277882598886146,17.76979863025524,0.1973664403824481,100,0.02,6,0.9,0.6,0.5,1.0,0.0,1,0.3333333333333333,0.3212121212121211
63,30,6480,2160,10.53619866753802,0.406222411288563,8.353537294482008,0.1033148748360625,-0.8969517825593167,18.65509685516357,0.2031408453777175,700,0.3,6,0.9,0.6,0.0,0.5,10.0,3,0.3333333333333333,0.6379932514169492
46,30,6472,2160,10.018414240835568,0.226159806601179,8.986895089774256,0.1112142377827197,-1.1295761841957797,20.34038285290753,0.2269711920469701,350,0.3,10,0.9,0.6,0.0,0.5,10.0,3,0.0,0.0
79,30,6480,2160,9.109360490215998,0.9634930377040584,0.871260318610397,0.0231592640269193,-0.4290570832242604,16.26181324073562,0.1753118859143427,700,0.1,10,0.7,0.6,0.5,0.5,0.0,1,0.0,0.0424242424242424
75,30,6480,2160,10.293114657966136,0.968014340384402,0.8602761851456402,0.021833841665119,-1.160938484852977,14.428287072530775,0.1690785799358611,700,0.3,6,0.7,0.6,0.5,0.5,0.0,2,0.3333333333333333,-0.0545454545454545
84,30,6480,2160,9.970563271634372,0.198558337703793,8.262677793944324,0.1034957914604944,-2.351213303167145,22.376158584312154,0.2477103755693877,700,0.1,6,0.9,0.8,0.5,2.0,10.0,3,0.3333333333333333,0.4087153782054128
53,30,6480,2160,9.573456870984351,0.8943963758379405,1.5357683539026443,0.040275093048607,-1.33166745950731,19.49911744135397,0.2177337478494676,100,0.3,6,0.7,0.8,0.5,0.5,0.0,1,0.6666666666666666,0.4787878787878787
12,30,6466,2160,11.998545273772557,0.1840111601048559,10.426092958494564,0.1310900182893682,-2.8500991180832207,19.955689167269952,0.2217100503052561,350,0.05,10,0.7,0.6,0.5,1.0,10.0,3,0.3333333333333333,-0.3119397334524688
65,30,6480,2160,9.083236983891256,0.9656002002570828,1.0018409024785966,0.0214647934678376,-1.33013649336147,20.65674810418376,0.2331317076548309,100,0.1,10,0.7,0.6,0.5,1.0,0.0,1,0.3333333333333333,0.0364743326208038
4,30,6471,2160,8.472220282662708,-1.475589144206424e-07,8.429796827655545,0.111889642689333,-2.7242702048275174,25.232107503679064,0.2713311389124327,700,0.02,10,0.7,0.8,0.5,1.0,10.0,3,0.0,0.0
94,30,6480,2160,7.725617520399203,0.91916430782956,1.3724326720297608,0.0387176582931257,-1.9214424977302444,18.076816546843837,0.2096904767055775,350,0.1,6,0.7,0.8,0.5,2.0,0.0,2,0.3333333333333333,-0.0790277206784084
92,30,6479,2160,9.572018589546753,0.9225571586004456,1.530139335700765,0.0379267384343983,-1.5855433303875688,13.158361443576784,0.1537918413275716,350,0.05,6,0.7,0.8,0.5,1.0,0.0,2,0.3333333333333333,0.0181818181818181
76,30,6476,2160,11.091245371049476,0.3127811508848581,9.161922006978156,0.1185643986957512,-1.604992054448828,21.67824649828452,0.236254485970427,700,0.3,6,0.7,0.6,0.5,2.0,10.0,1,0.3333333333333333,-0.1424483163226873
40,30,6480,2160,9.26660583384243,0.9621150005593166,0.8042689673523276,0.0230118326242485,-1.2109377278769533,17.27704025330367,0.196456213868381,350,0.02,10,0.9,0.6,0.0,1.0,0.0,2,0.6666666666666666,0.5878787878787878
49,30,6477,2160,10.251106891975988,0.725358221870975,4.199065386945311,0.0706091389080308,-1.508305281962965,17.258326321751984,0.1852420765753962,100,0.02,6,0.9,0.6,0.0,0.5,0.0,2,0.6666666666666666,0.7454545454545454
81,30,6479,2160,8.87962024416365,0.2344374096183841,7.446809575086318,0.1023241216393686,-2.294131528822309,24.439759780742506,0.2667066968848203,700,0.3,10,0.7,0.8,0.5,2.0,10.0,1,0.6666666666666666,0.2901294265928297
61,30,6476,2160,9.26734454886766,0.9999119982095724,0.0737470727491793,0.0010692356334278,-1.547777201427968,22.45331441508692,0.2487389510786625,700,0.3,10,0.9,0.8,0.0,1.0,0.0,1,0.6666666666666666,0.3939393939393939
26,30,6469,2160,9.600235137750678,0.9814948765745408,0.7221341333090341,0.0171408098068498,-0.9870316807236708,17.97544370355753,0.2058977429734785,700,0.3,6,0.9,0.6,0.5,1.0,0.0,1,0.3333333333333333,-0.0545454545454545
5,30,6480,2160,11.230290547736724,0.9612607105396984,1.007227764625498,0.0270522607806984,-0.488763553900853,15.255844128661684,0.1742302177782882,100,0.05,10,0.7,0.6,0.0,0.5,0.0,3,0.3333333333333333,0.2121212121212121
67,30,6476,2160,9.229997365031826,0.9675262493097734,1.043472259471206,0.0227648584256076,-1.9642453043463892,17.605511107584807,0.1914338333376132,100,0.1,6,0.9,0.6,0.0,2.0,0.0,2,0.6666666666666666,0.4424242424242424
74,30,6480,2160,9.676124904405922,0.8480150804765213,3.1856970387697223,0.0519203305044637,-0.4048087133054416,15.288527306362434,0.1737985884509051,100,0.02,6,0.7,0.8,0.0,0.5,0.0,2,0.3333333333333333,0.3575757575757575
98,30,6479,2160,11.119082294390276,0.9516488950092706,1.399743582893784,0.0313453639729459,-2.2013015849801763,19.827966618642503,0.2302612783623749,100,0.3,6,0.7,0.8,0.0,2.0,0.0,2,0.0,-0.7333333333333332
72,30,6480,2160,9.066502266414693,0.9223029636982292,1.1223539034360075,0.034364188394142,-1.6619678875582111,19.051166640907457,0.2137287788194471,700,0.1,10,0.7,0.6,0.5,0.5,0.0,3,0.3333333333333333,0.006060606060606
23,30,6480,2160,9.827369476671612,0.903610170027923,1.55936720345739,0.042666303699114,-1.5317855703677394,20.61560288280598,0.2251946120968218,700,0.1,6,0.7,0.6,0.5,2.0,0.0,1,0.3333333333333333,0.5636363636363636
64,30,6480,2160,11.397714251154737,0.8393096324717744,3.5974242988891074,0.0576233302708805,-0.9676349412910086,19.58446913176113,0.2133593776103304,100,0.02,10,0.9,0.6,0.0,0.5,0.0,1,1.0,0.5272727272727272
56,30,6477,2160,8.356942380394399,0.910569184927749,1.415569064449478,0.0384930374434822,-1.6535475398979351,16.402103505278077,0.1876225587224964,700,0.02,10,0.9,0.8,0.5,0.5,0.0,2,0.3333333333333333,-0.2242424242424242
70,30,6480,2160,9.9231943191128,0.3282482611506372,8.024719811839823,0.0972019716394498,-3.072975850301357,21.214083257427923,0.2243547898980383,100,0.3,10,0.9,0.8,0.0,1.0,10.0,3,0.3333333333333333,0.2667968432263687
93,30,6480,2160,9.413901858323268,0.928760949949508,1.435251201757612,0.0334076615306795,-1.2141539159303414,16.587796287536623,0.2020434383956395,100,0.3,6,0.9,0.6,0.5,2.0,0.0,1,0.0,-0.3818181818181818
1,30,6476,2160,11.372665960918855,0.4826182516380075,8.412827503894714,0.1081026043518635,-0.9718458678699522,18.948183667571456,0.2113524257010567,100,0.3,6,0.9,0.8,0.0,2.0,10.0,2,0.3333333333333333,0.4640184600995216
48,30,6472,2160,10.175411404895284,0.9556763030184864,1.3189077846006847,0.0279712931660115,-0.5735850531486073,17.52525523769083,0.2002614553915965,100,0.3,6,0.7,0.6,0.5,0.5,0.0,1,0.3333333333333333,-0.0787878787878787
68,30,6479,2160,10.639482920360075,0.3750646706912559,8.705408885159192,0.1080593414756925,-1.1221950135578769,16.569645238275882,0.1829488934828399,700,0.3,6,0.7,0.6,0.5,0.5,10.0,3,0.3333333333333333,0.8361096827635996
97,30,6480,2160,9.229763607268715,0.9649231076688738,1.1117089464672276,0.0235033067876368,-0.8801316505012431,17.89380374442648,0.1961305940887296,100,0.1,10,0.7,0.6,0.5,1.0,0.0,2,0.3333333333333333,0.3575757575757575
2,30,6477,2160,8.763979011379977,0.0533702514106239,8.40389406428912,0.1067573051993731,-2.2852486703767614,21.81174134590008,0.2434195551461564,100,0.05,6,0.7,0.6,0.0,2.0,10.0,2,0.6666666666666666,0.2421996715169182
21,30,6480,2160,10.563727102713823,0.969014654401968,1.0004079112521211,0.0260445733057625,-0.1628573042400385,15.630899837811787,0.1780768621474898,100,0.05,10,0.9,0.6,0.0,1.0,0.0,2,0.6666666666666666,0.6363636363636362
89,30,6480,2160,11.890151023334926,0.3881519954703458,9.018927314546373,0.1127037878699092,-3.1440110888449078,18.155348545357032,0.1976583278982751,350,0.3,6,0.7,0.6,0.5,0.5,10.0,3,0.3333333333333333,-0.0778498944161523
90,30,6480,2160,12.393309080757827,0.9810289152705765,0.8933190335433046,0.021015787672125,-1.303580179467878,16.710949379516837,0.1919919931541263,700,0.3,6,0.9,0.6,0.0,1.0,0.0,2,0.0,-0.1878787878787878
20,30,6480,2160,10.39483432928721,0.0499782429171321,9.816149675463452,0.1154894646489164,-1.526763473001151,18.962847193611992,0.2100174325289816,350,0.02,6,0.7,0.8,0.5,0.5,10.0,1,0.3333333333333333,-0.1639035953434708
45,30,6480,2160,11.02345477581024,0.2127018424075585,9.67455997078507,0.1190893754786455,-2.513838981526684,21.8348707234418,0.2402456042000855,100,0.3,10,0.9,0.6,0.5,0.5,10.0,1,0.0,-0.4677476657214643
42,30,6473,2160,9.002169925332755,0.9949789354723688,0.3422894672405667,0.0096396532351118,-1.9446737984109248,20.203264398699915,0.2256294014267363,100,0.3,10,0.9,0.6,0.0,1.0,0.0,1,0.0,0.1636363636363636
60,30,6469,2160,9.570600444305608,0.925236252708772,1.1685447468220873,0.0369205296296899,-1.2579519492793594,14.110809227316471,0.1662295002665631,350,0.1,10,0.9,0.8,0.5,1.0,0.0,3,0.3333333333333333,-0.006060606060606
99,30,6479,2160,9.676722183657349,0.2399062394294322,8.309832706987205,0.1078479251069489,-2.2351579913175903,25.474270193311902,0.2808143287754343,700,0.3,10,0.9,0.6,0.0,0.5,10.0,1,0.0,-0.4924148073244166
91,30,6474,2160,7.498609343891575,0.8348598051679157,1.7875579556470336,0.0484617930357805,-2.3197733544074217,20.200948457448845,0.2185103971191881,350,0.05,10,0.9,0.6,0.5,0.5,0.0,2,0.6666666666666666,0.5151515151515151
96,30,6480,2160,9.494250042400488,0.9533343626314696,0.8632567578815654,0.0271996418888711,-1.593519626040468,18.506195441340463,0.2131210974129413,700,0.3,10,0.9,0.8,0.5,0.5,0.0,3,0.6666666666666666,0.2256139503280685
7,30,6480,2160,10.944750786876236,0.778563028545054,3.9552229810092174,0.0637983712559384,-2.5481628868957764,19.720958849831863,0.22460001360088,100,0.02,6,0.9,0.8,0.0,0.5,0.0,3,0.0,-0.5515151515151515
9,20,4316,2160,7.002490550296431,0.9247199065858942,1.29960493450647,0.0334650676606492,-2.114240027668852,18.24862937706764,0.2051911403278236,100,0.3,6,0.9,0.8,0.5,0.5,0.0,2,0.3333333333333333,-0.4181818181818181
57,20,4320,2160,7.279330734492288,0.9997435751466468,0.0823591085804708,0.0016712668664284,-3.417791041435545,26.3765165407202,0.2945936055737151,350,0.1,10,0.9,0.6,0.0,2.0,0.0,1,0.0,-0.0424242424242424
13,20,4320,2160,11.060000842555803,0.799069665444046,3.7091422250425374,0.0580033988922521,-1.3679283241354223,15.160783562086246,0.1813655477705889,100,0.02,6,0.7,0.8,0.0,1.0,0.0,1,0.3333333333333333,-0.0424242424242424
8,20,4320,2160,8.348145021288484,0.3417524982390646,7.0030668037909045,0.1004164458480732,-1.9690640306093128,23.45835935945864,0.2602491770713878,350,0.1,10,0.7,0.6,0.0,0.5,10.0,1,0.0,-0.2132007163556104
15,20,4320,2160,4.04549150211535,0.9992428962204992,0.096543086210245,0.0017997194930422,-4.861921049625215,27.77245460125928,0.2955500308991826,100,0.3,10,0.9,0.6,0.0,2.0,0.0,3,0.6666666666666666,0.1272727272727272
51,20,4315,2160,7.586760994811368,0.9998245225631648,0.0858018886800874,0.0016684527349842,-1.2424983699212149,19.838706208265005,0.2244752700756776,100,0.3,10,0.9,0.6,0.0,0.5,0.0,3,0.6666666666666666,0.0
12,20,4306,2160,11.380841522416006,0.0846462579835647,10.462916675502068,0.1359825867443723,-2.948196697980594,20.25142267068227,0.2245167856198107,350,0.05,10,0.7,0.6,0.5,1.0,10.0,3,0.6666666666666666,0.1118517881431607
11,20,4320,2160,12.249546817707856,0.9813402570626863,0.7676727577636153,0.0188282698171424,-0.2756589084565104,14.192906361122924,0.1756620012194978,350,0.3,10,0.7,0.6,0.5,2.0,0.0,1,0.0,-0.006060606060606
71,20,4320,2160,9.8453486861054,0.8474528546609126,2.2259815728232373,0.0539354817574401,-0.7685990561896607,16.116753497543158,0.1901662553343829,350,0.02,10,0.7,0.6,0.5,2.0,0.0,1,0.0,-0.1393939393939393
43,20,4312,2160,10.062427449984767,0.2586754222202432,8.46989404336862,0.107183359427986,-3.3498163718533114,21.721555234767774,0.2346145518358536,100,0.3,10,0.9,0.8,0.5,0.5,10.0,2,0.3333333333333333,0.5238227218271837
32,20,4309,2160,11.36247613573451,0.3189586224566278,8.92229774598595,0.1118553881707027,-1.946608178714317,24.758996470769247,0.2654856056844999,700,0.02,6,0.7,0.6,0.0,0.5,10.0,2,0.6666666666666666,0.125
3,20,4316,2160,11.292113981775945,0.4278452747877783,8.123504703237128,0.1018965910628032,-1.8137183644833736,20.217987934836632,0.2284153667094804,350,0.3,10,0.9,0.6,0.0,0.5,10.0,3,0.3333333333333333,-0.3133397807202561
10,20,4317,2160,8.629406666875656,0.9138293820133584,1.4939275359400557,0.0333461362974361,-2.7250629118219094,23.353242453754003,0.258601720532641,350,0.1,6,0.7,0.6,0.5,0.5,0.0,1,0.3333333333333333,0.3939393939393939
54,20,4320,2160,7.5034276829822275,0.8979022620497082,1.1959744109408377,0.0337016673675978,-1.433892961022961,19.81384957014514,0.2314454429775128,350,0.3,6,0.7,0.8,0.5,1.0,0.0,1,0.3333333333333333,0.0424242424242424
25,20,4315,2160,9.478328862005672,0.0239838298056225,8.533816597586021,0.1025050721375007,-1.5627480269771317,22.670873096430743,0.2582764423424667,350,0.02,6,0.7,0.6,0.0,2.0,10.0,3,0.3333333333333333,0.0348155311911395
29,20,4320,2160,9.743927350353314,0.449436029298743,7.024845165588237,0.0886398394064379,-2.286714339906602,20.65365426266635,0.2272828604153359,700,0.3,6,0.9,0.6,0.0,1.0,10.0,3,0.6666666666666666,0.7346938883551641
59,20,4320,2160,11.272697222017923,0.9999622186408224,0.0572250278209342,0.0008137977965231,-2.168666964175967,20.06068101520646,0.232780146921319,700,0.3,10,0.7,0.8,0.0,2.0,0.0,2,0.0,-0.2969696969696969
21,20,4320,2160,11.506867829128172,0.9559836326234686,1.0570603619336234,0.0307524443577746,-0.6530543343231179,19.102956325696024,0.2123185043522892,700,0.05,6,0.7,0.8,0.5,0.5,0.0,1,0.3333333333333333,0.1636363636363636
63,20,4320,2160,9.462065833097023,0.9731087810426454,0.9476215867031108,0.0194865809641772,-1.3035154237951074,19.76520377724259,0.2238539034206103,350,0.05,10,0.7,0.6,0.5,2.0,0.0,1,0.0,-0.0666666666666666
58,20,4319,2160,10.416868013696996,0.9994556541317138,0.1224453916304828,0.002836471516523,-1.1894354777510912,19.89623608519634,0.2270926480494098,700,0.02,10,0.9,0.6,0.0,1.0,0.0,1,0.3333333333333333,0.3696969696969697
62,20,4313,2160,11.484427482817852,0.408311003826172,8.842316955638932,0.1109543149351174,-3.58569578817355,17.894474724310417,0.1980156232081768,100,0.3,10,0.9,0.8,0.5,0.5,10.0,2,0.3333333333333333,0.2222603359729908
20,20,4320,2160,9.43509393193104,0.154912957077373,8.55166698279204,0.105652557374259,-2.0396968086368323,20.84440571184512,0.2303499825169444,100,0.3,6,0.7,0.8,0.0,1.0,10.0,2,0.6666666666666666,-0.0580258853185659
17,20,4320,2160,8.094183999330358,0.8696002280715035,1.3214693919898306,0.0408097858608391,-1.6789926190671154,16.40503118497354,0.1814654234188022,700,0.05,6,0.9,0.6,0.5,2.0,0.0,2,0.3333333333333333,-0.0181818181818181
52,20,4320,2160,9.097848436535092,0.9669856507872698,0.8799785438483351,0.0251034780493403,-2.018743197433297,20.25966339016402,0.2151392650512002,700,0.02,6,0.7,0.8,0.5,0.5,0.0,3,0.3333333333333333,-0.1823716631040193
35,20,4320,2160,13.955874961802689,0.9150260431316533,1.809502051011828,0.0495467952827919,-1.3285601410989276,11.670818395084805,0.1545879193875269,700,0.05,10,0.9,0.8,0.5,2.0,0.0,2,0.3333333333333333,-0.0303030303030303
34,20,4320,2160,9.671475389147073,0.9890288004611608,0.3970230517275878,0.0137749128115553,-0.8995718476700951,19.060968865509388,0.2159325778595489,700,0.02,10,0.9,0.6,0.0,2.0,0.0,3,0.3333333333333333,0.2188459957248232
31,20,4320,2160,11.753932571852648,0.0454866624599947,10.981921937907185,0.1315912010826768,-2.324930673143488,19.79773618857066,0.2169774661874196,350,0.02,10,0.7,0.6,0.5,1.0,10.0,2,0.6666666666666666,0.6396021490668313
28,20,4320,2160,9.426512036853367,-1.8409415444953225e-05,9.14670126526444,0.1097739029361443,-1.2322945069597435,20.02985828399658,0.2223523546037138,700,0.1,10,0.7,0.6,0.5,2.0,10.0,3,0.0,0.0
30,20,4320,2160,14.041881349528278,0.2901867926794996,10.55310314514019,0.1270038398114389,-1.5503931883366229,17.564157718375874,0.2056461080987605,350,0.05,6,0.7,0.6,0.5,1.0,10.0,2,0.3333333333333333,0.1402465096633939
50,20,4320,2160,9.67278792554228,0.9150334902862022,1.385938197028267,0.0372697710937339,-1.036442452856734,16.346947039542375,0.1926108222481915,350,0.3,6,0.7,0.6,0.5,0.5,0.0,1,0.3333333333333333,-0.1272727272727272
73,20,4320,2160,10.947708175403102,0.2714208975678333,8.531644252008862,0.112794171296224,-2.73232595899304,21.259400462751035,0.2352820429884483,700,0.05,10,0.7,0.8,0.0,0.5,10.0,2,0.0,-0.1875916198442167
80,20,4320,2160,10.912250396940443,0.1822968133440489,9.439370277192856,0.1180075193230544,-0.919380893146324,17.807819863601967,0.2043008824791634,350,0.02,6,0.7,0.6,0.5,2.0,10.0,2,0.3333333333333333,0.1495915184013531
14,20,4317,2160,8.820250699606415,-2.497208704266285e-07,8.339043166501007,0.1107730051691706,-2.9028440678398115,20.10050579583203,0.2161415624650057,100,0.02,10,0.7,0.6,0.5,1.0,10.0,2,0.0,0.0
24,20,4317,2160,11.97414610345466,0.2412057292555832,9.90950628558546,0.1216335883067728,-0.9785305035172328,19.055709074514883,0.2219811619954479,700,0.3,10,0.7,0.6,0.5,1.0,10.0,2,1.0,-0.1139605764596379
47,20,4320,2160,14.043461324285577,0.5218340962330998,8.868766520906377,0.1136646006528579,-1.8431476725785612,17.756433676613703,0.203898868787203,700,0.3,6,0.7,0.6,0.0,2.0,10.0,2,0.3333333333333333,-0.5834190638076266
16,20,4320,2160,11.444598108574196,0.3269411301985928,9.031778893294156,0.1132735792302065,-0.6710989951304989,16.72248949898614,0.1937882061586199,350,0.02,10,0.7,0.8,0.0,1.0,10.0,3,0.3333333333333333,0.2539296073578339
37,20,4309,2160,7.962203965469581,0.2122238900596774,6.861027055108705,0.0888303193389936,-1.6383260955041623,22.512614712538543,0.2570545930446589,350,0.3,6,0.7,0.8,0.5,0.5,10.0,3,0.3333333333333333,-0.0710669054518701
66,20,4320,2160,9.953594643177931,0.9270406598096468,1.485723059781985,0.0383295240401407,-1.241230771264927,18.401603891717063,0.2017305439635396,350,0.02,6,0.7,0.8,0.5,2.0,0.0,2,0.3333333333333333,0.5515151515151515
26,20,4320,2160,9.915184167259874,0.9911411648368468,0.5725809277343796,0.0108408522878153,-1.375156662726862,19.40953718233578,0.2251102760185695,700,0.3,6,0.9,0.6,0.5,1.0,0.0,1,0.0,-0.2848484848484848
39,20,4319,2160,11.714406179638146,0.9737004546525088,0.938240147494118,0.0212087797438476,-1.092703277869108,21.40436921971557,0.2426193106172873,700,0.3,6,0.7,0.6,0.5,2.0,0.0,3,0.6666666666666666,0.6363636363636362
33,20,4320,2160,8.05625223354057,-9.086993135731802e-07,7.6987148077399645,0.0998112571476837,-1.8335198104907715,22.77653745819021,0.2581378926266646,100,0.05,10,0.7,0.6,0.5,0.5,10.0,2,0.0,0.0
5,20,4320,2160,11.155624442100526,0.1763540233974369,9.395996310445996,0.1154070789814478,-1.1555914566072962,18.775145977161547,0.2096495053721639,350,0.02,10,0.7,0.8,0.5,1.0,10.0,3,0.6666666666666666,0.0
46,20,4315,2160,12.448135622200567,0.2369984948602185,10.017585864260466,0.1202990434597717,-1.2507191677235032,20.942066127989023,0.2333376408719535,100,0.3,10,0.7,0.8,0.0,2.0,10.0,2,0.3333333333333333,-0.0524377670804743
69,20,4315,2160,6.493495318185351,-1.0639456655692214e-06,6.24063316347425,0.0911300834040412,-4.928508397102321,26.0312085336226,0.2782880269537718,100,0.3,6,0.7,0.8,0.0,2.0,10.0,3,0.0,0.0
36,20,4320,2160,6.015459813306245,0.8344824578371084,1.485540415307288,0.0362911463633964,-2.5396877761177894,26.894017279403183,0.2984707870782508,350,0.02,6,0.9,0.8,0.5,2.0,0.0,3,0.3333333333333333,-0.3575757575757575
7,20,4320,2160,12.82638543014173,0.340163397075006,9.292773135061616,0.1110658064784751,-1.498454896956794,16.634624267860694,0.1884706640152491,350,0.3,6,0.7,0.8,0.5,2.0,10.0,3,0.0,0.0870388279778489
27,20,4317,2160,10.02430151833813,0.1689960049403271,8.694828940244193,0.1065471055248228,-2.0412390863399503,23.58845975805212,0.256608672538644,100,0.1,10,0.7,0.8,0.0,1.0,10.0,1,0.0,0.0
44,20,4316,2160,9.563910781323816,0.8937026492193768,1.879806429189987,0.0410131946941084,-1.0759626178846262,21.704489374723703,0.2406510389246995,350,0.02,6,0.7,0.6,0.5,2.0,0.0,2,0.0,-0.2242424242424242
19,20,4317,2160,9.41734312792671,0.7351619243564151,3.795749901013157,0.066602491146061,-0.9833862657068624,16.78833119308507,0.1885039826742545,100,0.02,6,0.9,0.8,0.0,1.0,0.0,2,0.6666666666666666,0.3939393939393939
38,20,4313,2160,9.610630705769456,0.3259972898628623,7.986749217959641,0.1062290484705454,-2.621033466793534,20.340346333185835,0.2254965840616753,100,0.3,6,0.9,0.6,0.0,1.0,10.0,3,0.0,-0.5611741626545853
55,20,4320,2160,6.265392845474546,0.9162422013449014,1.4114825644034743,0.038376525034946,-1.5141426234482225,22.30216294460676,0.2583516953573246,350,0.02,10,0.7,0.8,0.5,1.0,0.0,3,0.6666666666666666,0.2484848484848484
78,20,4317,2160,6.63656451083568,0.9648499484391418,0.8231631780971236,0.0219137040815423,-0.8586013943609845,14.43783737236703,0.1745856963548534,350,0.3,10,0.9,0.8,0.5,1.0,0.0,3,0.3333333333333333,0.3454545454545454
75,20,4320,2160,9.372338135860584,0.0260475250746304,8.583766978670049,0.1085720131644493,-2.68036963467526,19.93798843772323,0.2206546626742023,100,0.05,10,0.7,0.8,0.5,0.5,10.0,2,0.6666666666666666,0.0348155311911395
0,20,4320,2160,8.565549371065917,-5.163929392981714e-05,8.313899013510456,0.0994480514176643,-2.2761386165376885,23.41369233281524,0.2566606996073229,700,0.3,6,0.7,0.8,0.5,1.0,10.0,1,0.0,0.0
81,20,4319,2160,8.020171387519024,0.3429861075793118,6.566705413261038,0.0888238214213786,-2.3399351878491093,24.50200372007158,0.2685545238419416,100,0.3,6,0.9,0.8,0.0,1.0,10.0,3,0.0,0.0
65,20,4320,2160,8.625076466732311,0.9649350503554376,0.9470092766367372,0.0210703839901624,-1.0654541389505363,19.25473839866368,0.2194918718506151,350,0.3,6,0.9,0.6,0.5,2.0,0.0,3,0.3333333333333333,-0.2249250511616239
53,20,4320,2160,11.313836712660612,0.2669533106083729,9.239134440068849,0.1098208695936733,-1.2704808977447284,18.895878555509785,0.2148579206740546,700,0.3,6,0.9,0.8,0.0,0.5,10.0,2,0.0,0.0
2,20,4317,2160,7.815907114198367,0.0900205962762582,7.386507360057641,0.0993198537390869,-2.7002138584403768,23.22322080788789,0.2583358942340384,350,0.05,10,0.7,0.8,0.5,1.0,10.0,3,0.6666666666666666,0.2901294265928297
4,20,4320,2160,8.83292575765539,-4.143045490900832e-06,8.772634769369054,0.114390364397966,-2.4425668897456023,24.27916253619724,0.2608676585917233,350,0.3,6,0.7,0.8,0.5,0.5,10.0,1,0.0,0.0
79,20,4320,2160,8.642281159987691,0.9564800692213145,1.0914692535841957,0.0270596505587211,-1.0271585594133867,18.53766767612889,0.2087999705036078,350,0.3,6,0.7,0.8,0.5,0.5,0.0,1,0.3333333333333333,-0.2848484848484848
6,20,4320,2160,6.753705222767673,0.8818696649942742,1.5845724788616538,0.0424677235405078,-2.4359846877771005,21.21935342942675,0.2472828398898033,350,0.02,10,0.9,0.8,0.5,0.5,0.0,3,0.0,-0.2606060606060606
94,20,4320,2160,7.667858589808974,0.922358278765311,1.2858868003758377,0.0357494097553684,-2.6244819074994155,21.83642760631111,0.2335624401049553,350,0.02,10,0.7,0.6,0.5,1.0,0.0,1,0.6666666666666666,0.4012176588288426
70,20,4320,2160,9.023151565080452,0.9777268950626308,0.8405129146579297,0.0170243819005222,-2.6740140356532187,20.420962661144504,0.2130835060617098,350,0.3,6,0.7,0.6,0.5,0.5,0.0,3,0.3333333333333333,0.7173285415424762
64,20,4320,2160,11.031321834195223,0.9003512898288106,2.027905817565899,0.0469392531216096,-0.7599715060757237,17.24134411252759,0.2017865852665763,700,0.02,6,0.9,0.8,0.5,0.5,0.0,3,0.3333333333333333,0.1272727272727272
77,20,4320,2160,10.933602445302183,0.2301779165184931,9.172581443963228,0.1199540703482346,-2.513021454315462,20.05563340999462,0.2225158746581756,100,0.1,10,0.9,0.6,0.5,1.0,10.0,1,0.3333333333333333,0.3813850356982369
18,20,4320,2160,6.853829536393837,-2.322856688374841e-05,6.495647635106687,0.0818867172121919,-2.0449601854305755,24.756459178218137,0.2761504662191911,350,0.3,6,0.7,0.8,0.5,2.0,10.0,1,0.0,0.0
40,20,4320,2160,9.829337231759672,0.1570789444066992,8.822929012863723,0.1099628067524638,-1.6875488870000934,18.988010552370987,0.2165986278931458,100,0.05,6,0.7,0.6,0.5,2.0,10.0,2,0.3333333333333333,-0.3481553119113957
41,20,4320,2160,9.094604891667734,0.9999288549939436,0.0716980422836907,0.0011664530872774,-1.6410192574015223,21.03024450427521,0.2369450120943478,700,0.3,10,0.7,0.6,0.0,0.5,0.0,2,0.0,-0.2242424242424242
23,20,4320,2160,12.270945420866765,0.8371843808027639,2.6694347223745085,0.061991429192791,-1.0495360141536834,18.58685662544436,0.2026153352240614,350,0.02,6,0.7,0.6,0.5,1.0,0.0,3,0.3333333333333333,0.7333333333333332
61,20,4317,2160,10.531919073039392,0.990959943997998,0.5574994941545819,0.0118156995011259,-1.7081391860897233,23.20819576351334,0.2564475567369133,700,0.05,6,0.7,0.6,0.0,0.5,0.0,3,0.3333333333333333,0.4181818181818181
74,20,4320,2160,9.96097087820371,0.0465725818752742,8.99246643613886,0.118326350400046,-1.6824552298226512,21.30266949530001,0.2401617778765263,100,0.05,6,0.7,0.6,0.0,2.0,10.0,2,0.3333333333333333,-0.1899342940993965
72,20,4320,2160,9.86418793219107,0.8555607067939242,2.254339346072466,0.0529781498626852,-0.5382775539518916,14.43597858855018,0.1624721583247478,100,0.05,10,0.9,0.6,0.5,1.0,0.0,2,0.3333333333333333,0.103030303030303
67,20,4316,2160,9.54917046075374,0.9747964173150347,0.953603719769972,0.0201994203736275,-2.0257280373018087,17.322172884687234,0.1934089514271961,100,0.05,10,0.9,0.6,0.0,1.0,0.0,3,0.3333333333333333,0.0424242424242424
22,20,4308,2160,11.964618704886275,0.6720061300992023,5.319943673503323,0.0847692246026474,-1.2020522626058736,18.66650411720629,0.2078107496877081,100,0.02,10,0.9,0.6,0.5,1.0,0.0,2,0.0,0.0666666666666666
56,20,4317,2160,11.842974325792463,0.8393495585958489,2.5248869499915148,0.0560846970586262,-1.446205020372167,16.012599317872965,0.1801432711396113,100,0.1,6,0.7,0.6,0.5,1.0,0.0,3,0.3333333333333333,0.1515151515151515
82,20,4320,2160,10.003863945183932,-1.324750842357503e-07,9.668178775310516,0.1217750294984464,-1.7559175434841627,19.05753910523874,0.214138420462107,100,0.02,6,0.7,0.6,0.0,2.0,10.0,2,0.0,0.0
48,20,4320,2160,10.755717339256297,0.9511856846440588,2.20590325244047,0.0293036988272351,-1.3127157723286973,21.320897240572503,0.2427802690067115,100,0.02,10,0.7,0.8,0.0,0.5,0.0,2,0.3333333333333333,-0.1636363636363636
88,20,4317,2160,8.065040812081898,0.963204268768229,1.070105554731375,0.0205465425647951,-0.836933410463395,18.31225498144825,0.2033811626694419,100,0.3,10,0.9,0.6,0.5,1.0,0.0,2,0.3333333333333333,0.2242424242424242
86,20,4317,2160,11.185056729743922,0.3381787500086712,8.477024364537709,0.1019900564762908,-1.2751453706787927,19.11369923874184,0.2271597482645097,700,0.1,10,0.9,0.6,0.5,2.0,10.0,2,0.3333333333333333,-0.4954336943068622
45,20,4320,2160,10.7461822798517,-9.086020880122448e-07,10.53980192537661,0.1227981235307462,-2.431507285269107,21.910860577336063,0.2374143604236015,350,0.02,10,0.7,0.6,0.5,1.0,10.0,1,0.0,0.0
89,20,4320,2160,11.38037870923678,0.2891489323406626,9.062551779128889,0.1157517154054327,-2.4930964509360862,16.68032576649277,0.1814721361437915,100,0.05,6,0.9,0.6,0.0,0.5,10.0,3,0.3333333333333333,0.1556997888323046
42,20,4316,2160,7.876786881100443,0.8801627031358101,1.9549920394942768,0.0521433386278244,-0.766455649236411,14.510715206679178,0.1747545387959709,100,0.1,6,0.9,0.8,0.5,0.5,0.0,3,0.3333333333333333,0.6727272727272726
90,20,4320,2160,12.731738351362724,0.0681785143646924,11.575254453818005,0.1425052658214788,-1.649206236393597,18.357974543924687,0.205891934935433,100,0.02,10,0.7,0.8,0.0,2.0,10.0,1,0.3333333333333333,-0.1422318004437519
87,20,4317,2160,11.33578453519757,0.2810011192375065,9.474692386970052,0.1173575963974163,-1.373453994252491,20.568436232937707,0.2313227834367882,100,0.3,6,0.9,0.8,0.5,2.0,10.0,1,0.6666666666666666,-0.0201007563051842
98,20,4319,2160,13.081190956344289,0.4568376730395995,9.251896977673033,0.1174946147050053,-1.8054577368597255,19.52381791114807,0.2155556853151352,100,0.3,6,0.9,0.6,0.0,1.0,10.0,2,0.0,-0.2328702645485529
76,20,4316,2160,10.623527946716411,0.8307744955298011,2.367154660311035,0.0585917323446015,-1.195810415502999,18.67797155506081,0.2169073569701981,350,0.02,6,0.9,0.8,0.5,2.0,0.0,1,0.3333333333333333,-0.3696969696969697
85,20,4309,2160,7.057658376287629,0.9814386459083264,0.4428608851485737,0.0147614408838696,-1.9109937045135168,21.61334044095469,0.2480551893851802,350,0.1,10,0.7,0.6,0.5,1.0,0.0,1,0.3333333333333333,-0.2310041065984245
49,20,4317,2160,11.269089322478743,0.1298250442813538,9.47315613263068,0.1176590644833707,-2.8828934738146743,21.21874072251496,0.2304767824840529,700,0.3,10,0.7,0.8,0.0,1.0,10.0,2,0.6666666666666666,0.2901294265928297
91,20,4315,2160,7.105524421525805,-7.297720689969367e-07,6.893511520752625,0.1067830329644872,-3.25187180402877,22.693853023140523,0.2472908058652138,100,0.02,10,0.7,0.6,0.5,1.0,10.0,2,0.0,0.0
60,20,4309,2160,11.754721917024806,0.2823611481222443,9.134926209147665,0.1172939897300373,-2.2982091693789144,17.964613247270936,0.2009045852760345,700,0.05,10,0.9,0.6,0.0,1.0,10.0,1,0.3333333333333333,-0.0411258060576332
99,20,4319,2160,7.849160296347061,0.849016326492879,1.5901309851339658,0.0424428298919163,-2.4723603658697884,26.707051778961905,0.2909269220113,100,0.1,10,0.9,0.6,0.5,1.0,0.0,3,0.3333333333333333,-0.1757575757575757
84,20,4320,2160,7.386309393377092,0.942784409279668,0.9178883194739712,0.0256750507333853,-2.4243329429444604,21.92751995305824,0.2503981720013017,100,0.3,6,0.9,0.6,0.5,2.0,0.0,1,0.0,-0.1636363636363636
92,20,4320,2160,9.735635227706696,0.9244643778370024,1.4835995898582512,0.0397375868927842,-1.9322513290063636,14.375062477845288,0.1637789122604647,350,0.1,6,0.9,0.6,0.5,0.5,0.0,1,0.3333333333333333,0.2969696969696969
93,20,4320,2160,9.0436812494529,0.9995799306524576,0.1094499430775346,0.0022328757811144,-1.6128540066192358,19.497314372901563,0.219481752454523,700,0.05,10,0.7,0.6,0.0,2.0,0.0,2,0.3333333333333333,-0.0787878787878787
1,20,4316,2160,15.949540954788011,0.4144488850879425,10.806890231884664,0.1300787254138012,-0.9336090947362335,18.513274445357148,0.2092931884890055,100,0.3,10,0.7,0.8,0.5,1.0,10.0,2,0.6666666666666666,0.2894987457822983
68,20,4319,2160,10.48861481957837,0.9788229361330376,0.92425563160253,0.0200842408356221,-1.447715669125182,17.770546732730043,0.1964796728081362,100,0.3,6,0.7,0.8,0.0,2.0,0.0,1,0.6666666666666666,0.1999999999999999
95,20,4308,2160,8.34237820038663,0.9966703544075326,0.2039941442347884,0.0059802074261403,-1.1449165139540085,23.615389737924215,0.2637043588709065,100,0.1,10,0.9,0.8,0.0,0.5,0.0,3,0.6666666666666666,0.4787878787878787
96,20,4320,2160,9.387891188920966,0.9435078971745416,0.9372753191391386,0.0304247158010936,-1.1038282572909073,17.12550867968722,0.1919494253921483,700,0.02,6,0.7,0.8,0.0,0.5,0.0,3,0.6666666666666666,0.6158651076522952
83,20,4320,2160,8.836506243896569,0.8935313815096754,1.842323847174384,0.0457663994364716,-1.6561394529943398,20.6436997808516,0.2300050075480569,700,0.02,10,0.9,0.8,0.5,2.0,0.0,3,0.3333333333333333,0.2606060606060606
97,20,4320,2160,9.1760948423617,0.9974835862278384,0.367272924280059,0.0064614315961797,-0.8192045626379656,16.690131237408213,0.1929265427856252,100,0.3,6,0.7,0.8,0.0,0.5,0.0,2,0.3333333333333333,0.4909090909090908
0,75,16195,2160,8.26882826155827,0.8479171643882945,2.242873514632947,0.0465106583877269,-1.4737748751068152,20.58621896379524,0.2230274538825848,100,0.05,6,0.7,0.6,0.0,0.5,0.0,2,0.0,-0.1151515151515151
20,75,16189,2160,8.890204600288893,0.940188934821378,1.1690405055718125,0.0314843361937871,-0.3683223527862369,13.988455077188986,0.1545493776911824,350,0.1,10,0.9,0.6,0.5,1.0,0.0,1,0.3333333333333333,0.4545454545454545
15,75,16196,2160,6.882031935436939,0.809616590940702,2.0666324218321037,0.0482991574720728,-1.9406395263613616,19.432577194085827,0.2093302161394161,100,0.1,6,0.7,0.6,0.5,1.0,0.0,2,0.3333333333333333,0.4787878787878787
57,75,16194,2160,9.798318716592464,0.8785328830093873,2.2665238718081167,0.0470209367454195,-1.2769230680705128,18.895098958743944,0.2114924699836748,100,0.05,6,0.7,0.6,0.5,2.0,0.0,1,0.3333333333333333,0.1151515151515151
82,75,16194,2160,7.609817144864527,0.8450627089723487,2.1993547634408213,0.0518937342978669,-0.7800312299793533,14.434714795798063,0.1720977910998325,350,0.02,6,0.7,0.8,0.5,1.0,0.0,1,0.6666666666666666,0.5106406566912542
51,75,16191,2160,9.237138426867991,0.9545854987395056,1.045703000227131,0.02716748477436,-0.6315025770287472,17.626512813501886,0.1914680511207481,350,0.02,10,0.7,0.6,0.5,0.5,0.0,3,0.6666666666666666,0.6322217654272672
18,75,16185,2160,6.150514591445752,0.9683213246467632,0.5891923276582249,0.0173323690535389,-1.4794227510424718,22.47026752765532,0.2491898005963854,350,0.02,10,0.9,0.8,0.0,2.0,0.0,2,0.3333333333333333,0.0545454545454545
8,75,16188,2160,7.846545446418813,0.9406029787023884,0.9689337582339672,0.0288824630042673,-1.432589691218363,20.44208711100604,0.2355667629281606,350,0.3,10,0.7,0.8,0.5,1.0,0.0,3,0.0,-0.3818181818181818
88,75,16194,2160,8.23625155752135,0.9627227079163982,0.86405325539314,0.0241322109799113,-0.7521704068159867,17.782114995767675,0.1986333602911048,100,0.1,10,0.9,0.6,0.0,2.0,0.0,1,0.3333333333333333,0.1636363636363636
25,75,16184,2160,7.905626768561918,0.8856186431148093,1.815961919595088,0.0393397259292205,-0.5117625969316095,18.02735958852149,0.1983689249393086,350,0.02,6,0.7,0.6,0.5,1.0,0.0,3,0.3333333333333333,0.5515151515151515
6,75,16200,2160,6.667696027400915,0.8703292243144131,1.744997006335341,0.0418404141982207,-1.7688030937163286,19.185196772339854,0.2219802854747261,350,0.02,6,0.7,0.8,0.0,0.5,0.0,1,0.3333333333333333,-0.0787878787878787
71,75,16185,2160,8.505794076681326,0.9131098772263408,1.283224904525662,0.0363374676341467,-1.1466716889341613,18.62576745481403,0.2095084648111163,700,0.02,10,0.9,0.6,0.5,0.5,0.0,1,0.3333333333333333,0.2484848484848484
62,75,16192,2160,7.92276624747179,0.9565255492816386,0.9433650305744088,0.0254352855177362,-2.294738217569208,15.395115244322351,0.1678445690968901,100,0.3,10,0.9,0.6,0.5,0.5,0.0,2,0.3333333333333333,0.3333333333333332
28,75,16200,2160,8.08818287223618,0.956759532469027,1.17229543898381,0.0236127133255793,-1.1507239041071982,20.20834135208417,0.2182520434072268,700,0.02,6,0.7,0.6,0.5,0.5,0.0,2,0.6666666666666666,0.3454545454545454
2,75,16197,2160,7.251546855652409,0.9544213846714376,0.976967145809906,0.0218667229467339,-2.03305170942281,20.75003456916854,0.2338897811741852,100,0.3,6,0.9,0.6,0.5,0.5,0.0,2,0.3333333333333333,0.006060606060606
32,75,16186,2160,8.464999025964111,0.9457518820528644,1.085229713749815,0.0304608397907855,-0.4806130499802035,17.304427248239517,0.1881917455788321,700,0.05,6,0.9,0.8,0.5,1.0,0.0,1,0.6666666666666666,0.5227987675648555
87,75,16196,2160,7.537701951146846,0.9043348175548818,1.728805514566438,0.0378264040898508,-0.7660988051024213,17.77551733390049,0.1995425412133583,100,0.1,6,0.9,0.8,0.5,1.0,0.0,3,0.3333333333333333,0.1999999999999999
54,75,16192,2160,7.8898856772411134,0.93059583215579,1.2561673647362297,0.0329798104689684,-1.0123657755729258,18.9431381776377,0.2104511766078658,350,0.1,6,0.9,0.8,0.5,0.5,0.0,3,0.0,0.103030303030303
43,75,16187,2160,7.450364621087655,0.8695800693679087,2.066084553164034,0.0459580876261297,-1.5112226586662096,15.937046065926552,0.1782633625914082,350,0.02,6,0.9,0.8,0.0,1.0,0.0,1,0.6666666666666666,0.0607905543680064
3,75,16190,2160,8.031398843698657,0.936151624094382,1.093555079889078,0.0331491067283397,-0.8100042196712545,16.354114045180655,0.1831997172109739,100,0.05,10,0.9,0.8,0.0,0.5,0.0,3,0.6666666666666666,0.4787878787878787
50,75,16196,2160,8.427493775379613,0.9128297847675751,1.5467975424934477,0.0364540203797934,-1.231382531649492,18.264664202288348,0.2016190799858906,700,0.02,6,0.9,0.6,0.5,1.0,0.0,1,0.3333333333333333,-0.2969696969696969
14,75,16193,2160,7.3330260216195855,0.9330502412108188,0.9825565006157316,0.0292532394197253,-2.5509423337129977,18.701717319611586,0.2061671637472928,700,0.3,10,0.9,0.6,0.5,0.5,0.0,1,1.0,0.6242424242424242
65,75,16184,2160,8.323368108706832,0.9103561943252436,1.4634721954133785,0.0362125122370399,-0.6529187025941896,17.914582553671465,0.1963524890147981,350,0.02,10,0.7,0.8,0.5,1.0,0.0,1,0.6666666666666666,0.2674784392192283
10,75,16185,2160,7.484358143149477,0.9167006053781452,1.437418099154633,0.0323512349174315,-1.5089044654435613,18.96354721226074,0.2122299473454826,350,0.05,6,0.9,0.6,0.5,2.0,0.0,2,0.6666666666666666,0.3939393939393939
86,75,16192,2160,8.078704812508425,0.8747222950955278,2.0488017748133616,0.0451143493856184,-1.256613617500742,20.153901030873808,0.2262327139329659,350,0.02,6,0.7,0.8,0.5,0.5,0.0,1,0.6666666666666666,0.3696969696969697
52,75,16194,2160,8.941553538284671,0.9109724548099722,1.3402437593833028,0.0373480651215241,-1.6196208916021986,18.530183973842195,0.2004129674772902,700,0.02,10,0.9,0.6,0.5,0.5,0.0,3,0.3333333333333333,0.2735574946560291
24,75,16197,2160,9.245061828629892,0.8981686354497647,1.4264194591770951,0.0380556751661236,-0.9484766866093012,19.115403658637295,0.2202887670670683,700,0.02,10,0.7,0.6,0.5,0.5,0.0,3,0.3333333333333333,-0.2242424242424242
11,75,16179,2160,9.881686559521505,0.9139870614264068,1.8182833955440076,0.0392573458560646,-0.3714372625616111,16.340822050615593,0.1821371411833141,350,0.02,6,0.9,0.6,0.5,0.5,0.0,1,0.3333333333333333,0.2242424242424242
4,75,16191,2160,7.060247239411105,0.8741798048957109,1.59630201479953,0.039766253519133,-1.8868345784867917,22.31779707087411,0.2388856134761007,350,0.02,10,0.7,0.8,0.5,2.0,0.0,2,0.3333333333333333,-0.1636363636363636
30,75,16196,2160,8.097993088676724,0.7663421429261553,3.46527757542638,0.0567193963535551,-2.154527244127686,20.20946901244146,0.2287094271825335,100,0.02,6,0.7,0.8,0.5,0.5,0.0,2,0.3333333333333333,0.4787878787878787
75,75,16192,2160,8.98247762429755,0.929121437682904,1.07756826870177,0.0323955777230088,-1.2703358288169806,15.227490759999665,0.1733055380667298,350,0.1,10,0.7,0.6,0.5,2.0,0.0,1,0.3333333333333333,-0.006060606060606
5,75,16199,2160,9.581580169142171,0.9435075464208172,1.2398052650219848,0.0323531751870271,-0.7044636839806151,16.63187484070107,0.1864251458257752,100,0.05,10,0.7,0.6,0.0,0.5,0.0,3,0.3333333333333333,-0.0181818181818181
41,75,16188,2160,8.098876723991827,0.9551965785106932,1.091501732823911,0.0277740830975912,-0.5174760865773216,15.93609537579395,0.1796067750108617,350,0.05,10,0.7,0.8,0.5,0.5,0.0,2,0.3333333333333333,0.1999999999999999
17,75,16185,2160,8.122081520025201,0.8935294478535255,1.8302679986790455,0.0419164143379864,-1.626671783251823,16.203393823458917,0.1796846724289975,700,0.02,6,0.9,0.6,0.5,0.5,0.0,3,0.6666666666666666,0.4545454545454545
19,75,16191,2160,8.153291718892543,0.8912309317725794,1.4700677588665,0.040790201540595,-1.3850046961350708,19.03542045740066,0.2067100056267461,350,0.1,6,0.9,0.6,0.5,0.5,0.0,3,0.6666666666666666,0.406060606060606
13,75,16195,2160,7.078992080818144,0.9652355817739748,0.7781052615344283,0.0219202516518953,-1.354088123427705,15.54694718757045,0.1808347432355141,700,0.3,10,0.7,0.8,0.5,0.5,0.0,1,0.6666666666666666,0.4181818181818181
47,75,16183,2160,7.471080117600626,0.9660215816615882,0.7398846871446656,0.0225238542458146,-1.851498840143856,18.171331145934484,0.2041981049237305,350,0.02,10,0.9,0.8,0.0,2.0,0.0,3,0.0,-0.1999999999999999
76,75,16196,2160,7.980384796288628,0.8448358931512935,2.3778322059287302,0.0546163320559987,-0.6854579585089742,17.23896377391285,0.1900359753257536,350,0.02,6,0.9,0.8,0.5,2.0,0.0,1,0.6666666666666666,0.1757575757575757
9,75,16195,2160,8.474301901253272,0.942458581371664,1.2032001568797293,0.0332881129139888,-1.7018146840959163,17.549805862506233,0.1911218509072719,700,0.1,10,0.9,0.6,0.5,1.0,0.0,3,0.3333333333333333,0.0666666666666666
35,75,16191,2160,8.744173053919967,0.9414211492305128,1.1310636096300006,0.0336366718142367,-2.0526669626496106,14.801331471860824,0.1769992946594095,700,0.02,10,0.9,0.8,0.5,2.0,0.0,2,0.0,-0.4787878787878787
73,75,16192,2160,7.767773239399117,0.8004818574307795,2.3232361047050047,0.0545701786501416,-2.2465035853737847,19.80814461374724,0.2194355276542084,350,0.02,6,0.7,0.8,0.5,2.0,0.0,3,0.3333333333333333,-0.2121212121212121
95,75,16181,2160,8.673618565273282,0.9131111790008052,1.4768301817888825,0.0353210619508859,-0.9636974662828606,22.917187399112933,0.2523186787852446,350,0.05,6,0.9,0.6,0.0,2.0,0.0,3,0.6666666666666666,0.2969696969696969
31,75,16181,2160,9.072820965600474,0.2273747543831208,8.371115916930924,0.1055838710702035,-2.579630728539944,20.48306556948909,0.2251347061728379,100,0.3,6,0.9,0.8,0.5,1.0,10.0,2,0.6666666666666666,0.3361842555943227
21,75,16200,2160,7.514309963461019,0.9292552274826298,1.3103319045449606,0.034259357637716,-0.2704979567063383,16.440463920279786,0.1861363816666447,350,0.02,10,0.7,0.8,0.5,2.0,0.0,1,0.6666666666666666,0.4303030303030302
66,75,16200,2160,8.091285377125763,0.9354326698212478,1.2178435057389818,0.0324561525384095,-0.9775687634730216,17.438576987407828,0.1894934348655826,700,0.1,6,0.9,0.6,0.5,1.0,0.0,3,0.3333333333333333,0.0666666666666666
46,75,16188,2160,8.251167203416765,0.971345996452078,0.7830995692819298,0.0207476843804579,-0.7007742784797124,17.793351303515614,0.2028371442735564,350,0.05,10,0.9,0.8,0.5,0.5,0.0,1,0.0,-0.0666666666666666
7,75,16194,2160,8.035575664431295,0.8555571152389546,2.0729095759174903,0.0460436661176569,-1.2365476151828112,15.343966592506126,0.1783187774763925,350,0.02,6,0.7,0.8,0.5,1.0,0.0,3,0.3333333333333333,0.1393939393939393
34,75,16196,2160,7.235241977188165,0.9438374382540614,1.006774145531928,0.0273711210721408,-1.0133406336294015,20.76471983437185,0.2223048493826835,350,0.05,10,0.7,0.8,0.5,0.5,0.0,2,0.6666666666666666,0.4984825458176529
63,75,16196,2160,9.304026780774697,0.9036351515734128,1.7892172267656667,0.0399452874052001,-1.2869801044295244,19.94887743798671,0.2230490114054685,100,0.1,6,0.9,0.8,0.0,1.0,0.0,1,0.3333333333333333,-0.1272727272727272
77,75,16200,2160,8.292318874260701,0.9237429332717488,1.37388564377763,0.0369010318921941,-0.8634398197647766,14.582910286475112,0.1620609142192801,350,0.02,10,0.9,0.8,0.5,2.0,0.0,3,0.3333333333333333,0.8424242424242423
80,75,16194,2160,9.505485659881796,0.99758939738825,0.2820918640558384,0.0067830839093925,-0.3784306120293648,14.919050645808932,0.1731339006375285,350,0.1,10,0.9,0.8,0.0,2.0,0.0,2,0.6666666666666666,0.4424242424242424
94,75,16197,2160,7.029976033324696,0.9289012061018482,1.3592651966631126,0.0319023316285392,-1.6257550970001562,17.160766869412598,0.1987957723462045,100,0.1,6,0.9,0.8,0.0,2.0,0.0,1,1.0,0.4924034903808523
85,75,16189,2160,7.858425914470304,0.9728914062695052,0.5801790819173419,0.018865189642354,-0.8544549005062361,17.800059746327225,0.1979866110696433,350,0.02,10,0.7,0.8,0.0,0.5,0.0,3,0.3333333333333333,0.2066878848512219
12,75,16185,2160,9.432037558535534,0.8594265196740436,2.1880644085692653,0.0504543052268116,-2.705074546136715,19.04353320077613,0.2174943104896798,100,0.05,10,0.7,0.8,0.5,2.0,0.0,2,0.0,-0.5272727272727272
29,75,16195,2160,9.578333969171844,0.874509850095522,2.3994970741380603,0.0477313127465122,-0.5689161731433927,14.270433889119712,0.1570310651771136,100,0.05,6,0.7,0.8,0.5,0.5,0.0,3,0.3333333333333333,0.4181818181818181
58,75,16199,2160,8.548203191735654,0.9280158141423512,1.5080246607765402,0.0326864545871555,-0.5529511180728293,16.831040206595702,0.1912563625507061,700,0.02,6,0.7,0.6,0.0,1.0,0.0,1,0.6666666666666666,0.406060606060606
78,75,16193,2160,8.62683231312746,0.8108942639404167,2.426866510795481,0.0554614716173206,-0.9319144450118796,14.99410213828087,0.1779956853421201,350,0.02,6,0.7,0.6,0.5,1.0,0.0,1,0.3333333333333333,0.0424242424242424
53,75,16192,2160,8.324107609086353,0.826159743896524,2.2812555872183884,0.0482538682606146,-1.0113090560175078,18.38575916307944,0.2022236043345961,100,0.05,6,0.7,0.8,0.5,1.0,0.0,1,0.3333333333333333,0.1757575757575757
83,75,16184,2160,7.971729752268478,0.9405945308170688,1.0023078942237391,0.0285572263411535,-1.4084365175537932,19.23398158187116,0.219017822461047,700,0.05,10,0.7,0.6,0.5,2.0,0.0,1,0.0,-0.0666666666666666
38,75,16189,2160,10.033332808344689,0.8860821785565535,1.8455517769756595,0.0454807851730904,-1.4357789517083757,17.537234139243765,0.1849450170314638,700,0.05,6,0.7,0.8,0.5,0.5,0.0,3,0.3333333333333333,0.5410359338752574
23,75,16192,2160,8.741227694735032,0.856839150101363,2.180674359244408,0.0463375686188141,-0.9099250019977714,18.412920664968315,0.1955927227677821,350,0.02,6,0.7,0.6,0.5,1.0,0.0,3,0.6666666666666666,0.7454545454545454
49,75,16192,2160,9.007195171451677,0.912569116503834,1.499907358278289,0.0381556610966511,-0.9163813689987824,13.722833994787049,0.1619162416172954,100,0.3,6,0.9,0.8,0.0,1.0,0.0,1,0.6666666666666666,0.5272727272727272
98,75,16193,2160,9.18551778238539,0.9321656707075222,1.3923128218770255,0.0348838495849574,-1.0856634775877985,16.438744153477664,0.185857347493082,700,0.05,6,0.7,0.8,0.5,2.0,0.0,2,0.3333333333333333,-0.0303030303030303
16,75,16196,2160,8.228662401896568,0.9535374277814168,1.053241107084434,0.0289105365325938,-0.4585783378782921,15.43680322130521,0.1810469167953876,350,0.1,6,0.9,0.8,0.5,1.0,0.0,2,0.3333333333333333,-0.2363636363636363
74,75,16200,2160,8.053367340294976,0.9115473614958628,1.4587297331194893,0.0369775113117473,-0.933761586565314,18.523305773735046,0.2039102763404594,700,0.05,6,0.9,0.6,0.5,0.5,0.0,2,0.3333333333333333,0.3575757575757575
92,75,16180,2160,8.551226579562023,0.8689892737285638,2.13826980856025,0.0483531079797346,-2.0329706555752174,14.582029772323592,0.166567969164308,350,0.02,6,0.7,0.8,0.5,2.0,0.0,3,0.3333333333333333,0.4545454545454545
44,75,16194,2160,9.426735434422216,0.933675368502996,1.26912105878418,0.0335556657498002,-0.4612302715648988,19.073330989664903,0.2019004592691527,700,0.1,6,0.9,0.8,0.5,2.0,0.0,1,1.0,0.8424242424242423
84,75,16188,2160,8.357119550033183,0.8997461150883723,1.816284154916496,0.0395633172406498,-1.175960907700854,17.823183533041565,0.1996037547183932,100,0.05,6,0.9,0.8,0.0,2.0,0.0,1,0.6666666666666666,0.4787878787878787
55,75,16180,2160,6.36396900121153,0.8744650977651498,1.7467353951616214,0.0395992507538705,-0.6119689527148666,18.40313059513216,0.2068686578493229,100,0.05,6,0.9,0.8,0.5,1.0,0.0,1,0.6666666666666666,0.309090909090909
72,75,16199,2160,8.897617494184754,0.9287562086814548,1.1354591616604042,0.0325929076113545,-0.9891020825282396,16.491638369391225,0.1847524193947644,700,0.02,10,0.7,0.8,0.5,0.5,0.0,3,0.3333333333333333,0.0545454545454545
69,75,16195,2160,7.811223397402917,0.8203093866881532,2.427801503213764,0.0490358717689331,-1.886523000068613,18.19390298459265,0.1941821535153803,100,0.05,6,0.7,0.8,0.0,1.0,0.0,3,0.3333333333333333,0.0545454545454545
59,75,16181,2160,8.2494805198259,0.9053936112629052,1.4837804007079234,0.0383162507643193,-0.940424711656481,16.241784468105546,0.1821612670246548,700,0.02,6,0.9,0.8,0.5,0.5,0.0,1,0.3333333333333333,0.1757575757575757
67,75,16191,2160,9.26417743769819,0.849508227392164,2.333705097221129,0.0532038014178017,-1.7973866351696637,17.15878050080052,0.1859678514015819,350,0.02,6,0.7,0.6,0.5,1.0,0.0,3,0.6666666666666666,0.5393939393939393
39,75,16195,2160,9.093557016565606,0.9388197473248824,1.2413052002018474,0.0303198925711745,-1.6270259178122872,24.700693992188167,0.271833962501145,350,0.1,6,0.9,0.6,0.5,0.5,0.0,3,0.0,-0.2606060606060606
79,75,16195,2160,8.92357949235639,0.9185040768899024,1.532796872581319,0.0382665213357719,-0.5156272721618187,16.650888127706665,0.1805438830913726,350,0.05,6,0.9,0.8,0.5,1.0,0.0,1,0.3333333333333333,0.0787878787878787
99,75,16188,2160,7.99027696653957,0.9307033078944942,1.261433539311038,0.0324452644931971,-0.8381025019384054,19.63770186755392,0.2116685720717603,700,0.1,6,0.9,0.8,0.5,0.5,0.0,3,0.3333333333333333,0.6121212121212121
1,75,16187,2160,8.654145271242882,0.9304570731662192,1.219264366222326,0.0328644649388155,-0.7049464886906174,17.711412727824513,0.1965287675559393,350,0.02,10,0.7,0.8,0.5,2.0,0.0,1,0.6666666666666666,0.6484848484848483
56,75,16196,2160,9.599924383846176,0.8755431620221195,2.24762976935907,0.0479012800362102,-1.5588770135759464,17.061650756553366,0.1842452603480612,350,0.02,6,0.9,0.6,0.0,0.5,0.0,2,0.6666666666666666,0.6606060606060605
27,75,16194,2160,8.44741974280891,0.9589199874371004,1.0878239154885525,0.023700240016076,-1.1994660072766885,19.432999660775614,0.2182250870860274,700,0.02,6,0.7,0.8,0.0,1.0,0.0,1,0.3333333333333333,-0.1393939393939393
33,75,16197,2160,9.626368578868384,0.997957868024324,0.2447403672096227,0.0059361966221965,-1.3381739674980633,19.970831545450626,0.2344914672209432,100,0.3,10,0.9,0.8,0.0,0.5,0.0,3,0.6666666666666666,0.4437710468864471
89,75,16184,2160,6.698561672093698,0.9421593538132398,0.8648151329443967,0.0291366712081257,-1.888206230424447,15.334048974690615,0.1650132290859265,350,0.02,10,0.7,0.8,0.0,2.0,0.0,3,0.3333333333333333,0.3454545454545454
36,75,16200,2160,8.049564967756123,0.8252345559681524,2.189946528924911,0.0472760972796289,-1.867581739358878,24.58200192303569,0.2686440683954048,350,0.02,6,0.9,0.8,0.5,2.0,0.0,3,0.3333333333333333,-0.103030303030303
40,75,16200,2160,8.241459409477702,0.927109314549387,1.3159487309754327,0.0315835203734712,-0.819148239533438,15.422651434805656,0.178201583938296,700,0.02,6,0.9,0.8,0.5,0.5,0.0,3,0.6666666666666666,0.6121212121212121
64,75,16199,2160,9.296781752805057,0.8925924925608165,1.8274853798078283,0.0422892169908048,-1.09322065540981,19.75202405922046,0.2200629743400032,350,0.05,6,0.7,0.8,0.5,0.5,0.0,3,0.3333333333333333,0.2363636363636363
81,75,16199,2160,8.410940346317226,0.9478169260760304,0.9570474674874518,0.0272314798220454,-1.2416497561701232,20.039399952068926,0.2200124877411723,700,0.1,10,0.7,0.6,0.5,2.0,0.0,1,0.6666666666666666,0.2969696969696969
96,75,16195,2160,8.931244546622,0.92578877828476,1.2768592870034832,0.035517420856441,-1.0822880537306556,17.83948099374771,0.1909642529122825,350,0.02,10,0.9,0.8,0.5,0.5,0.0,3,0.3333333333333333,0.7256232456497339
97,75,16195,2160,10.31271633764946,0.9585931981860136,1.2079408821312396,0.0292177660455716,-0.71506733708756,16.16395768389106,0.1873233007031349,700,0.3,6,0.7,0.8,0.5,0.5,0.0,3,0.3333333333333333,0.4787878787878787
26,75,16181,2160,8.813615670807907,0.9327666976701176,1.3300737962843927,0.034957791230476,-0.0315450247886817,12.17819460493547,0.1483519586711447,700,0.1,6,0.9,0.8,0.5,2.0,0.0,2,0.6666666666666666,0.6242424242424242
68,75,16195,2160,8.870036792884758,0.9426274830209288,0.9955567270553628,0.028977851890046,-1.620425502471836,18.258215588367097,0.2032932930961587,100,0.3,10,0.9,0.6,0.5,0.5,0.0,3,0.3333333333333333,-0.0545454545454545
37,75,16188,2160,9.840116373930131,0.8798080316927197,2.0762662197592645,0.048856943742284,-0.2263583356014225,16.060148951008365,0.1752547611851122,100,0.1,6,0.9,0.8,0.5,1.0,0.0,3,0.0,0.3939393939393939
90,75,16191,2160,8.777046901926237,0.9009124783124262,1.8011268183187783,0.0417952761370517,-0.726135372689032,14.731266764093329,0.1661953532301698,100,0.05,10,0.9,0.8,0.5,2.0,0.0,3,0.3333333333333333,0.1272727272727272
22,75,16182,2160,8.96481725769451,0.8885037165461201,1.6902356728497463,0.0420239155975905,-1.9600832432753728,21.359928653935597,0.2409384767023404,350,0.05,6,0.7,0.8,0.0,2.0,0.0,1,0.3333333333333333,-0.0545454545454545
70,75,16193,2160,8.715283644961787,0.9482326191341536,1.2038392785586889,0.0274205390702512,-1.0934388828629822,14.743690989547304,0.1608457431694603,350,0.3,6,0.7,0.6,0.5,0.5,0.0,3,0.6666666666666666,0.2553203283456271
42,75,16193,2160,8.78875307705463,0.8393022533225826,2.420925754344526,0.0503081251049673,-2.027901637215097,20.13069804791499,0.2287957624822134,350,0.02,6,0.9,0.8,0.5,1.0,0.0,2,0.3333333333333333,0.103030303030303
48,75,16192,2160,7.515454325607314,0.9700690030067896,0.79975910706308,0.0214276828798656,-0.6532047736464779,18.348146355704024,0.205265320892784,350,0.1,10,0.7,0.8,0.5,2.0,0.0,3,0.6666666666666666,-0.0181818181818181
45,75,16200,2160,9.157461028728637,0.8189801832711578,2.7178811017901654,0.0562344830316094,-1.844700759280257,19.601415295313902,0.2161637252734149,350,0.02,6,0.9,0.6,0.5,2.0,0.0,3,0.6666666666666666,0.1515151515151515
61,75,16190,2160,9.566832071255153,0.9885099164124568,0.5609536892089941,0.0134413841246139,-1.1990291566488689,20.588721437998878,0.2310886252158106,100,0.3,10,0.9,0.6,0.0,0.5,0.0,2,0.3333333333333333,0.4181818181818181
91,75,16194,2160,7.387251997038729,0.9380973316547592,0.8465723992363066,0.0283978846066769,-1.149166324421409,16.295762436246434,0.1758137763552367,700,0.05,10,0.9,0.8,0.5,0.5,0.0,2,0.6666666666666666,0.6121212121212121
60,75,16180,2160,9.443192173527546,0.8950586767753816,1.6443960163580411,0.0416254758432389,-2.734309662320543,20.065865440054072,0.2137745080290161,700,0.05,6,0.7,0.8,0.5,1.0,0.0,3,0.6666666666666666,0.5515151515151515
93,75,16194,2160,10.008367266545278,0.889549055722415,1.911710917120984,0.0454045809901703,-0.7504095953560086,16.195340473938874,0.1796431616046817,350,0.05,6,0.7,0.8,0.5,2.0,0.0,3,0.3333333333333333,0.3212121212121211
9,310,66929,2160,6.645907026492894,0.8592142787987491,2.186029143580168,0.0466415258626549,-1.7459643451482378,16.995020446797348,0.1926770599165186,350,0.05,6,0.9,0.8,0.5,2.0,0.0,3,0.3333333333333333,-0.406060606060606
50,310,66929,2160,6.502874566160632,0.8553694643472783,2.2959846454661825,0.047518181905478,-0.7899693276425437,16.496018664054052,0.1805790686469694,700,0.02,6,0.9,0.8,0.5,1.0,0.0,1,0.0,0.2363636363636363
65,310,66929,2160,6.9605281611931575,0.9042423011265712,1.615639858950161,0.0386840338218145,-0.2442322607412357,15.395410178855611,0.1703575528289362,350,0.02,10,0.7,0.8,0.5,1.0,0.0,1,0.3333333333333333,0.5471149893120582
57,310,66929,2160,6.722630923229559,0.8738043799797706,2.0477255173128968,0.043971365259283,-0.7712635657030185,16.7341382085394,0.1865358564444364,350,0.05,6,0.9,0.8,0.5,0.5,0.0,2,0.6666666666666666,0.6363636363636362
63,310,66929,2160,6.825305878615319,0.8753767333073791,2.0660820913722846,0.0437056709694663,-0.4735870213083319,16.204237405321802,0.1790428586733846,350,0.05,6,0.9,0.8,0.0,2.0,0.0,1,0.3333333333333333,0.2484848484848484
5,310,66929,2160,6.96899517302009,0.8749499015083384,2.1114539352459403,0.0443870538525408,-0.1299363086044673,13.170908388649975,0.1517880554833022,350,0.05,6,0.9,0.8,0.5,0.5,0.0,3,0.6666666666666666,0.4909090909090908
99,310,66929,2160,6.773984622208189,0.8625937666876338,2.229540410180387,0.0454130187840403,-0.5077080921685981,17.807238537382194,0.1917035475886363,700,0.02,6,0.9,0.8,0.0,1.0,0.0,3,0.3333333333333333,0.3212121212121211
8,310,66929,2160,6.538284472665677,0.8324061668723982,2.580421051138259,0.0503435878614663,-0.72481873797269,18.229545283483134,0.1983587276423949,100,0.1,6,0.9,0.8,0.5,0.5,0.0,3,0.0,0.3454545454545454
66,310,66929,2160,6.867541812599273,0.8614135473722756,2.268707400352929,0.0463252013059277,-0.6733510648871268,15.552633133177403,0.1743098397143521,700,0.02,6,0.9,0.8,0.0,2.0,0.0,2,0.3333333333333333,0.5515151515151515
64,310,66929,2160,6.80089826627094,0.8717313866750283,2.079016514308187,0.0442687099255744,-0.64854414300448,17.568254290311426,0.1952943877971289,350,0.05,6,0.7,0.8,0.5,0.5,0.0,3,0.3333333333333333,0.3939393939393939
15,310,66929,2160,6.647198228640261,0.90023713826297,1.71242442360757,0.0387036848966925,-0.9009065969984617,15.36991137407444,0.1683028288012047,700,0.05,6,0.9,0.8,0.0,0.5,0.0,2,0.3333333333333333,0.4909090909090908
88,310,66929,2160,6.775676478232123,0.7900055058038788,3.212146698639939,0.0571343411583524,-0.3869810170434782,15.63779792249203,0.1767255238522279,100,0.05,6,0.7,0.8,0.5,1.0,0.0,1,0.0,0.1272727272727272
32,310,66929,2160,6.594124981745989,0.8131617234473304,2.86779618137167,0.0527332908768387,-0.5094207660195831,17.54692321026767,0.1900137129836977,350,0.02,6,0.9,0.8,0.0,0.5,0.0,2,0.6666666666666666,0.4498501023232478
0,310,66929,2160,6.496802057216082,0.8921059501035192,1.754432860689888,0.0408232502623128,-0.4506540966398797,15.47981472624673,0.1707891093326461,350,0.1,6,0.9,0.8,0.5,0.5,0.0,1,0.3333333333333333,0.4909090909090908
7,310,66929,2160,6.949135275215468,0.7990011701217372,2.988121152455659,0.0556855313084598,-1.059767349826863,14.90443806776294,0.1711264293325981,350,0.02,6,0.7,0.8,0.5,1.0,0.0,3,0.3333333333333333,0.1878787878787878
87,310,66929,2160,6.56700035433783,0.8680202764965923,2.213757008245746,0.0454383152912083,-0.5770254110399844,16.763936731506274,0.1885590346230034,700,0.02,6,0.9,0.8,0.5,1.0,0.0,1,0.6666666666666666,0.3212121212121211
14,310,66929,2160,6.642232372460515,0.8273784639591687,2.7133736971642164,0.0524118423115669,-1.0044856401063642,13.926308349415107,0.1548991951780143,100,0.1,6,0.7,0.8,0.5,1.0,0.0,1,0.6666666666666666,0.5030303030303029
24,310,66929,2160,6.876994755096376,0.8246689045342355,2.8275768086700017,0.0520300726170311,-0.1302346546761703,14.344269241315349,0.1677756982518661,350,0.02,6,0.7,0.8,0.0,1.0,0.0,3,0.6666666666666666,0.6848484848484848
10,310,66929,2160,6.827784212413308,0.8645110416497088,2.140972816798293,0.0454474922076545,-1.063082622359428,16.397058234987433,0.1924522152877651,350,0.05,6,0.7,0.8,0.5,2.0,0.0,3,0.6666666666666666,0.1636363636363636
60,310,66929,2160,6.855657523348422,0.8878273470530829,1.8382219684928385,0.0417115226290199,-1.121194558868456,14.780480093097797,0.1611168653169037,700,0.05,6,0.7,0.8,0.5,1.0,0.0,3,0.6666666666666666,0.6121212121212121
21,310,66929,2160,6.787734841460917,0.9040330627204274,1.6961830232648871,0.038641539703177,-0.1896204395025271,16.045679412108882,0.1801144227650891,700,0.05,6,0.7,0.8,0.5,0.5,0.0,1,0.6666666666666666,0.4787878787878787
71,310,66929,2160,6.758957344704153,0.8874675727651966,1.8674697794695303,0.0419020905381377,-0.1629464992841414,12.890023853745726,0.1542050612060243,350,0.1,6,0.7,0.8,0.5,2.0,0.0,1,0.6666666666666666,0.5151515151515151
97,310,66929,2160,6.917264239513808,0.8612473770918994,2.2731833538939603,0.0465350989416743,-0.2075245320787428,13.396308804686976,0.1571806914426629,700,0.02,6,0.7,0.8,0.5,1.0,0.0,2,0.3333333333333333,0.2727272727272727
85,310,66929,2160,6.884423228656873,0.8752021268831697,2.072850840469087,0.0441198739264456,-0.5987609481944027,16.91199040852004,0.1838312963060472,350,0.05,6,0.9,0.8,0.5,1.0,0.0,1,0.6666666666666666,0.7173285415424762
11,310,66929,2160,6.928971585363615,0.875439983894477,2.060661967662916,0.0440657243800252,-0.1871925714516544,15.062018758853274,0.1694615319761367,350,0.05,6,0.7,0.8,0.5,0.5,0.0,2,0.3333333333333333,0.5393939393939393
76,310,66929,2160,6.780219608362755,0.8111593023202299,2.910261354619982,0.0537467037885766,-0.4015757592352418,16.18392536401749,0.1732946482591092,350,0.02,6,0.9,0.8,0.5,2.0,0.0,1,0.3333333333333333,0.6848484848484848
43,310,66929,2160,6.787155898565511,0.8902282529634886,1.7970084930099783,0.04175577287198,-1.1256883358372205,13.983437077779737,0.1640096034113542,350,0.1,6,0.9,0.8,0.5,0.5,0.0,3,0.3333333333333333,0.0243162217472025
52,310,66929,2160,6.778773996125859,0.8477877319720519,2.3442195574773685,0.0484325619345534,-0.6602663494139751,14.828938849678746,0.1595495114775694,700,0.02,6,0.7,0.8,0.5,0.5,0.0,3,0.3333333333333333,0.6261427099904665
18,310,66929,2160,6.775146164985844,0.8648171549808757,2.204032186535302,0.0453895748879441,-0.1813265697779711,14.767901077756177,0.1720045588040084,700,0.02,6,0.7,0.8,0.5,0.5,0.0,1,0.0,-0.4181818181818181
51,310,66929,2160,6.754157144464001,0.8456919317158638,2.5588622910229537,0.0489509168257318,-0.3369195160360261,14.99182024901664,0.1733225485321338,100,0.1,6,0.7,0.8,0.5,2.0,0.0,1,1.0,0.8024353176576853
41,310,66929,2160,6.806359755039831,0.8190026050508209,2.8225191773389344,0.0528646930427644,-0.4075132705395368,15.695769204960929,0.1729768706603011,350,0.02,6,0.7,0.8,0.5,2.0,0.0,1,0.3333333333333333,0.0787878787878787
38,310,66929,2160,6.745626278855255,0.8859295962955864,1.8419109447196464,0.0423556402537376,-0.9830518636684512,14.755852927013676,0.1668747908188415,700,0.05,6,0.7,0.8,0.5,0.5,0.0,3,0.6666666666666666,0.5592731001856595
17,310,66929,2160,6.73807874323264,0.8736904978850278,2.1103337185746947,0.0448844153223239,-0.9299025082528076,13.078784771009728,0.1540195368673967,350,0.05,6,0.7,0.8,0.0,1.0,0.0,3,0.0,0.1151515151515151
25,310,66929,2160,6.736374896240266,0.817548277343987,2.8820261577645154,0.0529272521773448,-0.1755019284752119,15.51704267298734,0.1749216295756696,350,0.02,6,0.9,0.8,0.5,0.5,0.0,3,0.6666666666666666,0.7454545454545454
4,310,66929,2160,6.631704910446961,0.8570020111790133,2.290164978648084,0.046372281754774,-0.8986316738488622,18.057620286764923,0.1937311280842488,700,0.02,6,0.7,0.8,0.0,2.0,0.0,2,0.3333333333333333,-0.1878787878787878
28,310,66929,2160,6.7740129170464645,0.8660283994342034,2.217279484936345,0.0457135298878843,-0.4395968017617127,15.959131097661125,0.1785609237734177,700,0.02,6,0.7,0.8,0.5,0.5,0.0,1,0.6666666666666666,0.3575757575757575
62,310,66929,2160,6.966737883759421,0.8425116725762103,2.416887449660395,0.0496995666051309,-1.3328285592999445,12.636226204898623,0.1412336712579894,700,0.02,6,0.7,0.8,0.5,2.0,0.0,1,0.3333333333333333,0.2969696969696969
75,310,66929,2160,6.944587211377808,0.861011122712851,2.217632149976402,0.0469904317128538,-0.3923352859339639,11.554972706525415,0.1357185791635922,350,0.05,6,0.7,0.8,0.5,1.0,0.0,2,0.6666666666666666,0.7939393939393938
58,310,66929,2160,6.769363324663331,0.9337878258223382,1.1487067054668283,0.0319699475469804,-0.1669076105239713,14.530691094420574,0.165788817940364,350,0.05,10,0.9,0.8,0.5,1.0,0.0,1,0.6666666666666666,0.4424242424242424
3,310,66929,2160,7.0843893993175175,0.9069146389484768,1.5177202729868264,0.0382229175201721,-0.5756498596538688,15.564188988197737,0.170928650104595,100,0.05,10,0.9,0.8,0.0,0.5,0.0,3,0.3333333333333333,0.1151515151515151
33,310,66929,2160,6.66415248172046,0.823297100119936,2.8599608392379894,0.0524360479119961,-0.384683350818128,15.681803807417554,0.1804529012085935,350,0.02,6,0.7,0.8,0.5,2.0,0.0,2,0.6666666666666666,0.3343480490240355
54,310,66929,2160,6.919184073919411,0.9265688867877132,1.24989783793386,0.0335931140609866,-0.524436155264546,16.234243464293304,0.183169228874697,700,0.02,10,0.7,0.8,0.5,0.5,0.0,2,0.3333333333333333,-0.0303030303030303
34,310,66929,2160,6.809125807062037,0.9344004520921876,1.1924702483614635,0.0315889690467159,-0.4236031846072883,16.891649142426473,0.1869324864289453,350,0.05,10,0.7,0.8,0.5,0.5,0.0,2,0.6666666666666666,0.5531940447488588
12,310,66929,2160,6.67964478156054,0.8009926976245783,2.9662754562656715,0.0557130228628003,-1.6279372225600062,15.755388901542736,0.1831710852629843,350,0.02,6,0.9,0.8,0.5,2.0,0.0,1,0.3333333333333333,-0.2969696969696969
30,310,66929,2160,6.875923792788029,0.8482857055593928,2.378133826475623,0.0486458329121061,-0.3869105022934551,13.35557205799553,0.1516495560700499,700,0.02,6,0.7,0.8,0.5,2.0,0.0,3,0.6666666666666666,0.8545454545454544
86,310,66929,2160,6.780568314448192,0.8123276222913407,2.915364540176003,0.0537963401839463,-0.4056744771073983,15.7277760074536,0.1785538351595532,350,0.02,6,0.7,0.8,0.5,0.5,0.0,1,0.6666666666666666,0.3575757575757575
92,310,66929,2160,6.762329683072986,0.864190954150104,2.216261607744792,0.047016045551468,-1.3590242486440371,13.080999696856296,0.1469006065708762,350,0.05,6,0.7,0.8,0.5,1.0,0.0,3,0.3333333333333333,0.406060606060606
94,310,66929,2160,6.861801021878735,0.864432493219365,2.165027567605204,0.0456782380477429,-0.8014077819060244,13.662445345013229,0.1646592196883662,350,0.05,6,0.7,0.8,0.5,1.0,0.0,2,0.0,0.085106776115209
19,310,66929,2160,6.695866545110053,0.886585749012651,1.8497186823182232,0.0418183365583925,-0.8426775826275394,16.99597228512927,0.1816944056951046,700,0.05,6,0.7,0.8,0.5,2.0,0.0,2,0.6666666666666666,0.7333333333333332
31,310,66929,2160,7.101743562443279,0.8835714674937538,1.9051755032783533,0.0425666074080623,-0.9486619385275764,14.15935333583366,0.1661083970750192,350,0.1,6,0.7,0.8,0.5,0.5,0.0,3,0.3333333333333333,0.2121212121212121
49,310,66929,2160,6.910059195664277,0.8477911139319064,2.360056889230042,0.0488418697479487,-0.7109419143725255,14.008826800275733,0.1529914206157736,700,0.02,6,0.7,0.8,0.5,0.5,0.0,2,1.0,0.8424242424242423
20,310,66929,2160,6.676994032320991,0.8918705397096132,1.8108955655962933,0.041313017762238,-0.5059044328865376,14.138213677295932,0.1621331258305871,700,0.05,6,0.7,0.8,0.5,0.5,0.0,2,0.3333333333333333,0.1636363636363636
79,310,66929,2160,6.836688209257074,0.8377837857609357,2.569362994060731,0.0501898100930314,-0.4089493361844536,16.13437092431114,0.1740741413522989,100,0.1,6,0.7,0.8,0.5,2.0,0.0,2,0.6666666666666666,0.3818181818181818
67,310,66929,2160,6.71752816510981,0.865623335835064,2.1450972170776867,0.0461698449904919,-1.359106177751245,15.334069131866649,0.1707793552239913,350,0.05,6,0.9,0.8,0.5,2.0,0.0,1,0.6666666666666666,0.7212121212121211
82,310,66929,2160,6.911907814946555,0.8191770307840323,2.8513541487949263,0.0535708948736692,-0.6897038665083433,15.0464264766596,0.1676744089397822,350,0.02,6,0.7,0.8,0.0,1.0,0.0,2,0.6666666666666666,0.601826488243264
78,310,66929,2160,6.713295496576075,0.8621188667922143,2.1869546469800523,0.0462052483020083,-0.5142841306553974,13.378304083579115,0.1575865746614217,350,0.05,6,0.7,0.8,0.5,0.5,0.0,1,0.0,0.0787878787878787
59,310,66929,2160,7.020558507256207,0.8514411970840133,2.366200943849148,0.0480574667153528,-0.546569992441504,14.29028418203195,0.1626269172784051,700,0.02,6,0.9,0.8,0.5,0.5,0.0,1,0.3333333333333333,0.2969696969696969
77,310,66929,2160,6.894189014739207,0.900775197184542,1.76810182289022,0.0393359321221681,-0.8303354266435734,13.708669364893876,0.1606149406362287,700,0.05,6,0.7,0.8,0.0,1.0,0.0,1,0.3333333333333333,0.5878787878787878
74,310,66929,2160,6.780898348613052,0.8964338721844058,1.70860594281321,0.040097255037004,-0.209600379900644,14.447811510993375,0.1612718641589332,700,0.05,6,0.9,0.8,0.5,1.0,0.0,3,0.3333333333333333,0.6
39,310,66929,2160,6.635664200866546,0.810815144625718,2.907896636137824,0.0530914365826122,-0.4823000925154377,18.98570951587624,0.2041924146980396,350,0.02,6,0.9,0.8,0.5,1.0,0.0,2,0.3333333333333333,0.6
98,310,66929,2160,6.840434133765787,0.8529004351413331,2.347542566849348,0.0477893124670667,-0.6343860738524401,15.260520654287602,0.1645261530644742,700,0.02,6,0.9,0.8,0.5,0.5,0.0,2,1.0,0.7818181818181817
29,310,66929,2160,6.867571787500111,0.7817096439853672,3.256533511304534,0.0585137309356736,-1.005557888745762,15.966452229574877,0.1775428992895411,100,0.05,6,0.7,0.8,0.5,0.5,0.0,3,0.6666666666666666,0.4545454545454545
93,310,66929,2160,6.76257135395267,0.8642910971879547,2.1719081200079926,0.0458312495592464,-0.3869041572292837,14.219054019373877,0.1599057468232556,350,0.05,6,0.7,0.8,0.5,2.0,0.0,3,0.3333333333333333,0.0424242424242424
16,310,66929,2160,6.808656717828264,0.8184739271741851,2.8661030669483094,0.0530240152283273,-0.2828861141951322,14.33812791839794,0.1697932048701371,350,0.02,6,0.9,0.8,0.5,2.0,0.0,1,0.3333333333333333,0.2121212121212121
22,310,66929,2160,6.84069182743433,0.8227617605602295,2.728737121524134,0.0520948688008491,-0.5300290457929369,16.09284639360728,0.1732223937387905,100,0.1,6,0.9,0.6,0.5,2.0,0.0,3,0.3333333333333333,0.6
84,310,66929,2160,6.826813151330407,0.8555569154608893,2.2798154705401874,0.0470119378849896,-0.9014329638186942,16.501738087137543,0.1865879836061384,700,0.02,6,0.9,0.8,0.5,0.5,0.0,2,0.6666666666666666,0.4424242424242424
44,310,66929,2160,6.7593560386813705,0.9183842613075144,1.440054555735566,0.0350162768016685,-0.3699173794013226,18.30730887382119,0.1954902779898813,700,0.1,6,0.9,0.8,0.5,2.0,0.0,1,0.3333333333333333,0.6242424242424242
89,310,66929,2160,6.715126513645238,0.8565197648049014,2.245360282590389,0.0474504074895527,-1.075144706833672,12.34932488836624,0.1398713788399337,350,0.05,6,0.7,0.8,0.5,2.0,0.0,3,0.0,0.2727272727272727
27,310,66929,2160,6.789281659849716,0.861221885968076,2.254576820746252,0.0460893487029503,-0.7234488498234881,18.061582135977567,0.1931724764988439,700,0.02,6,0.9,0.8,0.5,0.5,0.0,1,0.6666666666666666,0.1636363636363636
37,310,66929,2160,7.261850035971179,0.9017450235403748,1.6975961767631509,0.0390898029885457,-0.0712647847618948,14.519646971777634,0.1637983588427936,350,0.1,6,0.9,0.8,0.5,0.5,0.0,3,0.0,0.3939393939393939
26,310,66929,2160,7.125739199800952,0.9129609428424508,1.5105403603759495,0.036682914777787,-0.2895333843229977,13.730280048509831,0.1658690988563331,700,0.1,6,0.9,0.8,0.5,2.0,0.0,2,0.3333333333333333,0.4303030303030302
2,310,66929,2160,6.689098794753224,0.8623920350819984,2.2757361841233883,0.046368411387811,-0.3500576930364996,13.75046884673613,0.1560441544552755,700,0.02,6,0.7,0.8,0.0,2.0,0.0,3,0.3333333333333333,0.4303030303030302
13,310,66929,2160,6.910135177757406,0.7814027500952998,3.30676298284163,0.0590057681017341,-0.4397170541900008,11.843994430656789,0.1414194325431656,100,0.05,6,0.9,0.8,0.5,1.0,0.0,2,0.3333333333333333,0.4909090909090908
35,310,66929,2160,6.832683690848985,0.884098083211995,1.8791284562217137,0.0428656180853865,-0.9062835401812636,12.25946636804828,0.139870320941983,700,0.05,6,0.7,0.8,0.5,1.0,0.0,3,0.0,0.2848484848484848
83,310,66929,2160,6.952329473131925,0.9218640042471778,1.2482513855774482,0.0344954840857078,-0.3193592760140402,14.533700871820804,0.1621038734624896,700,0.02,10,0.9,0.8,0.5,2.0,0.0,3,0.3333333333333333,0.6121212121212121
40,310,66929,2160,6.916592501466456,0.853987340133584,2.31902571141378,0.0478224708614703,-0.2797612301794068,13.13860378788577,0.1494658544925999,700,0.02,6,0.9,0.8,0.5,0.5,0.0,3,0.6666666666666666,0.7696969696969697
23,310,66929,2160,6.768988845224364,0.8980618904108381,1.6409569230922705,0.0395973914388614,-0.5115665681297086,15.737204303884951,0.1740035762687723,350,0.02,10,0.7,0.8,0.5,0.5,0.0,2,0.6666666666666666,0.6848484848484848
36,310,66929,2160,6.706268547382313,0.8100238763305622,2.8571215212741725,0.0532294083740181,-0.7559666468128685,19.718212449793462,0.2102216711083429,350,0.02,6,0.9,0.8,0.5,2.0,0.0,3,0.0,0.3575757575757575
55,310,66929,2160,6.659354115483588,0.879080429860377,2.056991742333105,0.0431869556328444,-0.2783180426877818,17.023822563676923,0.1842195935421097,350,0.05,6,0.7,0.8,0.5,2.0,0.0,2,0.3333333333333333,0.3939393939393939
56,310,66929,2160,6.927699498386493,0.8096886326830868,2.941713622600449,0.0548163628319491,-0.99917508436443,13.765002068391553,0.1628534762299325,350,0.02,6,0.7,0.8,0.0,2.0,0.0,1,0.0,0.0424242424242424
80,310,66929,2160,6.764398620820198,0.8826763982144705,2.0337639586234397,0.0432190926805865,-0.2469496296793707,13.517833215483911,0.1646698592358497,350,0.05,6,0.7,0.8,0.5,2.0,0.0,3,0.3333333333333333,0.0181818181818181
53,310,66929,2160,6.761652520026075,0.8236948756414552,2.833286054465874,0.0527464182662504,-0.4292728757938837,15.21775098476145,0.170470807440821,350,0.02,6,0.9,0.8,0.0,1.0,0.0,1,1.0,0.7333333333333332
73,310,66929,2160,6.891083406702244,0.807151736732441,2.896162249099258,0.0545051266166417,-1.001302709142606,15.729310432804956,0.1722881435899147,350,0.02,6,0.7,0.8,0.5,2.0,0.0,3,0.3333333333333333,0.2606060606060606
6,310,66929,2160,6.974008881728585,0.8549943615625855,2.312219558830901,0.0471164345306525,-0.759143809697397,14.631827076011234,0.1769371558579403,700,0.02,6,0.9,0.8,0.0,0.5,0.0,3,0.3333333333333333,0.0181818181818181
69,310,66929,2160,6.848455735408024,0.9154971512547408,1.344361484721189,0.0361869048499998,-1.4537453762752763,16.695987366349613,0.1790344263801036,700,0.02,10,0.7,0.8,0.5,0.5,0.0,3,0.6666666666666666,0.7696969696969697
81,310,66929,2160,6.707437693276736,0.8713080512048078,2.106344357971233,0.0443423030837456,-0.5316987294803188,16.039109523671645,0.1818654195938932,350,0.05,6,0.7,0.8,0.5,2.0,0.0,2,0.3333333333333333,-0.0303030303030303
1,310,66929,2160,6.846511871178377,0.8176179435218358,2.8597818982701115,0.0532255406853142,-0.3867291963136989,15.896974691660311,0.1772419763123329,350,0.02,6,0.7,0.8,0.0,0.5,0.0,1,0.3333333333333333,0.5757575757575757
90,310,66929,2160,6.959234422507537,0.8912054607845258,1.8036240160356003,0.0412998074276874,-0.4992730539147301,12.996875944626732,0.1548894431720495,700,0.05,6,0.7,0.8,0.5,0.5,0.0,3,0.0,-0.3575757575757575
48,310,66929,2160,6.813195645597993,0.8479071569079025,2.4998553259943197,0.0484703529006193,-0.2677633568997446,15.73544104165501,0.179751016339201,100,0.1,6,0.7,0.8,0.5,1.0,0.0,3,0.6666666666666666,0.1636363636363636
47,310,66929,2160,7.0249955687165935,0.8800069877859361,1.8849834932920164,0.0431285680471525,-0.7252398708551755,13.85721227760668,0.1588326752138201,700,0.05,6,0.7,0.8,0.5,1.0,0.0,2,0.3333333333333333,0.1151515151515151
72,310,66929,2160,6.889785331240836,0.9236647679401973,1.2791162040762445,0.0347170242207257,-0.5819735753442428,15.3133790833641,0.1647635765786296,700,0.02,10,0.7,0.8,0.5,0.5,0.0,3,0.3333333333333333,0.2484848484848484
68,310,66929,2160,6.782387731815359,0.8905967958598656,1.764257765776325,0.0415652094733416,-0.5721093207131425,13.99345067880772,0.1574629971396679,700,0.05,6,0.9,0.8,0.5,0.5,0.0,1,0.6666666666666666,0.8424242424242423
45,310,66929,2160,6.771679797381334,0.8271398821458311,2.68526746495371,0.0507519484869035,-1.4988665313273972,17.901909801275643,0.2025984190229651,100,0.1,6,0.9,0.8,0.0,0.5,0.0,3,0.0,-0.5878787878787878
61,310,66929,2160,6.852774411612039,0.8608316200776568,2.248045334734451,0.0463213351164842,-0.269950613459804,16.142472825602248,0.175612930914827,700,0.02,6,0.7,0.8,0.5,0.5,0.0,3,0.6666666666666666,0.6848484848484848
70,310,66929,2160,6.894429746088093,0.8812550670271685,1.8626961874316292,0.0427955070408073,-1.5621880648201474,16.546987664642984,0.1779446480139344,700,0.05,6,0.7,0.8,0.5,2.0,0.0,3,1.0,0.8145934285312865
46,310,66929,2160,6.65817265654429,0.8602732888335387,2.26240528571332,0.0462173768967393,-0.3789834110186831,16.734627755946583,0.1826432677786477,700,0.02,6,0.7,0.8,0.5,2.0,0.0,2,0.6666666666666666,0.7212121212121211
91,310,66929,2160,6.698752285321842,0.8893708035155896,1.82372393394103,0.0419193458697021,-0.7275754142695572,14.261418856360295,0.1576291001458231,700,0.05,6,0.7,0.8,0.5,2.0,0.0,2,0.3333333333333333,0.5393939393939393
42,310,66929,2160,6.761123593022475,0.8649652817996377,2.162409501724348,0.0453493509830281,-1.1119627929385718,17.660342973669373,0.1910821972849228,350,0.05,6,0.7,0.8,0.5,2.0,0.0,1,0.6666666666666666,0.7454545454545454
95,310,66929,2160,6.580734780425411,0.8876995762081767,1.962852059307134,0.0412352679033242,-0.4214224449691361,19.44481722500589,0.2146711567389867,350,0.05,6,0.7,0.8,0.5,1.0,0.0,1,0.0,-0.4545454545454545
96,310,66929,2160,6.64030924577663,0.8574309281222432,2.28830059429924,0.0470253057148036,-0.6405837498389371,15.304610335120444,0.1695043613700599,700,0.02,6,0.7,0.8,0.0,2.0,0.0,3,1.0,0.5548883643203848
8,220,47493,2160,7.218733938483607,0.8331946076006259,2.5773731405150087,0.051381052831857,-0.6488635541189789,17.623117079823103,0.1939420323740721,100,0.1,6,0.9,0.8,0.5,0.5,0.0,3,0.3333333333333333,0.0545454545454545
71,220,47499,2160,7.042129856551684,0.8457202462710949,2.5287806605685628,0.0488132485697725,-0.3171565641152833,13.87625829652504,0.1641109125693923,350,0.02,6,0.9,0.8,0.5,2.0,0.0,2,0.3333333333333333,0.4666666666666666
14,220,47500,2160,7.197107896704203,0.802153883892333,3.0448303564809907,0.0574694248142233,-1.1199652140048304,14.49086583762257,0.1592986348285126,350,0.02,6,0.7,0.8,0.5,1.0,0.0,3,0.6666666666666666,0.5030303030303029
28,220,47502,2160,7.12762778922301,0.890933589003412,2.003058450708956,0.0413869979875106,-0.4129675383001638,15.56533337833705,0.1769017298413939,700,0.02,6,0.7,0.8,0.5,0.5,0.0,1,0.3333333333333333,0.2484848484848484
16,220,47500,2160,7.409629872546814,0.8371530505842735,2.6514642033475564,0.05206164690987,-0.2095052566019066,14.208391919400956,0.1648656327210287,350,0.02,6,0.9,0.8,0.5,2.0,0.0,1,0.3333333333333333,0.1393939393939393
43,220,47497,2160,7.088714243583079,0.9170785584524952,1.5891282991646032,0.0372197341318351,-0.7622752318431321,12.915565630992251,0.1493331934354229,350,0.1,6,0.9,0.8,0.5,0.5,0.0,3,0.3333333333333333,0.066869609804807
52,220,47497,2160,7.0442888975844085,0.85956412158803,2.240175746300204,0.0481579435394766,-0.5368050141757685,13.690606620560091,0.1535026864181339,700,0.02,6,0.7,0.8,0.5,0.5,0.0,3,0.6666666666666666,0.705170430668875
11,220,47490,2160,7.298235528723074,0.8775731004304583,2.046180259986171,0.045206172737116,-0.2586163645167396,15.235492903833034,0.1744846513783933,350,0.05,6,0.7,0.8,0.5,0.5,0.0,2,0.3333333333333333,0.2727272727272727
93,220,47493,2160,7.571492164560115,0.8180202816854418,2.872479190156126,0.0550032650626908,-0.6695351079091205,15.491643205726588,0.1754440423059419,350,0.02,6,0.7,0.8,0.0,1.0,0.0,3,0.0,-0.0666666666666666
57,220,47512,2160,7.217212863926841,0.8814439604753446,1.8857357580720169,0.0426523303199033,-0.9812763116296606,17.89517862477788,0.1972846311961854,350,0.05,6,0.9,0.8,0.5,0.5,0.0,2,0.6666666666666666,0.5151515151515151
54,220,47491,2160,6.82703783465914,0.9332939025394849,1.1667011377806067,0.0320515091019681,-0.4764448800604073,15.904231495923463,0.1802629673990475,700,0.02,10,0.7,0.8,0.5,0.5,0.0,2,0.3333333333333333,0.1272727272727272
15,220,47500,2160,7.006560544075272,0.8583238847222575,2.121501309096629,0.0459362932672631,-1.2306220821104348,16.924591079552968,0.1823156815179802,700,0.02,6,0.9,0.8,0.5,0.5,0.0,3,0.6666666666666666,0.709090909090909
32,220,47495,2160,7.3730160583735,0.9239816312571074,1.4495140257218826,0.0348069203432345,-0.6107689092537272,18.136225062255505,0.1962891992380615,700,0.05,6,0.9,0.8,0.5,1.0,0.0,1,0.6666666666666666,0.1398182750464148
88,220,47503,2160,6.536120220438261,0.8384070525397549,2.4549099576585376,0.0484919732901992,-0.5019607751595179,16.03130996324398,0.1839049058149579,350,0.02,6,0.7,0.8,0.0,0.5,0.0,1,0.3333333333333333,0.0787878787878787
35,220,47501,2160,7.202099181186538,0.9178875605953192,1.3218864066585057,0.0371374399518581,-1.0022068979025427,12.676050712267555,0.1433462377681376,700,0.02,10,0.7,0.8,0.5,2.0,0.0,1,0.3333333333333333,0.1393939393939393
29,220,47496,2160,6.716556422758846,0.9296116955350407,1.1817878572745952,0.0337468628488159,-0.9685962073982072,15.696085784214514,0.1758992665931233,700,0.05,10,0.7,0.8,0.5,2.0,0.0,1,0.6666666666666666,0.6363636363636362
25,220,47498,2160,7.598585581076234,0.9065643806732624,1.7084014603807278,0.0383064335217459,-0.3568067614002812,16.707234615573174,0.1879277184438199,700,0.05,6,0.7,0.6,0.5,0.5,0.0,3,0.6666666666666666,0.5272727272727272
34,220,47493,2160,6.677063686943114,0.8103876714769032,2.792256009104771,0.0507681529471369,-0.705625146566845,18.408739527971655,0.2046124720563225,100,0.05,6,0.9,0.8,0.5,1.0,0.0,3,0.6666666666666666,0.3647433262080387
51,220,47499,2160,7.13570777366696,0.948899771760167,1.0549331914726154,0.0283354901568107,-0.4613333892248044,16.05150777280331,0.1812078837357837,350,0.02,10,0.9,0.8,0.0,1.0,0.0,1,0.6666666666666666,0.5714312110592608
10,220,47495,2160,7.422922848515027,0.8714964416841804,2.006199895343922,0.0439960361183796,-1.523540335301382,18.59918509091492,0.2128480763101803,350,0.05,6,0.7,0.8,0.5,2.0,0.0,3,0.6666666666666666,0.2969696969696969
92,220,47503,2160,7.3540384063603,0.8413101075474323,2.6390786573598466,0.0515645054126818,-1.2707544657735306,13.12994372623938,0.1441260469219762,350,0.02,6,0.7,0.8,0.5,2.0,0.0,3,0.6666666666666666,0.6363636363636362
87,220,47493,2160,7.042607414786477,0.8712677276313634,2.3322549940163584,0.0462312413521021,-0.6352413625633611,16.88738326505378,0.1920078268610043,100,0.1,6,0.7,0.8,0.5,1.0,0.0,1,0.6666666666666666,0.4787878787878787
59,220,47492,2160,7.440934564861538,0.8605420039890067,2.310240689309056,0.0480746386339836,-0.7169743190871254,14.9321821724927,0.1713521427659721,700,0.02,6,0.9,0.8,0.5,0.5,0.0,1,0.0,0.1999999999999999
62,220,47495,2160,7.045597884524772,0.8575856166027659,2.3371172426248337,0.0466075070909069,-1.422203973893179,13.11246223617483,0.1439137178447628,100,0.1,6,0.9,0.8,0.5,0.5,0.0,2,0.3333333333333333,0.2848484848484848
9,220,47504,2160,6.931747748088313,0.8514649417325042,2.321465544192303,0.0487430124653279,-2.045701946005709,17.451064882327422,0.2029206590719294,100,0.1,6,0.7,0.8,0.0,1.0,0.0,2,0.3333333333333333,-0.0909090909090908
27,220,47497,2160,7.141055816940823,0.8936872369497911,1.91716696304614,0.0408622137442377,-0.8155651035054177,18.45883797218402,0.1982676968283583,700,0.02,6,0.7,0.8,0.0,1.0,0.0,1,0.3333333333333333,0.2363636363636363
1,220,47497,2160,7.243520790980275,0.8215344417167797,2.797523835886685,0.0519345662900166,-0.5403737615683939,16.90182643393676,0.1868029844465888,350,0.02,6,0.7,0.8,0.0,0.5,0.0,1,0.3333333333333333,0.6121212121212121
26,220,47494,2160,7.400971053925039,0.8892125748723965,1.9333851303273948,0.0431017548640394,-0.0193519684515215,11.691365808921832,0.1474725782998366,350,0.05,6,0.9,0.8,0.5,2.0,0.0,3,0.3333333333333333,0.4545454545454545
50,220,47492,2160,7.062118681634769,0.8708732885882543,2.008860565658573,0.0443118964871712,-0.8640103993587118,16.83417293636318,0.1842760013018704,700,0.02,6,0.9,0.8,0.5,1.0,0.0,1,0.0,0.1515151515151515
3,220,47490,2160,7.761209039912001,0.9205891552861816,1.385804864153413,0.0356387823594011,-0.96595532257147,17.308376170231234,0.1909289689475811,100,0.05,10,0.9,0.8,0.0,0.5,0.0,3,0.0,-0.3212121212121211
12,220,47496,2160,6.721284369958707,0.8427014759438783,2.407338197145576,0.0499812483307006,-1.463395885934757,15.068842656913873,0.1773440128612819,100,0.1,6,0.7,0.8,0.5,2.0,0.0,2,0.3333333333333333,0.1636363636363636
18,220,47500,2160,7.111611547044406,0.8566950358905203,2.1269646005072844,0.0449297393803007,-0.330598604903507,15.681404928410494,0.1825485986805977,700,0.02,6,0.7,0.8,0.5,0.5,0.0,1,0.0,-0.1999999999999999
99,220,47500,2160,7.335939919037232,0.9075499324749146,1.5198067668801474,0.0384494653239914,-0.4186432119234409,16.959469111848758,0.1859551065516763,700,0.1,6,0.9,0.8,0.5,0.5,0.0,3,0.3333333333333333,0.3818181818181818
31,220,47493,2160,7.410491216751703,0.9278032256035688,1.164905776081606,0.0326439861204305,-1.0706417390902925,14.953875283356068,0.1712284077220049,700,0.05,10,0.7,0.8,0.5,0.5,0.0,2,0.6666666666666666,0.3212121212121211
76,220,47494,2160,6.851500834220701,0.8113657819248882,2.7906027366880344,0.0543965515372863,-0.5897956524959669,17.289398199408144,0.1845642212649327,350,0.02,6,0.9,0.8,0.5,2.0,0.0,1,0.6666666666666666,0.7696969696969697
4,220,47507,2160,7.247845600582951,0.8913715772558469,1.7917064068510655,0.0403392817409166,-1.1381575136047672,18.79572381317616,0.2055885361776947,350,0.1,6,0.7,0.8,0.5,0.5,0.0,2,0.3333333333333333,-0.3575757575757575
75,220,47506,2160,6.951704778408285,0.8892169886988692,1.941737916481362,0.042320681270007,-0.7378922070501659,12.76139256587183,0.1516277908243038,350,0.05,6,0.7,0.8,0.5,1.0,0.0,2,0.3333333333333333,0.5878787878787878
37,220,47497,2160,7.572338059957184,0.8531150191069337,2.5493993894830416,0.0503327807784777,-0.109385510526313,14.65368563556009,0.1666872479663243,100,0.1,6,0.9,0.8,0.5,1.0,0.0,3,0.3333333333333333,0.1757575757575757
79,220,47492,2160,7.031643523293141,0.8870091437454977,1.842226732173211,0.041252925696201,-0.4280115378900144,16.29555017628914,0.1752477421984531,350,0.05,6,0.9,0.8,0.5,1.0,0.0,1,0.3333333333333333,-0.006060606060606
21,220,47501,2160,7.548517060397207,0.8696622284326168,2.3910689912077947,0.047332114507414,-0.2888705826829982,16.6539698585316,0.187477406752185,100,0.1,6,0.7,0.8,0.0,1.0,0.0,3,0.3333333333333333,0.3696969696969697
49,220,47489,2160,7.008278073891352,0.851565138403188,2.2502896177823786,0.0493095296647472,-0.8182511061699715,14.347435745044992,0.1577162254308018,700,0.02,6,0.7,0.8,0.5,0.5,0.0,2,1.0,0.5878787878787878
7,220,47492,2160,7.331122099967201,0.7981386659427578,2.9370075148732293,0.0564107662354172,-1.4704435235257851,15.98214681863785,0.1874111686158963,350,0.02,6,0.7,0.8,0.5,1.0,0.0,3,0.3333333333333333,0.1151515151515151
24,220,47490,2160,7.493483496758868,0.8291447233075023,2.795030693716453,0.0520008643386592,-0.2984908812159057,15.325826462595554,0.1798308501266882,350,0.02,6,0.7,0.8,0.5,1.0,0.0,3,0.6666666666666666,0.3696969696969697
47,220,47498,2160,7.132799591694498,0.7991675600773298,3.007851031613799,0.0563203751607373,-0.6853368605598864,13.771664928815984,0.1569851120744554,100,0.05,6,0.9,0.8,0.0,2.0,0.0,2,0.0,-0.2606060606060606
41,220,47496,2160,7.21922990519267,0.9507229942767214,1.0957408010285834,0.0274251474312029,-0.7659277203606132,16.75703744164082,0.193752916628245,100,0.3,10,0.9,0.8,0.5,2.0,0.0,1,0.3333333333333333,0.3696969696969697
5,220,47501,2160,6.740692353010191,0.8853347983034642,1.7869405171687656,0.0413257752332481,-0.4345875516025232,15.400647957788571,0.17103072798134,350,0.05,6,0.9,0.8,0.5,0.5,0.0,3,0.6666666666666666,0.7575757575757575
65,220,47489,2160,6.773481496499123,0.9226030022733528,1.4293996542724086,0.0326306750162249,-0.6600831304070529,17.109729426709794,0.1967775650226139,700,0.05,6,0.9,0.8,0.5,1.0,0.0,1,0.0,-0.1519763859200161
38,220,47489,2160,7.595089737070856,0.8865931223754451,1.8382922107176691,0.0423387668146877,-1.004867444533832,15.333225062953105,0.1677901760994809,700,0.05,6,0.7,0.8,0.5,0.5,0.0,3,0.6666666666666666,0.4437710468864471
13,220,47497,2160,7.111852963474857,0.913577577707392,1.4681643734823009,0.037814140333261,-0.2976223296008926,10.81963016746221,0.1342593903715261,100,0.1,10,0.7,0.8,0.5,2.0,0.0,2,0.6666666666666666,0.5878787878787878
2,220,47490,2160,7.160498450695755,0.8675551490147787,2.258899433836526,0.0477437346945565,-0.1022584501253112,12.19631268006784,0.1409980345275072,700,0.02,6,0.7,0.8,0.0,2.0,0.0,3,0.3333333333333333,0.4666666666666666
94,220,47509,2160,7.3809855374333555,0.8648305360393855,2.2062172899959145,0.0467086087849109,-1.1237198464902889,15.162764605283735,0.1787839995259266,350,0.05,6,0.7,0.6,0.5,2.0,0.0,3,0.0,-0.1762926076672187
85,220,47494,2160,7.1219960585927895,0.8837217338151903,1.939987598593336,0.0422474490439324,-0.4364608324031889,15.83309732848778,0.1742507187990202,350,0.05,6,0.9,0.8,0.5,1.0,0.0,1,1.0,0.7173285415424762
45,220,47511,2160,7.347728834529501,0.8980106848581737,1.6882920127717391,0.0391491198009082,-1.7488159502331366,18.810407107869786,0.2124894404756753,350,0.1,6,0.7,0.8,0.5,0.5,0.0,3,0.3333333333333333,-0.3212121212121211
78,220,47510,2160,6.672737601840924,0.8798927556046336,1.978922819213252,0.0432618174544579,-0.2722208259234919,12.36499137662075,0.1444430933112299,350,0.05,6,0.7,0.8,0.5,0.5,0.0,1,0.3333333333333333,0.3696969696969697
0,220,47511,2160,7.036592174278573,0.88827276367383,1.826152664791815,0.0410613724118145,-0.5134428546593983,15.882215753948248,0.1744460953151813,350,0.05,6,0.9,0.8,0.5,0.5,0.0,1,0.6666666666666666,0.6727272727272726
82,220,47505,2160,6.729008249110327,0.8258040032033476,2.714408726986645,0.0531781331823747,-0.5479749924764599,14.335808620806096,0.1604883290563605,350,0.02,6,0.7,0.8,0.0,2.0,0.0,1,0.6666666666666666,0.7294866524160775
17,220,47497,2160,7.271859462081555,0.878203364346954,2.025178998471291,0.0442515567284708,-0.9403955704275276,13.4969774988404,0.1544376786516543,350,0.05,6,0.7,0.8,0.0,1.0,0.0,3,0.3333333333333333,0.2484848484848484
44,220,47494,2160,6.87297941548804,0.9336346143762138,1.2879537250033146,0.0314821293317368,-0.5323165758903639,19.62985551145341,0.2067531934694421,700,0.1,6,0.9,0.8,0.5,2.0,0.0,1,0.6666666666666666,0.7333333333333332
83,220,47506,2160,7.39007350445286,0.95729974860502,0.8994157199447484,0.0258837730267198,-0.3259472274337953,14.56898484668246,0.162508085815791,700,0.1,10,0.9,0.8,0.5,1.0,0.0,2,0.3333333333333333,0.5878787878787878
39,220,47496,2160,7.370892705805221,0.8681148676859232,2.105648212553691,0.0454744811399625,-0.7082044963675227,20.3032853734714,0.2192004631552888,700,0.02,6,0.7,0.8,0.5,2.0,0.0,1,0.0,0.0424242424242424
33,220,47494,2160,7.057355126536629,0.8447441195501278,2.6102131501822674,0.0495484132114317,-0.649978945807669,17.789552748666868,0.1969825861163286,350,0.02,6,0.7,0.8,0.5,2.0,0.0,2,0.6666666666666666,0.5592731001856595
77,220,47502,2160,7.360215915861474,0.835482298158356,2.487221030576777,0.0513457226948822,-0.9335653330780108,14.944865953491794,0.1650821149423453,700,0.02,6,0.9,0.6,0.5,1.0,0.0,2,0.6666666666666666,0.7212121212121211
63,220,47501,2160,7.092939751261026,0.8097247343818993,2.9384788910800155,0.0544045537168449,-0.3336592053098732,15.360422632031971,0.1703301555148558,350,0.02,6,0.7,0.8,0.5,2.0,0.0,3,0.3333333333333333,0.6363636363636362
89,220,47493,2160,7.083693391891972,0.9027478954570404,1.6472850173778366,0.0390388661348179,-1.817015247721406,14.911413275511174,0.1629668464043662,700,0.1,6,0.7,0.6,0.5,1.0,0.0,1,0.0,0.2969696969696969
46,220,47490,2160,7.206985620316724,0.905113561301609,1.5826182940596187,0.0366438886195258,-0.4945445594400444,17.33738122489717,0.190142229497497,700,0.05,6,0.7,0.8,0.5,2.0,0.0,2,0.6666666666666666,0.5757575757575757
20,220,47501,2160,7.126314792260648,0.896710226935973,1.7350096566308313,0.0403756021760469,-0.5366552615981197,14.35354365331155,0.1637801533964416,700,0.05,6,0.7,0.8,0.5,0.5,0.0,2,0.0,0.0181818181818181
55,220,47495,2160,6.95886652032578,0.8992451636328298,1.7681085669150212,0.0390485834718546,-0.3072752890032517,16.841490265771196,0.1862944369377315,350,0.05,6,0.7,0.8,0.5,2.0,0.0,2,0.6666666666666666,0.5030303030303029
73,220,47499,2160,6.8196469238561805,0.8292524408422863,2.509597611482689,0.0492083736116389,-1.3675260651278611,17.10611715873083,0.1873899884240654,350,0.02,6,0.7,0.8,0.5,2.0,0.0,3,0.0,0.0424242424242424
66,220,47496,2160,7.050776580321298,0.8568517954352834,2.393358618549235,0.0467030657594359,-0.387045520138378,14.357050083787351,0.1586988312345929,100,0.1,6,0.7,0.8,0.0,1.0,0.0,2,0.3333333333333333,0.3333333333333332
30,220,47492,2160,7.093145074122546,0.8742518117644864,2.121740547289271,0.0444116665627981,-0.6601311443740672,14.782292883718316,0.1659159444147242,700,0.02,6,0.7,0.8,0.5,2.0,0.0,3,0.6666666666666666,0.7818181818181817
67,220,47493,2160,7.367436166179715,0.8959743836747821,1.746704966525948,0.0420586885391037,-1.6831092616433143,15.207816791141717,0.1821297136563604,700,0.1,6,0.7,0.8,0.5,1.0,0.0,1,0.6666666666666666,0.3212121212121211
36,220,47510,2160,7.358362658617501,0.8293155504747755,2.655180973828864,0.0507877374042291,-0.731962594815389,19.58684807311605,0.2087798623742157,350,0.02,6,0.9,0.8,0.5,2.0,0.0,3,0.0,0.1999999999999999
56,220,47505,2160,6.796883043458704,0.8361364134444027,2.6115832755114003,0.0505363564028668,-0.6894903129014367,12.727552634919132,0.1497095383153747,350,0.02,6,0.7,0.8,0.0,2.0,0.0,1,0.0,0.2727272727272727
86,220,47501,2160,6.803497589973597,0.8450165099918991,2.433228046909257,0.0478561406570988,-0.21705071106374,14.667822719873104,0.1661426527212658,100,0.1,6,0.7,0.8,0.5,0.5,0.0,2,0.6666666666666666,0.6121212121212121
80,220,47496,2160,7.338895466195926,0.9077527037976976,1.8177045678243708,0.0391523051869429,-0.2082536212638401,13.54984574340008,0.1620946614456438,350,0.05,6,0.7,0.8,0.5,2.0,0.0,3,0.6666666666666666,0.3696969696969697
74,220,47497,2160,7.147351491451177,0.8384095904039666,2.5534221844202736,0.0502187303384908,-0.5200353822627086,16.520491384665174,0.1807858757592924,100,0.1,6,0.9,0.8,0.5,1.0,0.0,2,0.3333333333333333,0.5515151515151515
23,220,47498,2160,7.548058520170969,0.8869584380380983,1.925207904867309,0.0435091956513835,-0.6507265939328231,16.82077770114497,0.1818369379333916,700,0.05,6,0.7,0.8,0.5,1.0,0.0,3,0.3333333333333333,0.6484848484848483
53,220,47506,2160,6.896530215487102,0.8022941486765591,2.96339533002048,0.0544422550936779,-0.5295700796622242,16.026013754827005,0.1763506773439214,100,0.05,6,0.7,0.8,0.5,1.0,0.0,1,1.0,0.709090909090909
69,220,47500,2160,6.771754620198999,0.8803442708500041,1.925482560196899,0.042642475090167,-1.269394584927249,16.34173682195169,0.1721776631475034,350,0.05,6,0.7,0.8,0.0,2.0,0.0,1,0.3333333333333333,0.4545454545454545
40,220,47497,2160,7.796907092406992,0.8172135703570648,2.895110363763328,0.0536958493963859,-0.5029369343276267,14.56795855173358,0.1619749644586566,350,0.02,6,0.7,0.8,0.5,0.5,0.0,1,0.6666666666666666,0.8909090909090909
6,220,47497,2160,7.631107355852054,0.822292381481764,2.8226749293049798,0.0541667710456019,-0.8437960519791075,15.226974357587318,0.1811443572917497,350,0.02,6,0.7,0.8,0.0,0.5,0.0,1,0.3333333333333333,-0.0424242424242424
81,220,47497,2160,6.663503457256821,0.9293489954069554,1.0873893409915043,0.0322084152120698,-0.6407626048625681,17.208358760233278,0.1882289100927039,350,0.05,10,0.9,0.8,0.5,2.0,0.0,3,0.3333333333333333,0.1151515151515151
19,220,47509,2160,7.104525104347343,0.8919615138689299,1.7068050073847203,0.0406041208302187,-1.0782865726244548,18.134364516591585,0.1929610241080527,700,0.05,6,0.7,0.8,0.5,2.0,0.0,2,0.6666666666666666,0.8666666666666665
70,220,47497,2160,7.237555100476061,0.8908517426535126,1.941068989881576,0.0405103065613713,-1.588349363965973,16.154062246914815,0.1788507954466069,350,0.05,6,0.9,0.8,0.0,1.0,0.0,1,0.6666666666666666,0.6626170426112704
90,220,47508,2160,7.4403550700020515,0.9257699782291128,1.2200199421518505,0.0347420832134582,-0.6070671663813862,14.432194377338446,0.1603608925403829,700,0.02,10,0.9,0.8,0.5,2.0,0.0,3,0.6666666666666666,0.2121212121212121
64,220,47489,2160,7.3323850204328975,0.8635854935938688,2.153116299029801,0.0470337877731207,-0.7897713555107042,17.82777378347185,0.2034877404131367,700,0.02,6,0.9,0.8,0.5,0.5,0.0,3,0.3333333333333333,0.3333333333333332
97,220,47506,2160,7.053107571270646,0.8619802260392787,2.2696126118499023,0.0479403850984469,-0.1532891279601405,12.693941298899826,0.1536102912435743,700,0.02,6,0.7,0.8,0.5,1.0,0.0,2,0.3333333333333333,0.2848484848484848
95,220,47494,2160,6.958517462973219,0.9152382723956016,1.7528892101703903,0.0350826210344409,-0.5931954588920492,20.3896014727928,0.227272370599389,700,0.02,6,0.7,0.8,0.0,0.5,0.0,1,0.0,-0.4181818181818181
72,220,47510,2160,7.286170550943924,0.9057542268537336,1.7327681774702302,0.0391863965278036,-0.6893442473077875,15.367261959788976,0.170263155098454,350,0.05,6,0.9,0.8,0.5,1.0,0.0,1,0.3333333333333333,-0.1757575757575757
61,220,47494,2160,7.173565601331077,0.8417388453339032,2.292728579799949,0.0480566660503117,-0.3272704124687249,16.555667988106055,0.1795323772943329,700,0.02,6,0.7,0.8,0.5,0.5,0.0,3,0.6666666666666666,0.709090909090909
84,220,47497,2160,6.983926436242781,0.8791687708345978,1.9729890361811773,0.0432091918120875,-0.9981996532044496,17.259865813763053,0.1912769339659872,700,0.02,6,0.9,0.8,0.5,0.5,0.0,2,0.3333333333333333,0.5272727272727272
98,220,47492,2160,7.222797533200004,0.8650019536095532,2.115919012994011,0.0462767997570637,-0.6598505690274481,14.994406488824772,0.1658028962151585,700,0.02,6,0.9,0.8,0.5,0.5,0.0,2,0.6666666666666666,0.4909090909090908
22,220,47489,2160,7.256565017234341,0.8499332348266749,2.237873745974304,0.0492412353385973,-0.6900773134116622,16.926798516258046,0.1820570427926258,350,0.05,6,0.7,0.6,0.5,2.0,0.0,1,0.3333333333333333,0.6848484848484848
48,220,47494,2160,7.5529400808692175,0.9398940324875242,1.248884799059739,0.0318914203343569,-0.1618897019101242,14.272660423514466,0.1720817081682399,700,0.3,6,0.9,0.8,0.5,2.0,0.0,2,0.3333333333333333,-0.2121212121212121
68,220,47507,2160,7.039103962313817,0.8742046615115666,1.9663277047246572,0.0444891553838133,-0.433012057664661,13.296123225777238,0.1503356793882459,350,0.05,6,0.7,0.8,0.5,1.0,0.0,1,1.0,0.8303030303030302
42,220,47494,2160,7.367197751839082,0.8146715341451154,2.8947641611099657,0.0535550221847817,-1.36813996847787,18.613098730466987,0.2023395496744003,350,0.02,6,0.9,0.8,0.5,1.0,0.0,2,0.6666666666666666,0.6242424242424242
60,220,47495,2160,7.759879839703539,0.8139526931081028,3.0808025230005964,0.0563684486661131,-0.8777735898297392,13.66354150308503,0.151590632406123,350,0.02,6,0.7,0.8,0.5,0.5,0.0,2,0.6666666666666666,0.6363636363636362
91,220,47501,2160,6.888442226148712,0.8494976169821549,2.251027425579749,0.0483068968999847,-0.9004803732261357,15.13296139076904,0.1653292072608191,700,0.02,6,0.9,0.8,0.5,0.5,0.0,2,0.3333333333333333,0.6121212121212121
96,220,47493,2160,7.212788008841615,0.9382207537591064,1.0478982326729185,0.0312991816885754,-0.8351581030036013,16.25944796178076,0.1792744576024111,700,0.05,10,0.9,0.8,0.5,0.5,0.0,2,1.0,0.3658604599914624
58,220,47504,2160,7.3004492992633825,0.9316551562541135,1.154207538566148,0.0321535723623641,-0.0819597467747161,14.080443701810308,0.1596403056853222,350,0.05,10,0.9,0.8,0.5,1.0,0.0,1,0.6666666666666666,0.4909090909090908
