seed,n_train_catalysts,n_train_samples,n_test_samples,cv_mae_mean,train_r2,train_mae,train_rmse,test_r2,test_mae,test_rmse,hp_n_estimators,hp_learning_rate,hp_max_depth,hp_subsample,hp_colsample_bytree,hp_reg_alpha,hp_reg_lambda,hp_gamma,hp_min_child_weight,ranking_top_3_accuracy,ranking_spearman_corr
3,10,2160,2160,8.905902873351481,0.8890577184983368,1.859537691529603,0.0373877600323853,-0.1310157103577904,11.624894542994872,0.1481126402124029,350,0.3,6,0.9,0.6,0.5,2.0,0.0,3,0.3333333333333333,0.0787878787878787
2,10,2160,2160,5.488436517803757,0.9431489150922376,0.9900707090573592,0.0184713241783921,-0.5666300951930556,14.730724690937334,0.1784008217394625,350,0.3,6,0.7,0.8,0.5,2.0,0.0,3,0.3333333333333333,-0.1757575757575757
8,10,2160,2160,10.146332862642078,0.8204648229376622,3.258337105744415,0.0555089977040237,-0.4900093979502207,14.490800784649672,0.1712707865756517,100,0.02,10,0.7,0.8,0.0,2.0,0.0,1,0.6666666666666666,0.2484848484848484
10,10,2160,2160,12.284863534856726,-3.428825001705604e-09,11.3573643984618,0.1341892878322823,-0.0072158317343298,11.184500878298724,0.1317596997989806,350,0.02,6,0.7,0.8,0.5,2.0,10.0,3,0.0,0.0
0,10,2160,2160,11.060665466873736,-1.255253185261651e-05,10.10639493589048,0.1195668499393866,-0.0528999302971266,9.210280151367186,0.1083714597215319,700,0.3,10,0.9,0.8,0.5,0.5,10.0,3,0.0,0.0
9,10,2160,2160,11.369739520814685,-3.4912930146902e-07,10.632777933544585,0.1239097312857319,-0.0166996188073011,11.219064254054317,0.1335417137998873,700,0.02,10,0.7,0.8,0.0,1.0,10.0,1,0.0,0.0
5,10,2160,2160,10.25454930918498,0.9998245688059806,0.1125008660577226,0.0016276594152825,0.0316508025063252,12.642769627008173,0.1563619112894798,350,0.3,6,0.9,0.8,0.0,1.0,0.0,3,0.3333333333333333,0.6
11,10,2160,2160,12.273940245663676,0.1362476146601837,10.88995145338553,0.131427556224016,-0.8792676979286087,12.269451809635868,0.1385149735857082,700,0.3,10,0.9,0.8,0.0,0.5,10.0,3,0.3333333333333333,0.3553345272593507
15,10,2160,2160,3.882624149388737,0.9608479769555182,0.8909092986500926,0.0150389584054529,-0.5591473630088901,15.81694578691765,0.1905713702909736,700,0.1,10,0.9,0.6,0.5,0.5,0.0,1,0.3333333333333333,0.4424242424242424
7,10,2160,2159,10.955997499713192,0.9667065750225522,1.3716030982634615,0.0239712118442184,-0.2439093938700871,16.93692069047136,0.2050202795930314,100,0.3,10,0.7,0.8,0.5,1.0,0.0,3,0.0,-0.2848484848484848
20,10,2160,2160,9.694733300385652,-3.073855046809015e-05,9.51210914187961,0.109483348609509,-0.162321132003532,12.132874100296586,0.1394396162487577,700,0.3,10,0.7,0.6,0.5,1.0,10.0,2,0.0,0.0
21,10,2160,2160,13.792911732285114,0.1053053388867926,12.230899584734882,0.147156425373576,-0.5658137457258787,13.938185120688544,0.161032449660234,100,0.02,6,0.7,0.6,0.0,2.0,10.0,3,0.3333333333333333,0.110096376512636
14,10,2160,2160,8.644997407197952,0.6069282382953562,4.64861998407929,0.069980503167249,-0.0440457419771576,8.751205758651098,0.1036570780763316,100,0.02,10,0.9,0.6,0.5,0.5,0.0,1,0.3333333333333333,0.1151515151515151
4,10,2160,2159,10.809769323269526,0.7198665421331669,3.821919549676693,0.0694583470675494,0.1368579933579847,11.561413057935962,0.1339890692840382,350,0.02,6,0.9,0.6,0.5,2.0,0.0,3,0.3333333333333333,0.1999999999999999
13,10,2160,2160,13.960268586918158,0.7069028255227747,5.381953670846092,0.0819230500065104,-0.2060906096533923,8.821361185709634,0.1111843132067962,100,0.02,6,0.9,0.6,0.5,2.0,0.0,1,0.3333333333333333,-0.1878787878787878
32,10,2160,2160,7.235183604911522,0.9366159347580466,1.4325781521138616,0.0379221511015285,-0.1850320213139094,10.68170302580904,0.1379888932295496,700,0.05,6,0.9,0.8,0.5,1.0,0.0,1,0.3333333333333333,0.0787878787878787
17,10,2160,2160,12.164351728933829,-1.0041712921182722e-06,11.19131909052531,0.1349362431557124,-0.0577805301263718,11.688407551094338,0.1432458601497668,100,0.3,6,0.9,0.6,0.0,0.5,10.0,2,0.0,0.0
30,10,2160,2159,13.991922542783948,0.0808922807476165,11.906647011085791,0.1381700296056422,0.0135503992804815,14.76696439498329,0.169112052423392,100,0.02,10,0.7,0.6,0.0,2.0,10.0,1,0.6666666666666666,0.5685352436149612
25,10,2160,2160,10.774413011868797,-4.804566430705037e-06,10.319450210641932,0.1262044862757109,-0.3613165227284214,13.851466833750408,0.1690969582947776,700,0.3,6,0.7,0.6,0.0,0.5,10.0,1,0.0,0.0
19,10,2160,2160,12.520961988943592,-1.077764705881279e-05,12.052959265532316,0.1457276994816908,-0.0969087925826686,10.05322621098271,0.11797975862095,350,0.3,10,0.7,0.8,0.5,1.0,10.0,3,0.0,0.0
1,10,2160,2160,13.246426502510356,0.0227688736980657,12.33724349339803,0.1479625460888938,-0.0047573860274978,12.976858784004492,0.1525128308275102,100,0.02,10,0.7,0.8,0.5,1.0,10.0,1,0.6666666666666666,0.493829164658431
24,10,2160,2160,13.21071562413816,0.2618301025624439,10.414384244636253,0.1224127698848281,-0.0944904920905327,11.938696322617709,0.1415139443852236,100,0.02,6,0.7,0.6,0.0,2.0,10.0,1,0.0,-0.1699323552111062
35,10,2160,2160,13.13591615288346,0.2333305357703743,10.295822534561156,0.1229140247872832,-0.2422370219240894,11.453192970134594,0.1389722512389064,100,0.1,6,0.7,0.6,0.0,1.0,10.0,3,0.6666666666666666,0.0348155311911395
29,10,2160,2160,12.317118397818671,0.1803275646054498,11.13356738055194,0.1297059774006176,-0.1119146485258046,11.546299794161762,0.1350370468098651,100,0.3,6,0.9,0.6,0.0,0.5,10.0,1,0.0,-0.0379868588198793
31,10,2160,2160,12.208139792636588,0.9159682431589904,1.5180962689503754,0.0390681418587106,-0.1061361273966732,11.74501880204236,0.1387691804836084,350,0.02,10,0.7,0.6,0.0,1.0,0.0,3,0.6666666666666666,0.1515151515151515
43,10,2160,2160,8.747383660210506,0.9793881178257988,0.6256109386727352,0.0169004841352077,-0.1712728861022199,12.322206153152166,0.1558233785047088,350,0.05,6,0.7,0.6,0.0,0.5,0.0,2,0.3333333333333333,0.1393939393939393
23,10,2160,2160,12.60195140414768,0.0361810895667407,10.75427366539284,0.1285055544898283,-0.0918014996907672,10.49812383333842,0.1263849351339145,700,0.05,10,0.7,0.6,0.0,2.0,10.0,1,0.6666666666666666,0.5222329678670935
51,10,2160,2159,9.366510514374134,0.8808667678982405,2.186662665136456,0.0480983466769905,0.0685317085291612,7.466130561597263,0.1000194013954615,100,0.3,6,0.9,0.8,0.5,0.5,0.0,1,0.3333333333333333,0.2606060606060606
22,10,2160,2160,12.519439254336888,-5.804686183052965e-06,11.994851442266397,0.1480458057024619,-0.1033910970416291,11.779167411239058,0.1359284726743787,350,0.1,10,0.9,0.8,0.0,1.0,10.0,1,0.0,0.0
34,10,2160,2160,14.846007533250033,-6.654940016836974e-07,13.279796318478054,0.1525263509764092,-0.0475208645156803,10.793563365229854,0.1294869141980888,100,0.02,6,0.7,0.8,0.5,1.0,10.0,1,0.0,0.0
33,10,2160,2160,6.844785713781084,0.9991556982862432,0.1343398071782778,0.0025208174621142,-0.4782222936218063,9.922102082614549,0.1218437426887781,700,0.3,6,0.9,0.8,0.0,1.0,0.0,2,0.0,-0.1999999999999999
38,10,2160,2160,6.7934250815599055,0.9355827001384726,1.310618552961042,0.0268726916049139,-0.2347153921532012,12.437231728544942,0.1542720423410858,700,0.3,6,0.7,0.6,0.5,1.0,0.0,3,0.3333333333333333,0.3818181818181818
27,10,2160,2160,11.630391309769063,0.9912857574756474,0.4735550228175026,0.0116832693235002,-0.2902522699417811,10.844195317316936,0.1299768100592748,350,0.05,10,0.7,0.6,0.0,1.0,0.0,3,0.6666666666666666,0.406060606060606
18,10,2160,2160,11.038324537542133,0.7955116445230564,2.45877727203111,0.0580320235354882,-0.0248444036591302,11.186059044191133,0.1407935997974433,350,0.1,10,0.9,0.6,0.5,2.0,0.0,2,0.3333333333333333,0.1398182750464148
36,10,2159,2160,8.89284841518381,-0.0001058995794864,8.566083846063512,0.1085500874842293,-0.5742885062727263,15.415075704786512,0.195240255329761,350,0.3,10,0.7,0.6,0.0,1.0,10.0,3,0.0,0.0
44,10,2160,2160,9.6870757596995,0.9879597578729032,0.8123424432993677,0.0135959026361396,0.292105242605379,9.249428582100403,0.116907847716358,350,0.02,10,0.9,0.6,0.0,2.0,0.0,1,0.3333333333333333,0.4303030303030302
57,10,2159,2160,12.610218386667706,0.1759658304555742,11.578978240793642,0.133699872042635,-0.0138782278773348,9.530045419445743,0.1167014325829561,350,0.3,6,0.9,0.6,0.0,0.5,10.0,2,0.0,0.1740776559556978
54,10,2160,2160,9.935102409168524,0.7543711682898542,3.3364792316310385,0.0683363183354933,-0.7047707281268596,9.834979909139651,0.1216877673604876,100,0.1,10,0.9,0.6,0.5,2.0,0.0,2,0.6666666666666666,0.5393939393939393
52,10,2160,2160,15.067974876474452,0.1072592442024382,12.717288224962022,0.1502777336244906,-0.0508339546394802,13.886196188396877,0.1579221699277753,350,0.1,6,0.7,0.6,0.5,1.0,10.0,2,0.3333333333333333,0.5881992022553729
46,10,2160,2160,7.803718121490546,0.9998517081198304,0.0883642108016862,0.0016461330750645,-1.3538592802896146,16.962066529547727,0.196403004879283,100,0.3,10,0.9,0.8,0.0,1.0,0.0,2,0.0,-0.3343480490240355
39,10,2160,2159,10.259117010964289,0.836504464090692,3.3094462946609218,0.0505210375504884,-0.0660615249263947,11.64725696436505,0.1441871496791134,100,0.02,6,0.7,0.6,0.0,0.5,0.0,1,0.3333333333333333,-0.1272727272727272
50,10,2160,2160,10.73350271931401,-6.3905411138431845e-06,10.331187796416105,0.1256137757345994,-0.1968123917260666,10.88198790938766,0.1287885390343602,100,0.3,10,0.7,0.6,0.0,2.0,10.0,3,0.0,0.0
41,10,2160,2160,15.08622612317403,0.7586207560788883,4.203771917237814,0.0793394576596773,0.1679364445529777,9.082817573591516,0.1144527410693976,350,0.02,6,0.9,0.6,0.5,2.0,0.0,3,0.3333333333333333,0.1945297739776207
62,10,2160,2160,12.119075651301278,0.8987742335565294,2.3206502939774483,0.0496991095468439,-0.4844815623123359,10.963447181560374,0.1445422638506637,700,0.02,10,0.7,0.6,0.5,0.5,0.0,1,0.3333333333333333,0.5030303030303029
40,10,2160,2160,11.039665455464965,0.7629621082497515,3.525822424709935,0.0705298850464638,-0.1042956244801096,11.31411933121858,0.1338970191904386,350,0.02,10,0.7,0.6,0.5,2.0,0.0,2,0.3333333333333333,0.2606060606060606
28,10,2160,2160,10.322650680762752,0.913540562590339,1.8087745521485583,0.0407125081744655,-0.6898254968021718,13.092668879186665,0.1629099143310012,100,0.1,6,0.9,0.6,0.0,0.5,0.0,2,0.3333333333333333,-0.3212121212121211
45,10,2160,2160,8.181320101155174,0.7521263662487959,3.076442258137244,0.0588002200110906,-0.1356030194583324,12.564566232716595,0.1452437709147935,350,0.02,6,0.9,0.6,0.5,2.0,0.0,3,0.3333333333333333,-0.2848484848484848
6,10,2160,2160,13.837314010196264,-2.7009802481270384e-06,13.485268094804551,0.1565559037511614,-0.0222038492320364,12.638741385848434,0.1509498302395291,350,0.02,6,0.7,0.8,0.0,2.0,10.0,1,0.0,0.0
37,10,2160,2160,10.988395419032486,0.8627038430845069,2.428829512274651,0.0528170403711099,-0.1900684804572949,12.082911252489795,0.146220575921136,700,0.05,10,0.9,0.6,0.5,1.0,0.0,1,0.3333333333333333,-0.103030303030303
55,10,2160,2160,9.775866354659753,-3.230114637498005e-05,9.472237661856193,0.1129850354512486,-0.147650952462673,11.665424364584464,0.1353929648820367,350,0.3,6,0.7,0.8,0.0,2.0,10.0,3,0.0,0.0
71,10,2160,2160,12.175501704416067,0.9960010160314088,0.3016861221484011,0.0084633957527395,-0.1150750553013097,13.156320728123603,0.157389263633193,100,0.3,10,0.7,0.6,0.0,1.0,0.0,3,0.3333333333333333,0.1393939393939393
63,10,2160,2160,8.606028381718529,0.8849319903186268,2.16718706910257,0.0399801621370381,-0.0009320675448407,8.438951713818092,0.1097335593366525,350,0.02,6,0.7,0.6,0.5,1.0,0.0,2,0.3333333333333333,0.6484848484848483
16,10,2160,2160,9.74346242992966,0.9035679284966184,1.8095765705251443,0.0409191414415806,-0.1996230930983125,11.04441065042107,0.1382021253772676,350,0.3,6,0.9,0.6,0.5,0.5,0.0,3,0.0,-0.3212121212121211
56,10,2160,2160,14.368982223934598,0.2917618801385739,10.932461788036203,0.1330523369017695,0.1448245663471371,11.37672534165559,0.1288890743884871,700,0.3,10,0.7,0.6,0.0,1.0,10.0,1,1.0,0.3751832396884334
12,10,2159,2160,13.601382611791752,0.1426437452590847,11.487285191375603,0.1407122815155259,0.0093545058248283,9.971019308302138,0.1219404073957401,350,0.3,6,0.7,0.6,0.5,0.5,10.0,3,0.3333333333333333,0.8528028654224417
66,10,2160,2160,12.65787886231034,-3.063084430543484e-07,10.489752186669245,0.1204733750703616,-0.0195112805762822,10.109204776198776,0.1229259895455297,350,0.02,10,0.7,0.8,0.5,1.0,10.0,1,0.0,0.0
42,10,2160,2160,11.354900298273122,0.8506072552611943,2.9009021135888724,0.0581086578889095,-0.4118030946751017,12.368169531800133,0.159417862998183,100,0.1,6,0.9,0.8,0.5,0.5,0.0,3,0.3333333333333333,-0.309090909090909
59,10,2159,2160,14.704398235159765,-3.541939064266586e-07,14.321198694989768,0.1644540462442386,-0.0029681271158554,12.750392704716436,0.1511180168646247,350,0.02,6,0.7,0.6,0.5,2.0,10.0,1,0.0,0.0
49,10,2160,2160,10.93816909313202,0.2473179769016488,9.019880301157636,0.1143929836162351,0.0016869388264257,11.731779008088289,0.1497805690832682,350,0.3,10,0.7,0.8,0.5,0.5,10.0,1,0.3333333333333333,0.4178554470186724
68,10,2160,2160,11.047636598304468,0.0308421934729175,10.81156205424556,0.1290125397171765,-0.1306708615892926,10.245606197074608,0.1212756708277157,100,0.02,10,0.7,0.8,0.5,0.5,10.0,2,0.3333333333333333,0.1740776559556978
61,10,2160,2160,14.366931937182391,-1.5135347126715717e-06,14.242164635128448,0.1617694411107939,-0.0309082046596536,12.505883057205766,0.1441544292919107,700,0.1,6,0.7,0.8,0.0,0.5,10.0,2,0.0,0.0
53,10,2160,2160,12.431751091480256,0.5076859258625234,7.711321439627143,0.1153937534425022,0.134426613949561,10.22897838248147,0.1300180932114207,350,0.02,6,0.7,0.6,0.5,0.5,0.0,1,0.6666666666666666,0.8303030303030302
69,10,2160,2160,8.291427327615244,-1.7018418163594617e-07,8.042462118996514,0.0961955275578294,-0.3165285886144682,11.556485694602683,0.1513127102135717,350,0.05,6,0.9,0.6,0.5,1.0,10.0,3,0.0,0.0
70,10,2160,2160,6.012771780071436,0.9562949029815824,1.029799709862305,0.0190267474026948,0.0850939896559651,10.297965980105928,0.1329751320511736,700,0.05,10,0.7,0.8,0.5,0.5,0.0,2,0.3333333333333333,0.2848484848484848
67,10,2160,2160,12.750039483794458,0.5641734479086102,7.377206994339272,0.1041830166182445,-1.6641127748324296,11.735234114593933,0.1407579685497985,100,0.02,6,0.9,0.6,0.5,2.0,0.0,3,0.3333333333333333,-0.0545454545454545
73,10,2160,2160,8.985411951630203,0.9432168001146728,1.3722004125862282,0.0326873987985382,-1.0463361746398636,15.213646740836124,0.1863499962266928,700,0.02,10,0.9,0.6,0.5,1.0,0.0,1,0.0,-0.4787878787878787
47,10,2160,2160,13.247207881962812,0.9132611546694532,2.267511792337453,0.0445954888835624,-1.5551190136393775,13.275369836665966,0.171428849691807,100,0.05,10,0.7,0.6,0.5,0.5,0.0,2,0.3333333333333333,0.3939393939393939
82,10,2160,2160,11.444863010777368,0.939370924551002,1.6411609187585956,0.0330808071506722,-0.03177588975795,10.69216426378047,0.1289668478008924,350,0.02,6,0.9,0.6,0.0,1.0,0.0,3,0.0,-0.4181818181818181
75,10,2159,2160,9.727770682278036,0.9859341712305631,0.5869503906440342,0.0148645725643887,-0.5716340616372608,14.196404049098492,0.1669531215742825,100,0.1,10,0.9,0.8,0.0,1.0,0.0,2,0.0,-0.6363636363636362
88,10,2160,2160,10.06311335214862,0.8555991862300366,2.797945666525306,0.0464973678454768,-0.331011736789506,12.686859421597587,0.1662360907897547,100,0.05,6,0.7,0.6,0.5,2.0,0.0,2,0.0,-0.3818181818181818
78,10,2160,2160,10.303816669252184,-3.901800039618486e-05,9.719983155992296,0.1189488236055771,-0.0374529284491558,9.676332886307328,0.124510877452865,100,0.3,6,0.7,0.6,0.5,2.0,10.0,1,0.0,0.0
72,10,2160,2160,8.362475304460085,0.983415398965384,1.0090495462087845,0.0168787634087067,-1.3769995726040762,12.480855217068283,0.1495530992294507,700,0.3,10,0.7,0.6,0.5,2.0,0.0,2,0.0,-0.4909090909090908
80,10,2160,2160,13.94202155978591,0.8186027975723978,3.220702307774681,0.0673667730222538,-1.4184161173817658,16.350583471677922,0.1853152660245206,100,0.05,6,0.9,0.6,0.0,0.5,0.0,2,0.0,-0.1757575757575757
86,10,2160,2160,12.536044026372128,0.9165242783834536,1.9494206303808217,0.0424316659938253,-1.162918607820477,16.589673054563228,0.1952681432995892,700,0.3,10,0.9,0.6,0.5,0.5,0.0,1,0.0,-0.3939393939393939
48,10,2160,2160,8.146292317244741,0.9998249189163884,0.0966295364692255,0.0016326847192097,0.1476995347550954,7.019259591588267,0.0935681096832023,350,0.02,10,0.9,0.8,0.0,0.5,0.0,1,1.0,0.6121212121212121
83,10,2160,2160,11.062083342870077,-3.817482634449476e-06,10.847299488208913,0.1321981883077674,-0.1252128881478564,12.9234196528682,0.1550728442204907,100,0.3,10,0.7,0.6,0.0,1.0,10.0,2,0.0,0.0
58,10,2160,2160,10.788154693621175,0.941824816166818,1.630667575845426,0.0315235538270462,-0.3025472751878051,9.98405953500006,0.1246359727736371,700,0.05,10,0.9,0.6,0.5,0.5,0.0,3,0.3333333333333333,0.0
26,10,2160,2160,10.072227337316232,0.7436049728854235,4.798456684218512,0.06474045948498,0.2012727314570045,11.212068897088368,0.1323922743185488,100,0.02,6,0.7,0.6,0.0,0.5,0.0,3,0.6666666666666666,0.309090909090909
87,10,2160,2160,9.849697343640855,0.7378179675838927,3.536672419414476,0.0664649023064423,-0.1925474328948435,13.780035738304807,0.1631426256489461,350,0.02,10,0.9,0.6,0.5,1.0,0.0,1,0.6666666666666666,0.309090909090909
77,10,2160,2160,11.5777358979649,0.8711171544850519,2.950931455738567,0.050937205567536,-0.4434070418888887,11.342733997680522,0.134716845232528,100,0.05,6,0.7,0.6,0.0,1.0,0.0,3,0.6666666666666666,0.4303030303030302
74,10,2160,2160,12.054211761333324,0.0375072705496936,10.930742846948128,0.1351576414404135,-0.0004111841408864,10.99300384450842,0.1297955894220018,700,0.02,10,0.7,0.8,0.0,0.5,10.0,1,0.0,0.0
92,10,2160,2160,8.237380257337183,0.977404199979976,1.0314541629912262,0.0203995460440893,-0.8037792496152838,12.398049332146291,0.162317829607644,700,0.3,6,0.7,0.8,0.5,2.0,0.0,3,0.6666666666666666,0.7939393939393938
76,10,2160,2160,12.888116505940754,-3.694559155498212e-06,12.42839130119041,0.1484339425048514,-0.048040839828412,9.46785754168475,0.1206618490536317,350,0.02,10,0.7,0.8,0.0,2.0,10.0,1,0.0,0.0
79,10,2159,2160,12.65990705756374,-1.7298383952590868e-05,12.254762173008178,0.143374135084596,-0.0563746865542957,10.99547068560565,0.1292900704471345,350,0.3,10,0.7,0.8,0.0,1.0,10.0,1,0.0,0.0
85,10,2160,2160,14.367725494879265,0.046643463243616,13.819693456579138,0.1620135891049307,-0.0981218938366887,7.963833465576172,0.0953975928300623,100,0.05,10,0.7,0.8,0.5,1.0,10.0,2,0.3333333333333333,0.1069248653460377
90,10,2160,2160,9.368846687015008,0.9354640857103153,1.260310005976094,0.0311686651952426,-0.7570628592448072,11.798992619668995,0.1434544455157891,700,0.1,10,0.9,0.6,0.5,1.0,0.0,2,0.3333333333333333,-0.4545454545454545
84,10,2160,2160,11.63393947424712,-2.734871670906358e-06,11.181022279880665,0.1353390656503405,-0.0199502820185477,11.343261973063152,0.1442225815560353,350,0.1,6,0.7,0.8,0.5,1.0,10.0,3,0.0,0.0
94,10,2160,2160,10.956874018717144,0.9005007255364591,2.28360228960467,0.0493682548052647,-0.6607988499354553,13.270247266811523,0.1737268142807369,700,0.3,6,0.9,0.8,0.5,2.0,0.0,3,0.0,0.1878787878787878
81,10,2160,2160,11.878532281098543,-7.306439897547533e-10,11.181237328140822,0.1399662488487237,-0.0901033246868403,12.893409388506855,0.1480710104813525,350,0.02,10,0.7,0.8,0.5,1.0,10.0,2,0.0,0.0
65,10,2160,2160,13.235254424457196,0.8396890162354262,3.21664083100864,0.0614732847315392,-1.2845174611112564,10.890028691093129,0.1350020015773504,350,0.3,6,0.9,0.6,0.5,2.0,0.0,3,0.3333333333333333,-0.1393939393939393
93,10,2160,2160,10.566001102085464,0.8322262643582446,2.760319119647697,0.0533657017851278,0.0930738722583722,10.483225894062606,0.1252861963186164,350,0.02,10,0.7,0.6,0.5,2.0,0.0,3,0.3333333333333333,0.1636363636363636
64,10,2160,2160,13.475396920663336,0.0246743439417392,12.88577644807321,0.1561911971417056,-0.0392556688085306,11.964012349799829,0.1412823524931458,100,0.05,10,0.7,0.6,0.0,0.5,10.0,1,0.3333333333333333,0.5238227218271837
98,10,2160,2160,15.088784222073023,0.0344356462963961,14.069164662537752,0.1664180395766658,-0.085663148203368,13.140488656361898,0.1486516039681188,350,0.02,6,0.7,0.8,0.5,1.0,10.0,3,0.0,-0.0710669054518701
89,10,2160,2160,16.39074367381908,0.1313481102259159,13.56169838975977,0.1574005377118391,-0.0577447253068181,11.44110567940606,0.1368936115461858,100,0.3,6,0.9,0.6,0.5,1.0,10.0,3,0.0,-0.2901294265928297
99,10,2160,2160,11.224577962734084,-6.045381835129149e-07,10.442496878659282,0.1269617249563671,-0.1429089516644437,10.289607321421306,0.1236863850088565,700,0.1,6,0.7,0.8,0.5,0.5,10.0,3,0.0,0.0
96,10,2160,2159,8.44629717425064,0.9679357440968434,0.8958678432885144,0.0209309681511747,-0.79896913401092,16.124030656591508,0.1911390205556971,350,0.1,6,0.9,0.8,0.5,1.0,0.0,3,0.0,-0.2121212121212121
95,10,2160,2160,10.049493005761397,0.8818864679581719,2.471228530020625,0.0432622303001155,-0.2105963017380108,12.679301332544398,0.1653887574159307,100,0.02,10,0.9,0.8,0.0,0.5,0.0,2,0.6666666666666666,0.2242424242424242
97,10,2160,2160,11.642327684119897,-2.1961065772568844e-06,10.968235878414577,0.1298963331117425,-0.0098655426423046,14.330041225574634,0.1642062629770347,350,0.3,6,0.7,0.8,0.0,0.5,10.0,1,0.0,0.0
91,10,2160,2160,9.633402458650096,-1.3402071845636245e-05,8.82364631652832,0.1063739863853492,-0.0060845569535845,8.890567031436495,0.1085273494819773,350,0.3,6,0.9,0.6,0.5,2.0,10.0,2,0.0,0.0
60,10,2160,2160,9.777875591825556,0.8593526046579417,2.3631121621739672,0.0515397153902996,-0.1170796579124757,10.7620048683661,0.1297351279901696,350,0.02,10,0.7,0.6,0.0,2.0,0.0,3,0.3333333333333333,0.4545454545454545
0,5,1080,2160,9.843530965734413,-0.0001442858815825,8.39774031851027,0.1022788158899802,-0.0023142953313757,8.894402980804443,0.1057361119829086,100,0.3,6,0.7,0.8,0.0,1.0,10.0,3,0.0,0.0
3,5,1080,2160,10.00366944482619,0.9461906558217982,1.1226899566156443,0.0274913777148944,-0.5824828791122965,13.215374385536544,0.1751972620814816,100,0.05,10,0.9,0.8,0.0,0.5,0.0,3,0.3333333333333333,-0.0666666666666666
1,5,1080,2160,18.603607701902035,-7.95460413982596e-07,14.43175976505986,0.1633245938223127,-0.0599969013610321,13.49144701498526,0.1566491621450808,100,0.02,10,0.7,0.8,0.5,1.0,10.0,1,0.0,0.0
2,5,1080,2160,8.265351370352287,-4.6086812943713085e-06,7.39337125990126,0.0902617216229541,-0.5650854609406615,15.030203484429252,0.178312852033651,700,0.05,10,0.7,0.8,0.0,0.5,10.0,2,0.0,0.0
8,5,1080,2160,13.236377072510896,0.3226556309390748,9.353868252083108,0.1128242374704294,-0.3376495393807996,13.021970353656345,0.1622781173356824,350,0.3,10,0.7,0.8,0.0,0.5,10.0,3,0.0,0.0
4,5,1080,2159,12.442304894482648,-9.21365239912042e-05,10.95780970255534,0.1251480189742379,-0.1240082088651914,13.076468204358706,0.1529019363771186,350,0.3,6,0.7,0.8,0.5,0.5,10.0,1,0.0,0.0
10,5,1080,2160,13.415252691198276,0.3679625423845961,8.626019893222386,0.0996212642566148,-0.1233381276915051,11.898965317408244,0.1391478738377058,100,0.3,10,0.9,0.8,0.0,0.5,10.0,2,0.3333333333333333,-0.1139605764596379
9,5,1080,2160,13.982849635371457,0.1059869080143379,11.361707861865009,0.1283200843404502,-0.0487235656399083,11.384130939554286,0.1356285530720201,700,0.1,6,0.9,0.6,0.0,0.5,10.0,2,0.3333333333333333,0.1421338109037403
5,5,1080,2160,8.398281485880897,0.999509686318645,0.1529263249243646,0.0023704745268893,-0.0409195615699264,13.89872454125572,0.1621151330134413,100,0.3,6,0.7,0.6,0.0,1.0,0.0,1,0.6666666666666666,0.5151515151515151
11,5,1080,2160,11.2915157784356,0.8356281940573207,3.6231991699006825,0.0523607509766503,-0.975044935273686,12.064303854571447,0.1420008321920773,100,0.02,6,0.7,0.6,0.0,2.0,0.0,2,0.6666666666666666,0.3212121212121211
6,5,1080,2160,12.139713600299975,-4.051287362916156e-06,10.51367315221716,0.1246554755097526,-0.000148579952357,12.701235592453568,0.1493124887149688,350,0.3,10,0.9,0.6,0.5,2.0,10.0,2,0.0,0.0
7,5,1080,2159,10.683581413604596,0.9993732997668174,0.1703763049744484,0.0032206211492493,-0.2117371375201404,18.056956997244598,0.202351606591641,700,0.02,10,0.9,0.6,0.0,1.0,0.0,2,0.0,-0.6
15,5,1080,2160,4.464194705707056,0.9119192196831736,1.253189405909291,0.0212978859497405,-0.6653668969714157,16.73539329396354,0.1969559196573485,100,0.1,6,0.9,0.6,0.5,1.0,0.0,2,0.6666666666666666,0.4909090909090908
17,5,1080,2160,7.612664360470243,-0.0001804432717382,7.320272887194598,0.0862163929781306,-0.2330925499137173,12.220469976884347,0.1546614694073011,100,0.3,10,0.7,0.8,0.0,0.5,10.0,2,0.0,0.0
20,5,1080,2160,7.454820620704581,0.9862887691284802,0.7662214310439649,0.0131411372259257,-1.0767429506894968,16.405226674706295,0.1863865134575615,100,0.05,6,0.7,0.8,0.0,2.0,0.0,1,0.0,-0.6606060606060605
14,5,1080,2160,10.189637310858126,0.6063047072434669,5.084492597579956,0.0799794976415118,-0.2436112518347217,9.52745172575668,0.1131309725832257,100,0.02,10,0.9,0.8,0.5,1.0,0.0,1,0.0,-0.2969696969696969
18,5,1080,2160,11.256916974473883,0.4828184835404351,5.632650278850838,0.0974333158869867,0.0211465539130103,11.51749249679071,0.1375982096592785,100,0.02,6,0.9,0.8,0.0,2.0,0.0,2,0.6666666666666666,-0.0790277206784084
19,5,1080,2160,12.647861113371672,-3.5089224512674377e-06,12.1119083376284,0.1443183911277903,-0.103541702236289,10.090633096341737,0.1183359275418926,350,0.3,10,0.7,0.8,0.5,1.0,10.0,3,0.0,0.0
13,5,1080,2160,14.181010738302158,0.7604426396872787,4.238235601760723,0.0757854437750222,-0.649046200744543,10.41824578700242,0.1300079652791715,100,0.05,6,0.7,0.6,0.5,2.0,0.0,3,0.3333333333333333,0.0909090909090908
16,5,1080,2160,11.056484492973048,-0.000113753919313,9.632799318808097,0.1197241005127422,-0.070081703993154,10.599411856686627,0.130527128089607,350,0.3,10,0.7,0.8,0.0,1.0,10.0,2,0.0,0.0
24,5,1080,2160,15.994384420889396,0.222091267143428,11.713777471471715,0.1364729039257493,-0.1186905396045925,11.604993927567094,0.1430698830808808,350,0.1,6,0.7,0.6,0.0,2.0,10.0,3,0.0,-0.3906081131124179
25,5,1080,2160,13.235917957447194,-4.069464738698514e-05,12.097607987015335,0.1437093066578649,-0.2351915424599377,13.333371098836263,0.1610732391739055,700,0.3,6,0.7,0.6,0.0,0.5,10.0,1,0.0,0.0
12,5,1080,2160,14.43984997148867,-8.989935958769735e-06,12.255104940202502,0.1500203322917534,-0.0652956137166529,10.536042781759193,0.1264513810208282,100,0.3,6,0.7,0.8,0.5,0.5,10.0,2,0.0,0.0
29,5,1080,2160,10.922178749508328,-4.750958644139658e-05,9.121701202392575,0.1100762334842406,-0.0752943361608946,11.577020763821071,0.1327947436376638,350,0.3,6,0.7,0.6,0.0,2.0,10.0,3,0.0,0.0
32,5,1080,2160,10.928585382390906,-4.244520525764628e-05,9.426092698132551,0.1116661320169942,-0.2712993520718612,11.73141348715182,0.1429232888218647,100,0.3,10,0.9,0.8,0.0,2.0,10.0,3,0.0,0.0
28,5,1080,2160,9.339689626340514,-5.564412943526165e-06,8.84786599335847,0.1165951831118493,-0.0661201214282456,10.736985246163826,0.1293986233644928,100,0.3,6,0.7,0.6,0.0,0.5,10.0,1,0.0,0.0
27,5,1080,2160,5.946655280593852,0.9924105191566376,0.3960758968190552,0.00992160133943,-0.0938666760040514,9.496673519721735,0.119677016604496,100,0.1,10,0.9,0.8,0.0,0.5,0.0,3,0.3333333333333333,0.4303030303030302
21,5,1080,2160,18.164319901642976,0.3055799181660714,13.490544104399506,0.1534815560088362,-0.618643919819154,13.832073493886876,0.1637265117205184,100,0.3,6,0.7,0.6,0.5,0.5,10.0,3,0.6666666666666666,0.2437087183379769
30,5,1080,2159,14.699209015457717,0.265358827673509,10.984205135769315,0.1324330345078332,-0.1393345061980808,15.770668091979388,0.1817451101770384,700,0.3,6,0.9,0.6,0.0,0.5,10.0,3,0.3333333333333333,-0.2842676218074806
31,5,1080,2160,14.633992932107711,0.6602953843908074,6.3946139262340695,0.089787368480375,-0.5863168480278997,13.356275794859286,0.1661818936394541,100,0.02,10,0.7,0.8,0.5,1.0,0.0,3,0.3333333333333333,0.006060606060606
33,5,1080,2160,6.859782242951569,0.9814225751867808,0.8753159583718688,0.0137077830634629,-0.769856948173935,11.58574984351794,0.1333221901789764,700,0.1,6,0.9,0.6,0.5,0.5,0.0,2,0.0,-0.4666666666666666
35,5,1080,2160,9.067176069065376,0.967494512486734,1.2391001484750046,0.0259184643074404,-0.9589756704027276,13.203499671000024,0.1745180613047294,350,0.3,10,0.7,0.6,0.5,1.0,0.0,3,0.3333333333333333,0.1393939393939393
26,5,1080,2160,11.243326876605,-1.072862392037521e-06,10.840864319977936,0.1262522888247908,-0.0420165760677953,12.067131919684234,0.1512170289211203,700,0.3,10,0.7,0.6,0.0,1.0,10.0,2,0.0,0.0
34,5,1080,2160,12.253949251881355,-5.480747953257037e-07,10.507760099481652,0.1196134842380861,-0.0087553628008176,10.42558664639791,0.1270683728264199,100,0.3,10,0.7,0.6,0.0,1.0,10.0,1,0.0,0.0
22,5,1080,2160,13.700620560709527,0.8219646037299848,3.549105376297677,0.0668697830762979,-1.387912119642002,16.212830234565942,0.1999654060025203,350,0.3,10,0.7,0.8,0.5,1.0,0.0,2,0.3333333333333333,0.2363636363636363
23,5,1080,2160,11.22161473026982,0.8005841315994292,4.106089663417251,0.0570987881752009,-0.005047654465542,9.826964401404062,0.1212597849822185,100,0.02,10,0.9,0.6,0.5,1.0,0.0,1,0.3333333333333333,-0.1757575757575757
37,5,1080,2160,5.977228291785275,0.968138608207548,1.1341812775532407,0.0148107799923136,-0.0713054188864992,11.970581349774642,0.1387328041381214,350,0.05,6,0.7,0.6,0.5,2.0,0.0,3,0.3333333333333333,0.0424242424242424
36,5,1079,2160,12.517264732221198,-0.0002503444396999,11.10020088623584,0.1323120825262825,-0.3905063177502206,14.56861787619414,0.1834905438118617,350,0.3,10,0.7,0.6,0.0,1.0,10.0,3,0.0,0.0
43,5,1080,2160,3.530530003507932,0.9962043021272404,0.1978214290848485,0.0038437840745965,-0.2796449262227636,12.515072612939056,0.162872705630993,350,0.02,6,0.9,0.8,0.0,1.0,0.0,1,0.3333333333333333,-0.1636363636363636
44,5,1080,2160,8.542016049093672,0.967397735754558,1.3201633189480613,0.0211309911844341,0.0003583661921329,11.634706665321634,0.1389253453356904,700,0.05,10,0.7,0.8,0.5,0.5,0.0,3,0.3333333333333333,-0.1636363636363636
40,5,1080,2160,13.063485426019742,-9.418672396743766e-05,11.285460007279008,0.1308240787132953,-0.2866657272017781,12.44624915017022,0.1445310306401605,100,0.3,10,0.7,0.8,0.5,2.0,10.0,1,0.0,0.0
38,5,1080,2160,4.81918544071692,0.8230826565534454,2.8548077165197445,0.0390651162023105,-0.143249205641426,11.911348900794982,0.1484479662376756,100,0.05,10,0.7,0.6,0.5,0.5,0.0,3,0.3333333333333333,0.4303030303030302
46,5,1080,2160,11.659210730658636,-2.0300005241224994e-06,10.405688210946543,0.1266178570932357,-0.5189144922198268,13.225586968174689,0.1577700426337781,700,0.3,6,0.7,0.8,0.0,1.0,10.0,3,0.0,0.0
51,5,1080,2159,3.19983406468674,0.9376722316518068,1.0461167972838437,0.0160074717008988,0.0821019434197841,7.804137912708723,0.0992881545120201,100,0.1,6,0.9,0.6,0.5,1.0,0.0,2,0.3333333333333333,-0.1272727272727272
47,5,1080,2160,9.545617547211824,0.9214864186201882,1.4965943482187058,0.0373338075904414,-2.4767513767763023,16.447840574030522,0.1999701451152442,100,0.3,10,0.7,0.8,0.5,1.0,0.0,1,0.3333333333333333,-0.1878787878787878
42,5,1080,2160,12.020081907201696,-1.372622955297942e-07,10.523683440596969,0.1334611228145586,-0.0510613390055356,11.208591305768048,0.1375510624469179,700,0.05,10,0.7,0.6,0.0,1.0,10.0,2,0.0,0.0
45,5,1080,2160,11.577612918482888,0.7447339967791353,3.466712405742318,0.0674497671844354,-0.3203065411608958,12.87217714715887,0.1566107732949634,100,0.1,10,0.7,0.6,0.5,1.0,0.0,1,0.3333333333333333,-0.0424242424242424
41,5,1080,2160,15.417885914555304,-5.269314655387269e-05,13.791385293183502,0.1598817464377887,-0.1033485049254465,10.481198050181073,0.1317966293621675,700,0.3,6,0.7,0.6,0.5,1.0,10.0,3,0.0,0.0
50,5,1080,2160,12.96397248444734,-4.278010257174891e-05,11.709715366363524,0.1401914298881074,-0.3200719403137089,11.384608520225244,0.1352580051285946,100,0.1,10,0.7,0.6,0.5,2.0,10.0,1,0.0,0.0
49,5,1080,2160,12.55588605598167,-1.572592276866125e-05,11.044510255389744,0.1431310056421125,-0.0721186274425291,12.416554530991448,0.1552185137338587,350,0.3,10,0.7,0.8,0.5,0.5,10.0,1,0.0,0.0
39,5,1080,2159,12.047636614905462,-4.922790624029005e-07,10.55889279683431,0.1256249933689665,-0.0318384652100165,11.494304115963294,0.1418538994527355,700,0.3,6,0.7,0.6,0.5,2.0,10.0,1,0.0,0.0
54,5,1080,2160,13.112510087048566,-7.664997229372972e-06,11.942516976815682,0.1495418758412735,-0.2284936302709272,8.653790656195746,0.1033000157448634,700,0.1,10,0.9,0.6,0.5,1.0,10.0,3,0.0,0.0
57,5,1079,2160,14.365702017574652,-0.0001396025540634,12.60946244954842,0.1447727799223846,-0.1332522375254679,10.64399752581561,0.1233805157655081,350,0.3,6,0.7,0.6,0.0,2.0,10.0,1,0.0,0.0
55,5,1080,2160,4.58231111460262,0.9994975322749516,0.1059128647015636,0.0018800045053069,-0.4370670048819352,12.37816882614167,0.1515059528034161,700,0.1,10,0.9,0.6,0.0,2.0,0.0,3,0.3333333333333333,-0.2606060606060606
48,5,1080,2160,10.11174338022868,-6.932069696041765e-08,8.553691712838633,0.1024641889870499,-0.0044022838168766,8.918978388044568,0.1015746509777372,700,0.1,10,0.7,0.8,0.0,1.0,10.0,1,0.0,0.0
53,5,1080,2160,11.2219900004069,0.4682675847139923,7.867066051165263,0.112672571028281,-0.2995959419903409,13.042530611974222,0.1593147617976941,100,0.02,10,0.7,0.8,0.5,1.0,0.0,1,0.6666666666666666,0.6969696969696969
52,5,1080,2160,19.46373801266705,0.1610382729660189,14.41691442348339,0.1642582768926122,0.0662734216661773,12.70347586631775,0.1488627078579328,100,0.02,6,0.7,0.8,0.5,2.0,10.0,2,0.6666666666666666,0.3133397807202561
71,5,1080,2160,13.030143527278192,-9.694643938074066e-06,11.081898082450584,0.1314185154188329,-0.0241415824332116,12.615539991590712,0.1508353214257785,700,0.1,6,0.9,0.6,0.0,1.0,10.0,1,0.0,0.0
63,5,1080,2160,9.373323485762985,0.9382320557991995,1.6213980978423796,0.028711224148105,-0.2993000271147228,10.161270883673184,0.1250235678548378,100,0.3,10,0.9,0.6,0.5,0.5,0.0,2,0.0,0.2121212121212121
62,5,1080,2160,12.46585630059242,0.7878903830792475,4.008589962017205,0.0733694634144946,-1.225101224887891,13.640476442178093,0.1769629440727928,100,0.1,6,0.9,0.6,0.5,0.5,0.0,1,0.3333333333333333,-0.0424242424242424
66,5,1080,2160,12.02512033391882,-7.234161709224196e-05,9.839851072805898,0.1115830971004667,-0.0141320737717238,10.075085271199546,0.1226012658936362,100,0.1,10,0.7,0.6,0.0,2.0,10.0,3,0.0,0.0
56,5,1080,2160,12.90920964417634,0.5519769391682845,5.945969136909203,0.0929036119522887,0.0037896015210051,11.560009204899822,0.1391118197867445,100,0.02,10,0.7,0.6,0.5,2.0,0.0,1,0.0,0.0909090909090908
61,5,1080,2160,15.167504271754511,0.0713157357323392,13.266947919351082,0.1559747671688239,-0.0035264752387211,12.2233109664917,0.1422271181628485,700,0.1,6,0.9,0.8,0.5,0.5,10.0,1,0.0,0.0
58,5,1080,2160,10.085596680111356,-2.428559797040819e-05,8.775480540946678,0.1076437626847189,-0.1977570618296225,10.135613233954818,0.1195173706881056,350,0.1,10,0.7,0.8,0.0,2.0,10.0,3,0.0,0.0
69,5,1080,2160,8.223976718761303,-1.5862205658967454e-05,8.02889050130491,0.0915317723411165,-0.4349254154003528,11.92122152346152,0.1579701123134793,350,0.1,6,0.7,0.8,0.0,0.5,10.0,2,0.0,0.0
68,5,1080,2160,11.073697627915276,0.913960142308328,2.3070996295081243,0.03685832177516,-0.7402887948688937,11.574161684800078,0.1504583335907303,100,0.02,10,0.7,0.8,0.0,1.0,0.0,3,0.3333333333333333,0.3100318272768329
70,5,1080,2160,7.652765288463345,0.9494128472489466,1.3825768028254866,0.022760285137001,0.0143816511869967,11.168666326889284,0.1380182701657761,700,0.3,10,0.9,0.8,0.5,0.5,0.0,1,0.6666666666666666,0.4666666666666666
64,5,1080,2160,13.473093621289287,-3.566518669284591e-07,11.678273498393873,0.1409424061630674,-0.0022429489442101,11.751646088140983,0.1387436838405344,700,0.05,6,0.7,0.8,0.5,0.5,10.0,3,0.0,0.0
65,5,1080,2160,12.80458651423316,0.8337258583714682,2.6472586296333205,0.0526511536475724,-2.2140668519319804,13.899005909495884,0.1601291578004125,350,0.3,6,0.9,0.6,0.5,2.0,0.0,3,0.3333333333333333,0.1515151515151515
72,5,1080,2160,10.355317000724652,0.9998128437604726,0.1095286699543983,0.0016411415453789,-0.9759887336636152,11.666023561270666,0.1363556373497798,350,0.3,6,0.7,0.8,0.0,0.5,0.0,3,0.3333333333333333,-0.006060606060606
59,5,1080,2160,9.940203556837858,-6.129099456897436e-05,9.127168601707176,0.1089852329994751,-0.0664367345950733,12.407788300690829,0.1558261095284961,100,0.1,6,0.7,0.8,0.0,2.0,10.0,3,0.0,0.0
74,5,1080,2160,7.955400646262698,0.9385812862973284,1.351634709879204,0.021630359882674,-0.3087580268849139,11.337711335199849,0.1484568854315789,700,0.02,10,0.7,0.6,0.5,1.0,0.0,1,0.6666666666666666,0.4666666666666666
78,5,1080,2160,11.509603387514748,0.9453211996118452,1.4508854729102718,0.0322916019375342,-1.2372901412445163,15.090220712114265,0.1828454879033495,350,0.02,6,0.9,0.6,0.0,1.0,0.0,3,0.0,-0.6606060606060605
67,5,1080,2160,13.135784637663098,0.4853955436331665,7.712821392483181,0.1124117660350044,-3.603678961520296,16.499056033911526,0.1850330054571608,100,0.02,10,0.7,0.8,0.5,1.0,0.0,1,0.6666666666666666,0.395138603392042
75,5,1080,2160,5.967044530003159,0.8196459297623939,2.118737568678679,0.0363080395934119,-0.0255523246995348,11.729269565917829,0.1348645286931999,350,0.02,10,0.7,0.8,0.5,2.0,0.0,2,0.0,-0.4181818181818181
87,5,1080,2160,7.575062403104923,0.8152467288431995,2.777657742647764,0.0489826665772287,-0.3200938305142247,15.093004503117667,0.1716453400555088,100,0.3,10,0.9,0.6,0.5,1.0,0.0,3,0.3333333333333333,-0.3575757575757575
76,5,1080,2160,8.961189164408932,0.8439370931923251,2.623956922336861,0.0439300371214574,-0.053974926801515,8.406543667846254,0.1210029651636768,700,0.1,6,0.9,0.6,0.5,0.5,0.0,2,0.6666666666666666,0.0547114989312058
77,5,1080,2160,15.161920809569178,0.0851254929738561,12.329763735312005,0.1478273293752242,-0.1321943221169781,10.099625155837447,0.1193130590044891,350,0.05,6,0.9,0.6,0.5,2.0,10.0,2,0.6666666666666666,0.485479387502946
86,5,1080,2160,13.97529631011947,0.9796972770103716,1.1530376041763355,0.0259358820479237,-1.1375006153631646,15.322923349548407,0.1941173851578128,100,0.05,10,0.9,0.8,0.0,1.0,0.0,2,0.0,0.0545454545454545
73,5,1080,2160,5.364142536741715,0.9697078981244076,1.0479324422473155,0.0162405850160522,-0.0443473509009006,9.377880279013404,0.1331261529925201,350,0.05,6,0.9,0.6,0.5,1.0,0.0,3,0.3333333333333333,0.3333333333333332
82,5,1080,2160,11.383318801102812,-8.381062759288405e-05,9.802040585058707,0.1172106632788102,-0.0533003970070724,10.695797619996249,0.1303051322408522,700,0.3,10,0.7,0.6,0.0,1.0,10.0,3,0.0,0.0
85,5,1080,2160,10.701525591744316,-6.815913018431985e-06,10.12608488365456,0.121241085892788,-0.1523887420721532,7.345104757414924,0.0977263423525898,700,0.3,10,0.7,0.8,0.0,0.5,10.0,1,0.0,0.0
83,5,1080,2160,14.202526938120524,-0.0002354846719543,13.117579237620037,0.1561115076549427,-0.0069775590838363,12.356221441339564,0.1466993871674447,350,0.3,10,0.7,0.8,0.5,2.0,10.0,2,0.0,0.0
81,5,1080,2160,11.827018501846878,-3.6019544731313857e-06,10.46433134149622,0.1356985945707723,-0.1068088491139214,13.003160936567518,0.1492012698493528,100,0.3,6,0.9,0.8,0.0,1.0,10.0,3,0.0,0.0
92,5,1080,2160,13.42057010948658,0.966158023203194,1.2075795040969497,0.0238723238601816,-1.1782573969245704,14.335163097094608,0.1783730064988928,700,0.3,6,0.7,0.8,0.5,2.0,0.0,3,0.3333333333333333,0.0909090909090908
88,5,1080,2160,9.725498622258504,0.9139118829910776,1.8345641454060877,0.0309480705274275,-0.4843422154570187,13.993711254994077,0.1755502266499513,350,0.02,10,0.9,0.6,0.5,1.0,0.0,1,0.0,0.006060606060606
90,5,1080,2160,10.355607029243751,-0.000128228142165,8.826860796610514,0.1054323196746006,-0.2061562421188421,10.208026938968237,0.1188562834784368,350,0.3,10,0.7,0.8,0.0,0.5,10.0,1,0.0,0.0
80,5,1080,2160,11.84986599251076,-2.331244931763621e-06,11.04236803125452,0.1416229785254125,-0.2030400925036124,11.484121832670992,0.1307030534516154,700,0.3,6,0.7,0.8,0.5,2.0,10.0,1,0.0,0.0
84,5,1080,2160,12.502846892674764,-1.805091205087095e-05,11.667699146270753,0.140002067106959,-0.052194328231957,11.27918961065787,0.1464845233060024,700,0.3,6,0.7,0.8,0.5,2.0,10.0,3,0.0,0.0
94,5,1080,2160,16.427852061236347,0.3403592606295756,11.40864099431921,0.1307190604994496,-9.706987029334256e-05,11.046477130960534,0.1348122681531452,700,0.3,6,0.9,0.6,0.5,0.5,10.0,2,0.0,0.0
93,5,1080,2160,7.778343275101096,0.9617906439453028,1.4359612010443514,0.0249380201411931,-0.3278692035268029,12.149352227041016,0.1515985043990724,350,0.1,6,0.9,0.6,0.5,0.5,0.0,2,0.3333333333333333,0.1272727272727272
79,5,1080,2160,12.498933298411192,0.6544883918170306,4.764340592080003,0.0838102572016734,-0.2404025386764403,10.990781811618213,0.1400997958280627,100,0.1,6,0.7,0.8,0.5,2.0,0.0,2,0.3333333333333333,0.2606060606060606
91,5,1080,2160,9.833981830102426,-0.0004793385679788,8.620249927662037,0.1063208066446299,-0.0025662289323098,8.940863557038483,0.1083374205038632,350,0.3,10,0.7,0.8,0.0,1.0,10.0,2,0.0,0.0
98,5,1080,2160,17.580346787064165,-5.806799047758382e-05,15.444304360990174,0.1759722533832533,-0.2012192608733649,13.69580600420634,0.1563627122668289,700,0.3,10,0.7,0.6,0.0,1.0,10.0,1,0.0,0.0
96,5,1080,2159,5.336801586680942,0.9972462890830756,0.2385051154869573,0.0043596918234659,-0.0936656366158292,11.65738008803049,0.1490320871230809,700,0.02,6,0.7,0.8,0.0,2.0,0.0,3,0.6666666666666666,0.1393939393939393
99,5,1080,2160,14.670863651699488,-4.92069059980782e-05,13.250205174198856,0.1554104331360044,-0.1617619316355085,10.37834600377966,0.1247023535559613,100,0.3,6,0.7,0.8,0.0,2.0,10.0,1,0.0,0.0
97,5,1080,2160,11.625013070327263,0.9506179224859462,1.5680135527777452,0.0325212912822474,-0.593734288917461,16.59798948864142,0.2062841684454618,350,0.1,10,0.9,0.8,0.5,2.0,0.0,2,0.3333333333333333,-0.006060606060606
95,5,1080,2160,13.963155995121706,-2.876601679946411e-05,12.84129140500669,0.1566096545337287,-0.0542862129495171,13.388216143714056,0.1543425163249876,350,0.3,10,0.9,0.8,0.0,0.5,10.0,1,0.0,0.0
89,5,1080,2160,15.371042474839422,0.9967066603785842,0.4574441789987031,0.0090898265742682,-1.3304677676670305,16.58358183978677,0.2031955990371498,700,0.3,6,0.7,0.6,0.0,1.0,0.0,3,0.3333333333333333,-0.2121212121212121
60,5,1080,2160,10.797154074824515,0.743039254728763,3.785071135615861,0.0725964530216396,-0.284297347661294,11.302552045274664,0.1391067825441601,350,0.3,6,0.9,0.6,0.5,0.5,0.0,1,0.3333333333333333,0.4666666666666666
5,15,3240,2160,11.793458586092347,0.1286128680336412,10.812240245489429,0.1237129014121718,0.0741302791401313,12.45179755670053,0.1528938133492219,700,0.3,6,0.7,0.8,0.5,1.0,10.0,1,0.6666666666666666,0.5918640302493726
3,15,3240,2160,8.910124515530503,0.9462182607099444,1.334693436693935,0.0293127221861965,-0.0546102322659167,10.827368135430197,0.1430223123107796,350,0.3,10,0.9,0.6,0.5,1.0,0.0,2,0.3333333333333333,0.3818181818181818
2,15,3240,2160,10.056032857423949,0.1161216970285049,8.42347636823301,0.1046242878543764,-0.2765453602078611,13.399041409315888,0.1610392516124388,100,0.05,6,0.7,0.6,0.0,2.0,10.0,2,0.3333333333333333,0.0710669054518701
8,15,3240,2160,13.013261133241064,0.0323191629642765,11.936455320664397,0.1435540307720309,-0.1269150651201478,12.200443953761347,0.1489478987325677,100,0.02,6,0.7,0.6,0.0,2.0,10.0,2,0.6666666666666666,0.6249729809798688
4,15,3240,2159,10.734691072628822,-2.517302750693063e-07,10.324409150488584,0.1265455164244739,-0.0175718732263909,12.525885888789196,0.145482511905388,100,0.05,6,0.7,0.8,0.0,1.0,10.0,2,0.0,0.0
10,15,3240,2160,10.237902870847858,0.8726604885034002,1.99394332514133,0.0440546894336847,0.0689579413912834,10.173474196151451,0.1266793933582392,350,0.02,6,0.7,0.6,0.5,0.5,0.0,3,0.3333333333333333,0.006060606060606
13,15,3240,2160,13.504870408847006,0.0360079658372848,11.572277951417147,0.1370211805185591,-0.0162612425525603,8.527262001037597,0.1020601567962521,100,0.02,6,0.7,0.8,0.5,1.0,10.0,3,0.3333333333333333,-0.1899342940993965
0,15,3240,2160,9.575013288833478,0.8373421773077333,3.4411784799967284,0.0482347109437482,0.1121150922166516,8.248538768512232,0.0995175582506336,100,0.02,6,0.7,0.6,0.0,1.0,0.0,1,0.6666666666666666,0.2484848484848484
15,15,3240,2160,5.391698241719493,0.95583063044286,1.0569318155032572,0.0169391255163684,-0.4627594235103993,15.508987605130232,0.1845867514921621,350,0.05,10,0.7,0.6,0.5,0.5,0.0,1,0.3333333333333333,-0.0666666666666666
11,15,3240,2160,14.137011370717744,0.0702895649493525,12.73873729917738,0.1482359696253766,-1.2204616196545954,13.603052125153718,0.1505650020948598,100,0.02,6,0.7,0.6,0.0,0.5,10.0,2,0.3333333333333333,-0.4785984984029348
9,15,3240,2160,12.149220917784136,-4.2764591423605225e-08,12.024863475281515,0.1424156785233797,-0.0949515267673348,11.90864688590721,0.138585585762331,100,0.05,6,0.7,0.6,0.0,2.0,10.0,3,0.0,0.0
6,15,3240,2160,13.432209875201002,0.0747523830067333,12.466713221985618,0.1445349722717732,0.0351760297316937,12.11509710294229,0.1466519747096148,700,0.3,6,0.9,0.6,0.5,1.0,10.0,2,0.3333333333333333,0.7311261550139309
32,15,3240,2160,8.80851196654049,0.949175920776265,1.1232866693090324,0.0307566253681611,-0.4266284148236159,12.420285063540494,0.1514030148764479,350,0.02,6,0.9,0.8,0.0,0.5,0.0,2,0.3333333333333333,-0.0909090909090908
18,15,3240,2160,9.14715375389582,0.8546885086286494,1.7660487926977884,0.0459202829860177,0.017971266257602,10.85141564970767,0.1378212053218289,100,0.3,10,0.9,0.8,0.5,2.0,0.0,2,0.6666666666666666,0.8328305948416885
7,15,3240,2159,11.549650445161042,-2.8070556101766897e-08,11.305433390817525,0.1300743543974505,-0.0017578945251681,16.66089609754809,0.1839856004514812,700,0.02,6,0.7,0.8,0.0,0.5,10.0,3,0.0,0.0
23,15,3240,2160,11.818440415476577,0.9556349017901876,1.2916011936433416,0.0286264291856658,-0.6793230138985946,11.7544552663079,0.1567438776514244,700,0.05,6,0.9,0.8,0.5,0.5,0.0,2,0.3333333333333333,0.2484848484848484
25,15,3240,2160,10.910831239606129,0.1036232885748215,10.123844812652212,0.1203001281979404,-0.3011722620766988,13.455725493254484,0.1653193298148727,700,0.3,10,0.9,0.8,0.0,1.0,10.0,2,0.3333333333333333,-0.3829708431025352
27,15,3240,2160,13.100173430030727,0.0490893935089512,12.14513619693709,0.1412520305468404,-0.0455446182855918,9.83500677673905,0.1170037668349011,700,0.02,10,0.7,0.8,0.5,1.0,10.0,3,0.0,-0.2611164839335467
20,15,3240,2160,8.891839956015717,0.9335398916499824,1.6080437168569797,0.0275048698240769,-0.2814977308512005,13.097071954894949,0.1464138068744272,350,0.02,10,0.7,0.6,0.5,1.0,0.0,1,0.3333333333333333,-0.1151515151515151
14,15,3240,2160,8.262123903654238,0.7401054043856327,2.945990796195872,0.0550515700023171,0.2231728470030268,7.013179089272464,0.0894131505849271,100,0.05,6,0.7,0.6,0.5,2.0,0.0,3,0.3333333333333333,0.3939393939393939
12,15,3239,2160,13.157256715556784,0.0979341849428541,12.405840598539498,0.1472847538952805,-0.005212927098577,10.503762199966996,0.1228337016965968,100,0.3,6,0.7,0.8,0.5,0.5,10.0,2,0.3333333333333333,-0.1139605764596379
16,15,3240,2160,9.77254096471969,0.907842702762334,1.6607942207304782,0.038500935727244,-0.1304813143503751,10.68853115655758,0.1341602958875125,100,0.3,6,0.7,0.6,0.5,0.5,0.0,3,0.6666666666666666,0.4181818181818181
28,15,3240,2160,11.698924663214036,0.0888765869347502,11.049725985114955,0.1315723292920208,-0.1339931505980214,11.133999944969462,0.133454063393998,350,0.3,10,0.9,0.6,0.0,0.5,10.0,1,0.3333333333333333,-0.3418817293789138
17,15,3240,2160,11.628495796109425,-3.788914663571674e-06,11.320843161830195,0.137110918718747,-0.0754429128586442,11.728666867326806,0.1444368392391497,700,0.3,10,0.9,0.8,0.0,2.0,10.0,1,0.0,0.0
31,15,3240,2160,11.605207866621608,0.1137764153150975,10.524314606042555,0.1274138175742859,-0.1000783940555471,11.737174390157064,0.1383886754301132,100,0.3,10,0.9,0.6,0.0,2.0,10.0,1,0.6666666666666666,0.1044465935734186
24,15,3240,2160,9.976617153302572,0.9949786451816596,0.5494070609400542,0.0096748662515666,-0.4196003864715594,13.217501510068498,0.1611670638515447,700,0.3,6,0.7,0.6,0.0,0.5,0.0,3,0.0,-0.2727272727272727
29,15,3240,2160,12.184566492386807,-1.1366392271838777e-08,11.966590335045332,0.1388274966684348,-0.0007285667186383,10.944510565863716,0.1281077354808963,700,0.05,6,0.7,0.6,0.5,2.0,10.0,1,0.0,0.0
35,15,3240,2160,11.845143731111362,0.8956703144631663,2.158514123003769,0.0482729435005008,-0.7422912626303035,13.37262692672235,0.1645834789018747,100,0.1,6,0.7,0.6,0.0,2.0,0.0,1,0.3333333333333333,0.0909090909090908
43,15,3239,2160,7.491544904365298,0.9371746106976202,1.4179811097116806,0.0320841685091857,-0.2970264253020092,14.105602746694178,0.1639751298845645,350,0.02,6,0.9,0.8,0.0,1.0,0.0,1,0.0,-0.0303030303030303
57,15,3239,2160,12.05353950540832,-1.213374931641198e-07,11.576490927022263,0.1367501153323218,-0.0267422571535074,9.876412141234788,0.117439449551202,700,0.02,10,0.7,0.8,0.0,1.0,10.0,2,0.0,0.0
51,15,3240,2159,10.202131089902954,0.9276232993319022,1.7478548971599936,0.0372572624383932,-0.5744223865691536,10.468008951688873,0.1300351734932378,350,0.3,10,0.7,0.8,0.5,0.5,0.0,3,0.3333333333333333,0.4303030303030302
34,15,3240,2160,12.32937663466842,0.1826109561752887,11.01244672210128,0.1292604347796129,-0.1237839786153425,11.278371055037889,0.134117657191756,350,0.3,10,0.9,0.6,0.0,1.0,10.0,3,0.0,-0.5698028822981897
1,15,3240,2160,15.040667127076492,0.8703629772960184,2.855514674201424,0.0570748572556303,0.1780931735857313,10.635519839988817,0.1379389996983593,100,0.05,10,0.9,0.6,0.5,2.0,0.0,1,0.3333333333333333,0.5636363636363636
19,15,3240,2160,12.505814219164996,0.8026573448254268,3.458199626690547,0.0670148804798994,-0.9510810309589632,13.266876307681756,0.1573475183605356,350,0.05,6,0.7,0.6,0.5,0.5,0.0,3,0.0,-0.1878787878787878
58,15,3240,2160,9.714319059819353,0.336559936470087,8.801783267362618,0.1052734124792396,-0.2768778776330707,10.184624150417468,0.1234017565528688,350,0.1,10,0.9,0.8,0.0,0.5,10.0,1,0.3333333333333333,-0.4191274604542782
38,15,3240,2160,7.763150736571829,0.9982803826374664,0.1521486170287818,0.0041706957568068,-0.2166244784221229,12.969608011742432,0.1531376834092211,700,0.05,10,0.7,0.6,0.0,1.0,0.0,1,0.3333333333333333,0.0424242424242424
71,15,3240,2160,10.185805280811993,0.9014345352707456,1.7517606106326906,0.0444659789339128,0.0090331311747575,12.322255513662542,0.148372228820673,350,0.3,10,0.9,0.8,0.5,1.0,0.0,2,0.3333333333333333,-0.0303030303030303
52,15,3240,2160,13.693824534475066,-1.1820597494160978e-06,12.405022867461785,0.1474582889748284,-0.0011740157334394,13.411924808643482,0.1541454957679974,100,0.02,6,0.7,0.8,0.5,2.0,10.0,2,0.0,0.0
62,15,3240,2160,13.193637174890366,0.8796187903384339,2.5030224852135152,0.0516852608399004,-0.0717606922144333,10.467039933204653,0.1228163993637604,100,0.1,6,0.9,0.6,0.5,0.5,0.0,1,0.6666666666666666,0.4303030303030302
47,15,3240,2160,13.576543984589753,0.3639550396250192,9.725410819818944,0.1173576496132008,-0.5131193893856092,11.114893046838263,0.1319213060690449,350,0.1,6,0.9,0.6,0.0,1.0,10.0,3,0.3333333333333333,-0.0123477964429439
63,15,3240,2160,11.194878220263822,-2.7476943675885934e-07,10.53577639473809,0.1252676378307686,-0.0112651947114623,9.218173698849148,0.1102985224528374,700,0.02,6,0.7,0.8,0.5,1.0,10.0,1,0.0,0.0
39,15,3240,2159,8.824605088329609,0.948684362850374,1.535731983085128,0.0288609210410494,-0.0102091688427128,11.44228154796867,0.1403592616169502,100,0.3,6,0.9,0.6,0.5,0.5,0.0,2,0.3333333333333333,0.1999999999999999
54,15,3240,2160,6.739510228608125,0.7835257222737368,2.4954880016820558,0.0573269978576264,-0.2277429708793219,7.559191082075791,0.1032684506743659,350,0.05,6,0.7,0.6,0.5,0.5,0.0,3,1.0,0.7212121212121211
46,15,3240,2160,10.701340529536022,0.9170845675555376,1.6897633118504358,0.0358312217958947,-0.0527099847764618,11.375089898241889,0.1313446087188955,100,0.05,6,0.7,0.6,0.0,1.0,0.0,1,0.3333333333333333,-0.1823716631040193
53,15,3240,2160,12.31881870082867,0.5845948567287099,6.088747715405477,0.0984606153432762,0.12686193742463,10.548932753359832,0.1305850036841355,100,0.05,6,0.7,0.8,0.5,1.0,0.0,1,0.6666666666666666,0.6606060606060605
36,15,3239,2160,9.88267232264974,-3.5142867711446257e-06,9.612473136828836,0.1150273905320139,-0.3931175105224898,14.580724501433195,0.1836627488751582,100,0.1,6,0.7,0.6,0.0,1.0,10.0,2,0.0,0.0
26,15,3240,2160,7.185731186616567,0.8924717592841493,2.4135208888701447,0.0397946751354273,0.0992216566740165,11.074097950679286,0.1405958025697219,350,0.02,10,0.9,0.6,0.5,1.0,0.0,3,0.6666666666666666,0.3575757575757575
50,15,3240,2160,12.067252776534469,-2.135659741764329e-05,11.089161667058498,0.135998619681808,-0.327784668769765,11.415629108570242,0.1356525627626611,700,0.3,10,0.7,0.8,0.5,0.5,10.0,3,0.0,0.0
61,15,3240,2160,14.61046021991306,-8.084058982227305e-07,13.660769189198811,0.1560544278353725,-0.0089794524335349,12.298390858614887,0.1426130125760146,700,0.05,6,0.7,0.6,0.0,0.5,10.0,2,0.0,0.0
30,15,3240,2159,13.857077601397478,0.0649752871327298,11.935520235461954,0.1394307549183704,0.0228691614075767,14.44416843200514,0.1683113756839142,100,0.05,6,0.7,0.8,0.0,2.0,10.0,3,0.6666666666666666,0.3829708431025352
40,15,3240,2160,10.292840991373415,0.8149751625287904,2.7808470160456054,0.0592615218202232,-0.0554065036560449,10.20086614979638,0.1308995387469328,350,0.02,6,0.7,0.8,0.5,0.5,0.0,1,0.3333333333333333,0.5878787878787878
66,15,3240,2160,10.784510367829125,-5.242082650402935e-06,10.593244421923602,0.1229913219563181,-0.0170840991050751,10.09375139730948,0.1227795755320632,350,0.02,10,0.7,0.8,0.5,1.0,10.0,1,0.0,0.0
21,15,3240,2160,12.843710536956788,0.2274589243526501,11.00607716501495,0.1290736867412096,-0.2587693616795645,12.605972265667384,0.1443831228090319,100,0.1,10,0.9,0.6,0.0,0.5,10.0,2,0.3333333333333333,-0.2556896087358144
55,15,3240,2160,12.2614918682899,0.1207525869350919,10.903911193211874,0.1303044515591772,-0.1618741890519317,12.130684776482758,0.1362293674086653,350,0.3,10,0.7,0.6,0.5,2.0,10.0,2,0.0,-0.6092717958449424
85,15,3240,2160,13.025122258221662,0.0162655748276099,12.110687133176828,0.1459190025487562,-0.0398950173549546,7.729845364535297,0.0928339628361132,100,0.02,10,0.7,0.6,0.0,1.0,10.0,1,0.3333333333333333,0.1577921860668006
83,15,3240,2160,13.74129209753908,0.0842370836345937,12.113136115368505,0.1461980818453801,-0.0441917648985112,12.561869320339628,0.1493855310756484,100,0.02,6,0.7,0.6,0.5,0.5,10.0,2,0.3333333333333333,0.0580258853185659
37,15,3240,2160,9.260478811278755,0.942272539103882,1.23397908191806,0.0307228013582291,-0.0368259304991795,11.902785955143196,0.1364820191033142,350,0.02,10,0.9,0.6,0.0,1.0,0.0,1,0.3333333333333333,-0.1515151515151515
69,15,3240,2160,10.472160010043485,-2.3754389866237342e-06,10.044886273042655,0.1221296009246711,-0.0995506665486085,11.09994632049843,0.1382827112742441,100,0.3,6,0.7,0.8,0.0,2.0,10.0,3,0.0,0.0
48,15,3240,2160,12.342392887539336,0.0216828027098939,11.684066731017312,0.135108949329063,-0.0839737206046375,9.189270552882444,0.1055214789965073,350,0.05,6,0.7,0.6,0.0,1.0,10.0,3,1.0,0.7977240352174655
44,15,3240,2160,11.201831832123393,0.9087198749764624,1.8520322915873733,0.040055957304764,0.2312733018684156,9.696323832582545,0.1218274908066796,700,0.05,10,0.7,0.8,0.5,0.5,0.0,3,0.0,0.406060606060606
75,15,3239,2160,10.517105386224644,0.7792711754770589,3.003889444099314,0.0625942665624251,-0.2995843213890363,12.90540581813565,0.1518172285086524,350,0.05,6,0.7,0.8,0.5,1.0,0.0,2,0.0,-0.5272727272727272
59,15,3239,2160,14.800467906294756,-6.854529048805347e-07,14.76939317939384,0.1703960865605452,-0.000483370753689,12.978282284206816,0.1509307106616013,350,0.02,6,0.7,0.6,0.5,2.0,10.0,1,0.0,0.0
78,15,3240,2160,10.175654000146888,0.6828635522992722,3.855786311422923,0.0789082074518766,0.0907540171550603,9.031140256899375,0.1165638245977132,100,0.1,6,0.7,0.6,0.5,0.5,0.0,3,0.6666666666666666,0.2363636363636363
65,15,3240,2160,15.329437922975163,0.7926495088375527,4.384941006468517,0.0772562415576579,-1.638198702429206,11.86099432291808,0.1450763824847235,700,0.02,6,0.7,0.6,0.0,2.0,0.0,2,0.3333333333333333,0.103030303030303
80,15,3240,2160,12.877327554246156,0.8565461693849913,2.5685427982972384,0.056442573905328,-0.7984963986237861,13.578354046940804,0.1598087186712865,100,0.3,10,0.9,0.6,0.5,0.5,0.0,2,0.0,-0.3939393939393939
64,15,3240,2160,14.67241573639858,0.0191461192838449,13.84439622808386,0.1648274623199994,-0.0475570889204415,12.004114196212202,0.1418455013789869,100,0.02,6,0.7,0.8,0.5,1.0,10.0,1,0.0,0.0
67,15,3240,2160,11.842296433625396,0.6845745837352063,5.488890027705534,0.0845146371733219,-0.8582410007814965,9.609275090561972,0.1175567868151516,100,0.02,6,0.9,0.8,0.0,1.0,0.0,2,0.3333333333333333,-0.1878787878787878
72,15,3240,2160,13.101228134955884,0.0793120678697355,10.971102498607872,0.1303511420990821,-0.6811244294870102,11.026781200126363,0.1257710814524767,100,0.05,6,0.7,0.6,0.0,1.0,10.0,2,0.3333333333333333,0.1899342940993965
79,15,3239,2160,12.195578363116027,0.9068657060066636,2.096136182892116,0.0420982776760238,0.0041573085114615,10.50709683307895,0.1255311621193119,100,0.05,10,0.9,0.6,0.0,1.0,0.0,1,0.0,0.3212121212121211
82,15,3240,2160,11.89985534809254,-2.2030100441661205e-06,11.761424441867405,0.1345788007203586,-0.0010816598460703,10.65288286138464,0.1270340516799055,100,0.05,10,0.7,0.6,0.5,0.5,10.0,1,0.0,0.0
74,15,3240,2160,11.666218911630136,0.0202225176441839,11.163116748715623,0.1357077623714199,-0.0002565096280335,11.061393427318997,0.1297855551251359,100,0.05,6,0.7,0.6,0.0,2.0,10.0,2,0.0,0.0
81,15,3240,2160,10.430706563643469,-1.7680876341463758e-05,10.276218857941805,0.1292308756452026,-0.0129642250641275,12.284358491897583,0.1427359144957013,100,0.1,10,0.7,0.6,0.0,2.0,10.0,1,0.0,0.0
88,15,3240,2160,10.965362694587238,-5.5056867953595664e-09,10.079052732020248,0.1186054917039109,-0.0449633951408965,12.229887055291073,0.1472939516268992,100,0.3,6,0.7,0.8,0.0,1.0,10.0,3,0.0,0.0
94,15,3240,2160,11.47480171194783,0.9185344111082112,1.8798396321144644,0.041329373257157,-0.355707739789427,12.352450691064195,0.1569608622712552,700,0.1,10,0.7,0.8,0.5,2.0,0.0,2,0.0,0.0424242424242424
33,15,3240,2160,8.763513632291628,-5.342070207858818e-05,8.63230245001522,0.1144917669996999,-4.343530714878696e-06,8.55738317348339,0.100215362124086,700,0.3,6,0.7,0.8,0.5,1.0,10.0,3,0.0,0.0
45,15,3240,2160,11.153997824471674,0.8112676564830118,2.867803726571204,0.0568397139541207,-0.0189873675576728,11.428823163421066,0.137584226497202,100,0.1,6,0.7,0.6,0.0,1.0,0.0,2,0.3333333333333333,-0.103030303030303
49,15,3240,2160,11.782107940603186,0.0526694001833732,10.738933193065504,0.1279534181624427,0.0012986792398916,12.167490475266067,0.1498096922566286,100,0.05,6,0.7,0.8,0.5,1.0,10.0,2,0.3333333333333333,0.4178554470186724
99,15,3240,2160,12.128744987676171,-9.667702194349204e-09,11.912651200706575,0.1420287723916986,-0.1358952626787464,10.255694410182812,0.123306287876994,100,0.3,6,0.7,0.8,0.0,2.0,10.0,1,0.0,0.0
84,15,3240,2160,11.33292420555044,0.622545648238366,5.996777971791633,0.0893785236360296,-0.1173637899790578,11.38434262505284,0.1509527608650336,100,0.02,6,0.7,0.6,0.5,1.0,0.0,2,0.3333333333333333,0.0303030303030303
86,15,3240,2160,11.857823012086598,0.9395230361897088,1.5644034336351813,0.0352774983366892,-0.5947525495460049,13.99417170882225,0.1676710024729322,700,0.3,10,0.9,0.6,0.5,0.5,0.0,1,0.3333333333333333,0.103030303030303
41,15,3240,2160,11.21104865812961,0.8834450897349382,2.159390303709797,0.0496713363686718,-0.3620523021629644,10.62672656769002,0.1464349827505139,100,0.3,10,0.9,0.8,0.5,2.0,0.0,1,1.0,0.7659609850368815
68,15,3240,2160,12.262238986528953,0.7979166554620896,3.718023084400015,0.0717095678410341,-1.1709144707565882,14.42899044672648,0.1680455213001984,100,0.3,6,0.9,0.8,0.5,2.0,0.0,3,0.3333333333333333,0.5030303030303029
92,15,3240,2160,12.233639778056078,0.867763324618456,2.6942177905043425,0.0549826993498904,-0.7210182211950626,12.767704042119007,0.1585503729498907,100,0.3,6,0.7,0.8,0.5,0.5,0.0,3,1.0,0.9151515151515152
90,15,3240,2160,12.704641980849043,0.8674878907701198,2.3362206971633857,0.0531484806640272,-0.558913172885281,11.382115257581075,0.1351236366880872,100,0.3,10,0.9,0.6,0.5,0.5,0.0,1,0.3333333333333333,0.4909090909090908
73,15,3240,2160,11.696572396549175,0.0100384408419889,10.573514003753663,0.1277285049475534,-0.0111915548397771,10.942178929293595,0.1309958732664404,100,0.02,6,0.7,0.6,0.0,0.5,10.0,1,0.3333333333333333,-0.1740776559556978
98,15,3240,2160,13.625565862773376,-4.5359255640420326e-07,13.04181094887816,0.1560001509227868,-0.0147827538988274,12.714691269132825,0.1437171480468511,100,0.02,10,0.7,0.6,0.0,0.5,10.0,2,0.0,0.0
96,15,3240,2159,7.1341628827209815,0.9735789760294692,0.7866056244530613,0.0173601225474146,-0.7041443223049599,14.855363307953322,0.1860332983999245,700,0.3,6,0.7,0.8,0.5,0.5,0.0,2,0.0,-0.006060606060606
22,15,3240,2160,13.455225529376367,0.0206358139010729,12.883263390623494,0.1559445779810441,-0.1325502022360529,11.920829287281745,0.1377128386293537,350,0.02,6,0.7,0.8,0.0,0.5,10.0,1,0.0,-0.0580258853185659
89,15,3240,2160,14.775905622052557,0.7836747841324537,4.770621594964055,0.0800671744322627,-0.1864615003212855,11.810968475518402,0.1449838313506314,100,0.05,6,0.7,0.6,0.5,2.0,0.0,2,0.6666666666666666,-0.0303030303030303
76,15,3240,2160,11.587041703683358,0.0086821076569575,10.99033634232886,0.1317203884670348,-0.0042513473280083,9.143051694940638,0.118114192328316,350,0.02,10,0.7,0.8,0.0,2.0,10.0,1,0.6666666666666666,-0.1746075739423945
87,15,3240,2160,8.91800135201878,0.8507052363589658,2.2955707884073995,0.0495239401760226,-0.0612978192319013,12.68506068520386,0.1539034135917343,350,0.02,6,0.7,0.8,0.0,1.0,0.0,1,0.3333333333333333,0.4303030303030302
97,15,3240,2160,11.367827380615989,-2.2155904927378955e-05,11.251632839249975,0.1346756327036233,-0.0199944607548541,14.371966556266502,0.1650277000724617,350,0.3,6,0.7,0.8,0.0,0.5,10.0,1,0.0,0.0
95,15,3240,2160,10.294360139634874,-6.839477036946207e-06,9.973428128089434,0.1244601802607139,-0.037586805114419,13.446659540247037,0.153115280041338,350,0.3,10,0.7,0.8,0.5,1.0,10.0,3,0.0,0.0
60,15,3240,2160,12.83958011203342,0.0155650747073018,12.090887781072544,0.1472735758974191,-0.0103602377250138,10.390469734757035,0.123382519998469,100,0.02,6,0.7,0.6,0.0,0.5,10.0,3,0.3333333333333333,0.1899342940993965
70,15,3240,2160,10.693518526995623,-1.432405073575893e-05,10.119888865152996,0.1226411690869618,-0.0118244488158505,11.549385232572202,0.139841081647913,350,0.3,6,0.7,0.8,0.0,2.0,10.0,2,0.0,0.0
56,15,3240,2160,12.708537322453878,0.8955992944588065,1.9133308561446356,0.0467938190137124,-0.0274449399777227,10.80594543464982,0.1412758000444808,100,0.3,6,0.9,0.6,0.0,0.5,0.0,1,0.3333333333333333,0.3212121212121211
77,15,3240,2160,11.415847897941685,-1.4261443994634249e-06,10.989441564583483,0.1328775538181286,-0.0295657676132812,9.840566192909524,0.1137770164739725,350,0.02,6,0.7,0.6,0.5,1.0,10.0,2,0.0,0.0
42,15,3240,2160,12.34825225453318,-2.751101177977944e-07,11.81827801833918,0.1384275857850616,-0.0748675052102068,11.980079665360629,0.1391000817411621,100,0.02,10,0.7,0.6,0.5,2.0,10.0,1,0.0,0.0
93,15,3240,2160,10.925784381112932,0.1450656147092909,10.056060105076543,0.1209702245729459,-0.0120060857661876,11.1078083953151,0.1323453934833511,350,0.3,10,0.9,0.8,0.0,1.0,10.0,1,0.3333333333333333,0.5222329678670935
91,15,3239,2160,9.477777115671728,-5.771119936603952e-06,9.456650434272015,0.1148708077385997,-0.0184990224335086,8.911443700437193,0.1091948769922993,350,0.3,10,0.7,0.8,0.0,1.0,10.0,2,0.0,0.0
32,50,10799,2160,10.8877760865618,0.859917665362686,2.55975301220243,0.0537819133250087,0.034770043970121,10.5394756946299,0.124535877246581,700,0.02,6,0.9,0.6,0.5,2.0,0.0,1,0.666666666666667,0.2
34,50,10800,2160,9.4587674149319,0.898738605787782,1.87272303568683,0.0403606711563472,-0.103520507698857,10.8190129027102,0.132902987829423,350,0.1,6,0.7,0.6,0.5,1.0,0.0,2,0.666666666666667,0.103030303030303
15,50,10799,2160,8.55127085009572,0.923078019239312,1.63516320593665,0.0332280096117878,-0.199247647072506,13.7204623340677,0.167135425757168,350,0.05,10,0.7,0.6,0.5,0.5,0.0,1,0.666666666666667,0.284848484848485
3,50,10800,2160,9.98656269248327,0.903957149438189,1.4869813741385,0.0395747354022704,0.391454543141376,8.94143358274742,0.108643642329097,700,0.05,10,0.7,0.6,0.5,2.0,0.0,1,1.0,0.757575757575758
10,50,10800,2160,8.97876572422628,0.903269544079578,1.67457572914655,0.0393630258960493,0.289866324048576,8.60530954934933,0.110634704197627,350,0.05,6,0.9,0.8,0.5,2.0,0.0,2,0.666666666666667,0.6
8,50,10800,2160,10.1713095089263,0.892178186846802,1.91856241174249,0.0458849720014646,-0.0777057248149693,10.82091995981,0.145659522985215,700,0.1,10,0.7,0.6,0.5,1.0,0.0,2,0.333333333333333,0.454545454545455
50,50,10800,2160,9.69543812022165,0.787601070873839,2.86919837277511,0.0605991770947844,0.0717450259534402,8.65929613120026,0.113422135678603,700,0.02,6,0.9,0.8,0.5,1.0,0.0,1,1.0,0.696969696969697
39,50,10800,2159,10.3696435160549,0.854829778888548,3.31117301420371,0.0518648360927263,0.204335636002024,9.72414381262217,0.124566245749032,100,0.02,10,0.9,0.8,0.0,0.5,0.0,2,0.666666666666667,0.551515151515152
2,50,10800,2160,8.0576994277759,0.933099358843125,1.4522211813359,0.029768166135229,0.0484356250925324,10.5384940646423,0.139037741659816,100,0.3,6,0.9,0.6,0.5,0.5,0.0,2,0.333333333333333,0.0545454545454545
49,50,10800,2160,9.74050087949965,0.790597199687411,3.20468676664546,0.0586661252884364,0.312513469864986,9.69320705065021,0.124295153927237,350,0.02,6,0.9,0.6,0.5,1.0,0.0,2,0.333333333333333,0.612121212121212
18,50,10800,2160,9.69580624967676,0.885580658306274,1.64890092344073,0.0430880077841575,0.111099070604653,10.9426586049574,0.131123528132951,350,0.1,10,0.9,0.6,0.5,2.0,0.0,2,0.666666666666667,0.759881929600081
57,50,10799,2160,10.8783504432627,0.852626071004625,2.63458866734683,0.0518356830467029,0.17323002897588,8.19644001026948,0.105384232249341,350,0.05,6,0.7,0.6,0.5,2.0,0.0,3,0.666666666666667,0.309090909090909
86,50,10799,2160,9.76145009518285,0.875424450962691,1.98926951089331,0.0452474580302879,-0.0072159953168038,10.5215671125606,0.133251656121687,700,0.02,10,0.9,0.6,0.5,1.0,0.0,1,0.333333333333333,0.248484848484848
75,50,10799,2160,10.5424429593714,0.807679329549178,2.95950627647819,0.0606749557036641,0.0693094290416373,10.828342517217,0.128475845453816,350,0.02,10,0.7,0.8,0.5,2.0,0.0,2,0.333333333333333,0.175757575757576
36,50,10799,2160,9.95692450662879,0.827102450051655,2.55986297250182,0.0523115478627369,0.1851539513091,10.9986290778275,0.140463985402797,700,0.02,6,0.9,0.6,0.5,1.0,0.0,2,0.666666666666667,0.442424242424242
24,50,10800,2160,10.2741640159168,0.937349460888419,1.56440282679454,0.0325297156089567,-0.0940040429271269,11.6238054591859,0.14148249276869,350,0.05,6,0.7,0.8,0.0,2.0,0.0,1,0.333333333333333,0.006060606060606
40,50,10800,2160,9.60428505814959,0.843125997622257,2.5264350483149,0.0543878529173599,0.0392563395485184,9.78835480826873,0.12489124555422,700,0.05,6,0.7,0.6,0.5,0.5,0.0,3,0.333333333333333,0.357575757575758
76,50,10800,2160,9.86580182970674,0.87080290048111,2.25063991976337,0.047498536566894,0.378180407486863,6.67755863412663,0.0929422268933038,700,0.02,6,0.7,0.6,0.0,2.0,0.0,1,1.0,0.674775153484872
21,50,10799,2160,9.48399238501357,0.905642134719303,1.94968437428131,0.0421773610494681,-0.0038935854043391,10.0287091114344,0.128939858282001,350,0.02,10,0.7,0.8,0.5,2.0,0.0,1,0.666666666666667,0.0545454545454545
0,50,10800,2160,9.86036036870784,0.892604288354495,1.85845318932759,0.0435497716478526,0.184705851514386,7.62474327860055,0.0953626997032906,700,0.05,6,0.7,0.6,0.0,2.0,0.0,3,0.666666666666667,0.296969696969697
65,50,10799,2160,11.9409450097042,0.890831473014788,2.30140628603202,0.0503898428842017,-0.56643404402804,9.00649489226165,0.111788987650536,700,0.05,10,0.7,0.8,0.5,0.5,0.0,2,0.666666666666667,0.260606060606061
77,50,10799,2160,10.2691919129033,0.647226479483517,5.46125524298594,0.0783233976667859,0.0731708805443243,9.4514338126889,0.107951163933602,100,0.02,6,0.7,0.6,0.0,0.5,0.0,3,0.333333333333333,0.236363636363636
88,50,10800,2160,11.3330094667472,0.864736801424353,2.28157631957133,0.0501540499562074,-0.191493878022898,12.5547382166071,0.157282456145547,100,0.3,6,0.9,0.6,0.0,1.0,0.0,2,0.333333333333333,0.321212121212121
5,50,10800,2160,10.9881904288486,0.812184537233875,3.30748297449814,0.0623047882217514,0.114663063727096,11.9441431795226,0.149509663349502,100,0.1,6,0.9,0.6,0.5,0.5,0.0,2,0.333333333333333,0.333333333333333
30,50,10800,2159,10.7436691257766,0.948716739222844,1.39276682026824,0.0302827721560153,-0.0323306245702253,13.9946904145474,0.173000164161359,350,0.05,6,0.9,0.8,0.0,2.0,0.0,1,0.333333333333333,0.321212121212121
12,50,10799,2160,11.2538911211597,0.911866991913074,1.71618198770141,0.0413309086046024,0.210721909583846,8.45882749862141,0.108843758752411,700,0.1,10,0.9,0.6,0.5,1.0,0.0,2,0.0,0.551515151515152
83,50,10800,2160,10.914381629626,0.151085980413548,9.9133584211844,0.122511304856462,-0.0498236625844517,12.4734676272781,0.149787848290653,350,0.3,6,0.9,0.8,0.5,2.0,10.0,2,0.666666666666667,0.44494920831461
28,50,10800,2160,11.0013135890872,0.768926294566435,4.02382421485228,0.0648938322298041,0.237369398189737,8.1313325157872,0.109441919118082,100,0.05,6,0.7,0.6,0.5,1.0,0.0,1,0.333333333333333,0.490909090909091
51,50,10800,2159,10.3124870091125,0.910849192859204,1.65457656848454,0.0408056151427987,0.172746063223761,7.16185959819955,0.0942583069051166,350,0.1,10,0.9,0.8,0.5,0.5,0.0,1,0.666666666666667,0.381818181818182
4,50,10800,2159,9.65395159951846,0.780619914884445,3.33656834224089,0.0609389781158751,0.163806486584071,10.7765090564712,0.131880820689484,100,0.1,6,0.7,0.6,0.5,0.5,0.0,1,0.333333333333333,0.321212121212121
71,50,10800,2160,9.92086886974121,0.919896736067332,1.39876282905921,0.037983408483312,0.0801563712338415,11.4726118502352,0.142948649086549,350,0.3,10,0.9,0.8,0.5,1.0,0.0,2,0.333333333333333,0.248484848484848
31,50,10799,2160,10.9748458487853,0.805502873988008,2.9838683042121,0.0592816336900376,0.169831237980502,9.9456258053029,0.120218672711322,100,0.1,6,0.7,0.6,0.5,0.5,0.0,3,0.333333333333333,0.478787878787879
54,50,10799,2160,10.9378118857093,0.837565503326376,2.97870366730133,0.0570996088164957,-0.23922022430249,7.6561188954722,0.103750017705157,100,0.1,6,0.7,0.8,0.0,1.0,0.0,3,1.0,0.903030303030303
87,50,10800,2160,10.2173884590643,0.775463954369796,2.88871680708393,0.0610265266811785,-0.051910106696287,12.9826624335183,0.153221225149513,700,0.02,6,0.9,0.6,0.5,1.0,0.0,3,0.333333333333333,0.309090909090909
62,50,10800,2160,10.4723178934433,0.899634523221634,1.98140516360697,0.0449655818815168,-0.072533229632721,9.68979960181095,0.12286065512591,350,0.1,10,0.7,0.6,0.5,1.0,0.0,3,0.333333333333333,0.284848484848485
13,50,10800,2160,9.84028687348189,0.860517478236826,2.05490799308179,0.0475287061949594,-0.133096896925383,8.95508279632639,0.107767318010389,700,0.02,10,0.9,0.6,0.5,0.5,0.0,3,0.333333333333333,0.236363636363636
17,50,10800,2160,11.4824906880602,0.804331045399258,3.07893557975199,0.0605459432294644,-0.0196399503686624,11.2826732337696,0.140639630482717,700,0.02,6,0.7,0.6,0.0,1.0,0.0,3,1.0,0.705170430668875
38,50,10799,2160,8.93559910664979,0.912813375174593,1.77102666151147,0.0395317797114644,0.0415189863144251,11.0299202438196,0.135923814903567,700,0.05,6,0.7,0.8,0.5,0.5,0.0,3,0.666666666666667,0.612121212121212
52,50,10800,2160,10.9436221912525,0.905906388799697,1.83905682775154,0.0420822118903042,0.138859265550213,11.6337048631244,0.142959532959614,700,0.02,10,0.9,0.6,0.5,0.5,0.0,3,0.0,-0.0787878787878788
14,50,10799,2160,10.7581019239149,0.684330455354032,4.78948357259447,0.0781627735742609,0.012818024689308,8.235523925534,0.10079472584156,100,0.05,6,0.7,0.6,0.5,2.0,0.0,3,0.333333333333333,0.0303030303030303
20,50,10800,2160,10.1473905507094,0.861539325481218,2.46475905256056,0.050109352834653,-0.0723641162237998,10.9914084210661,0.133935051357374,100,0.1,6,0.7,0.8,0.5,1.0,0.0,2,0.333333333333333,-0.115151515151515
16,50,10800,2160,9.3348540017362,0.818760019810714,2.77666733578256,0.056603611525298,0.14793693771888,8.42306508845753,0.116473783338453,350,0.02,6,0.9,0.8,0.5,2.0,0.0,1,0.666666666666667,0.83030303030303
19,50,10800,2160,10.2979669789221,0.877230785479117,2.13046780034555,0.050119633179249,0.261987058577438,7.70087008881348,0.0967730063767496,350,0.1,10,0.9,0.8,0.5,1.0,0.0,1,0.333333333333333,0.551515151515152
33,50,10800,2160,11.0745856965824,0.80947150051428,3.15579384222885,0.0624691578101766,0.0182792571180481,7.64992408461041,0.0992949909598946,350,0.02,10,0.9,0.6,0.5,0.5,0.0,1,0.666666666666667,0.612121212121212
44,50,10799,2160,10.451748362363,0.87982596016432,1.96663554160118,0.047153384403665,-0.0891525429264597,11.0104615521872,0.145011909755009,700,0.02,10,0.9,0.6,0.5,2.0,0.0,2,0.333333333333333,0.393939393939394
27,50,10800,2160,10.4746939046295,0.927107946621612,1.61387828651704,0.0370236481125912,-0.0579360337248174,9.48574668323552,0.117695067701068,700,0.02,10,0.9,0.6,0.5,1.0,0.0,3,0.0,0.357575757575758
94,50,10800,2160,9.22106614538475,0.818129109645011,3.2558002021277,0.0569914482610666,0.258920363731503,9.3665302577394,0.116048833125265,100,0.05,6,0.9,0.8,0.5,0.5,0.0,2,0.666666666666667,0.503030303030303
23,50,10799,2160,9.8186732196585,0.947823029338869,1.31389304911297,0.0304016435731233,0.239518302217835,8.56114799415624,0.105479448370088,100,0.1,10,0.9,0.6,0.0,2.0,0.0,3,0.333333333333333,0.43030303030303
47,50,10800,2160,10.6135058001192,0.783851414857686,3.4888962577878,0.0656543241290799,-0.651680386209934,10.6044193579532,0.137829236337269,100,0.05,6,0.9,0.8,0.0,2.0,0.0,2,0.666666666666667,0.684848484848485
26,50,10800,2160,11.0022031613588,0.8550386595046,2.62684913135645,0.0520118225985362,0.285986739134254,10.3082943294666,0.125174690401403,350,0.02,10,0.9,0.6,0.5,1.0,0.0,3,0.666666666666667,0.563636363636364
1,50,10799,2160,12.0508361406722,0.882420508874924,2.39019058353208,0.049917726898055,-0.127498691547314,13.0026694514299,0.16155998410634,350,0.3,6,0.9,0.6,0.5,1.0,0.0,2,0.666666666666667,0.115151515151515
63,50,10799,2160,10.4608332407318,0.925862341817923,1.67490680224231,0.0375350629066697,0.146894107851438,8.23894012309887,0.101306808860758,700,0.02,10,0.9,0.6,0.5,1.0,0.0,3,0.333333333333333,0.357575757575758
46,50,10800,2160,9.9894150828388,0.782329475340754,2.86674907161889,0.0602949929087101,0.0868101587987511,10.4804650450194,0.122331532328313,700,0.02,6,0.7,0.8,0.5,2.0,0.0,2,0.333333333333333,0.176292607667219
9,50,10800,2160,10.4618095419937,0.655727160532511,5.26640388324084,0.0829635897738862,0.183976817382273,9.52344261478495,0.119638749090598,100,0.02,6,0.9,0.8,0.0,0.5,0.0,1,0.666666666666667,0.612121212121212
79,50,10799,2160,12.1543300329256,0.835057517830535,2.89846595068535,0.0573304492662534,0.557311467438752,6.89359027098726,0.0836961180481883,700,0.02,6,0.7,0.6,0.5,0.5,0.0,1,0.666666666666667,0.939393939393939
59,50,10799,2160,12.7503533287617,0.836613557760258,3.04232868360187,0.0627958092102668,0.110142995787518,11.2432758500841,0.142341910722619,350,0.1,10,0.7,0.6,0.5,2.0,0.0,1,0.666666666666667,0.272727272727273
22,50,10800,2160,10.7287781316249,0.889227145622118,1.99030500449265,0.0465151324421783,0.0133427011377223,10.7930735306304,0.128537209073808,100,0.1,10,0.9,0.6,0.0,0.5,0.0,3,0.333333333333333,0.296969696969697
25,50,10800,2160,8.44960598051769,0.805222155452543,2.9253856522613,0.0551432064102063,0.110481906856169,11.2788666471287,0.136689020327535,350,0.02,6,0.9,0.8,0.5,0.5,0.0,3,0.333333333333333,0.163636363636364
78,50,10800,2160,11.1423247835018,0.758230415205816,4.02490305252428,0.0674970607086023,-0.151529600328019,10.1752028188882,0.131177891597178,100,0.02,10,0.9,0.8,0.0,2.0,0.0,3,0.333333333333333,0.624242424242424
43,50,10799,2160,9.95621743784201,0.807310918634598,3.1861910380158,0.0605116890780227,-0.0361537036727098,11.324142164897,0.146560069825491,350,0.02,6,0.9,0.8,0.0,1.0,0.0,1,0.333333333333333,0.6
55,50,10800,2160,9.77092380302041,0.898616550234847,2.10355538758533,0.0440358047514595,0.135893675396006,9.93499340788082,0.117482932887943,350,0.02,10,0.7,0.8,0.5,1.0,0.0,3,0.333333333333333,0.333333333333333
69,50,10800,2160,12.0388498283669,0.0447311919071935,11.4365403827385,0.136487992327729,0.0148214690687529,11.0461905338146,0.130893395096757,100,0.02,10,0.7,0.8,0.5,1.0,10.0,3,0.333333333333333,0.192668658897113
82,50,10800,2160,11.1056404222206,0.783938643842378,3.44287231524622,0.0665335310028416,0.3043644466384,7.89341025692997,0.105895201857099,350,0.02,6,0.7,0.8,0.0,2.0,0.0,1,0.333333333333333,0.721212121212121
53,50,10800,2160,10.3104913184157,0.740688340581386,3.79644825994272,0.070549471681861,0.0125224039746873,12.0133608902384,0.138872249628374,100,0.1,6,0.9,0.6,0.5,2.0,0.0,2,0.333333333333333,-0.175757575757576
80,50,10800,2160,10.9260376744613,0.896094318884764,1.99711858383127,0.0455249990057395,-0.172236456946254,9.94509840252223,0.12901888820272,700,0.1,10,0.7,0.6,0.5,2.0,0.0,2,0.666666666666667,0.757575757575758
56,50,10800,2160,11.4176733065976,0.7936243560563,3.12482392346739,0.0645481380530317,0.335582044157746,9.40265809379242,0.113608068668075,700,0.02,6,0.9,0.6,0.5,0.5,0.0,3,0.666666666666667,0.624242424242424
84,50,10800,2160,10.0471500273799,0.937735150563629,1.35754990353423,0.0321465572720195,0.116054677348409,10.2924550603743,0.134263036487704,350,0.3,10,0.9,0.8,0.5,0.5,0.0,1,0.333333333333333,0.127272727272727
73,50,10799,2160,11.2849207140215,0.81748888780801,3.29712222705019,0.0597672113857279,0.263996094584061,8.38627085250837,0.111758601063992,350,0.02,6,0.9,0.8,0.5,1.0,0.0,1,0.666666666666667,0.478787878787879
37,50,10800,2160,12.0919727971024,0.66521568787371,5.86824940934005,0.0835503920665625,-0.0103466531753245,10.9497418063658,0.134727954847894,100,0.02,6,0.9,0.6,0.5,1.0,0.0,3,0.333333333333333,0.709090909090909
11,50,10800,2160,11.45029739077,0.902760706040039,2.11704009709949,0.0442608184841241,-0.185689668171127,9.44340127291503,0.110024123346616,100,0.05,10,0.7,0.6,0.0,0.5,0.0,3,0.666666666666667,0.612121212121212
35,50,10800,2160,10.3019056998701,0.881656888575949,2.15291582621932,0.0470117377041224,-0.194633908216292,10.4149259705897,0.136283499670834,100,0.3,6,0.9,0.8,0.5,2.0,0.0,1,0.666666666666667,0.490909090909091
66,50,10800,2160,11.7811140052742,0.87661061510757,2.11243084704029,0.048648312076726,-0.0071072425239382,9.89315437515577,0.122175902237245,350,0.05,10,0.7,0.6,0.5,2.0,0.0,2,0.333333333333333,0.187878787878788
98,50,10800,2160,11.6099152494934,0.707670791361806,4.33232116941341,0.0764941420369356,-0.0339777826284597,12.2057893063404,0.145070014679848,350,0.02,6,0.7,0.6,0.0,2.0,0.0,3,0.666666666666667,0.454545454545455
92,50,10799,2160,11.3661828096142,0.64891128267554,5.96498530995726,0.0823128535007657,-0.518784117129971,13.0294112161354,0.148943843668132,100,0.02,6,0.7,0.6,0.5,1.0,0.0,3,0.666666666666667,0.696969696969697
74,50,10799,2160,10.263937037821,0.873414845407268,2.21811776173051,0.0497476084313924,-0.0719803997750035,11.4357869353118,0.134358172539034,700,0.05,6,0.9,0.8,0.5,1.0,0.0,3,0.666666666666667,0.393939393939394
29,50,10800,2160,10.353461760362,0.83023734442831,2.84035898477185,0.0544835591268811,0.0618394085852899,9.83477890738735,0.124038298080932,350,0.02,10,0.7,0.6,0.5,1.0,0.0,1,0.333333333333333,0.660606060606061
72,50,10799,2160,11.2551121086111,0.878030857775233,2.27690820920913,0.0477903053750839,-0.799884964116022,10.8318873110082,0.130137733921352,350,0.05,6,0.9,0.8,0.5,1.0,0.0,1,0.333333333333333,0.0666666666666667
67,50,10800,2160,10.8092658592021,0.894941812321923,1.9007536960908,0.0466840956747957,-0.885664929885084,9.83198155526762,0.118421061547453,700,0.02,10,0.9,0.8,0.5,0.5,0.0,2,0.0,-0.0909090909090909
89,50,10800,2160,10.4191039790732,0.918515950201315,1.83070283871227,0.0412150171166787,0.109148095793362,10.3496231353338,0.125630620106304,350,0.1,10,0.7,0.6,0.5,1.0,0.0,1,0.666666666666667,0.36969696969697
99,50,10800,2160,10.0051441244431,0.914086536538474,1.71787923145084,0.0406095912348117,-0.0029709289573103,8.30616952189693,0.115867130609284,700,0.1,10,0.7,0.8,0.5,0.5,0.0,2,0.666666666666667,0.309090909090909
90,50,10800,2160,11.0579831377444,0.91401649056066,1.73027626373597,0.0426986760529786,-0.0849657005256803,9.19835788616428,0.112727108221293,700,0.1,10,0.9,0.6,0.5,1.0,0.0,2,0.333333333333333,0.357575757575758
81,50,10800,2160,10.9130400391376,0.908712000039643,1.84663038063938,0.04109593114677,-0.0248601480556887,11.7122252462087,0.14357159030028,700,0.1,10,0.7,0.6,0.5,2.0,0.0,1,0.333333333333333,0.115151515151515
60,50,10800,2160,10.3784768299659,0.912566953056498,1.64532787571684,0.0402103313774891,0.195871715746401,8.46663114787804,0.110072335665103,350,0.1,10,0.9,0.8,0.5,1.0,0.0,3,0.333333333333333,0.454545454545455
68,50,10800,2160,10.866078318266,0.911389982393297,1.75322027626245,0.042019462222214,-0.0531902523058487,9.03030209025851,0.117046653423035,700,0.3,10,0.9,0.8,0.5,2.0,0.0,3,0.333333333333333,0.0666666666666667
70,50,10799,2160,11.4620913995935,0.954176954879618,1.26138977300465,0.0289348426195361,0.208310291710086,9.75417311140784,0.123697148876856,700,0.1,6,0.7,0.6,0.0,1.0,0.0,1,0.333333333333333,0.490909090909091
96,50,10800,2159,9.62526576857214,0.914682849222331,1.47779343209225,0.0367256498103201,-0.0520590779345529,11.4668829695722,0.146169770246638,350,0.05,10,0.9,0.6,0.5,0.5,0.0,3,0.333333333333333,0.309090909090909
45,50,10800,2160,10.388509216079,0.855732258516179,2.26958626184343,0.0513248492404921,0.0723892601588807,11.4826983731323,0.131270497341095,700,0.02,10,0.9,0.6,0.5,0.5,0.0,1,0.333333333333333,-0.115151515151515
42,50,10799,2160,11.7255749306889,0.878120383241221,2.17789404014427,0.0513288402650223,-0.0402492182331153,11.7074867169945,0.136841749323928,700,0.05,10,0.9,0.6,0.5,1.0,0.0,2,0.666666666666667,0.127272727272727
97,50,10799,2160,11.739173325275,0.803626139299047,3.30359448136891,0.0660740058020207,0.270649804258441,11.5207958107966,0.139548763410331,350,0.05,6,0.7,0.6,0.5,0.5,0.0,3,0.666666666666667,0.563636363636364
41,50,10800,2160,13.0237280319355,0.0458984682776638,12.2299386845341,0.146129379887769,-0.006682450450824,10.1063376214769,0.125890858994282,350,0.3,6,0.7,0.6,0.5,1.0,10.0,2,0.666666666666667,-0.232810098589859
7,50,10800,2159,9.85402355462533,0.828979969367293,2.93008977653883,0.0542278068377933,-0.029386265914509,16.2912503992534,0.186505495225952,350,0.02,6,0.7,0.8,0.5,1.0,0.0,3,0.666666666666667,0.806060606060606
61,50,10800,2160,12.202927052074,0.65273466962683,6.02704873026742,0.0871362288908526,0.15758790509568,10.855640772272,0.130310763646511,100,0.02,10,0.9,0.6,0.5,0.5,0.0,3,0.333333333333333,0.539393939393939
58,50,10800,2160,10.8485182994516,0.923782120273718,1.59068932247023,0.0363335595631752,-0.024956269351091,8.83906323900929,0.110560330538738,700,0.05,10,0.9,0.6,0.5,0.5,0.0,3,0.333333333333333,-0.115502053299212
6,50,10800,2160,10.0659282222236,0.7362185989401,3.78839998055113,0.0652898301257314,-0.106504322421223,12.523277368104,0.157050900293225,350,0.02,6,0.7,0.6,0.5,1.0,0.0,2,0.0,-0.224242424242424
91,50,10799,2160,8.12192104630144,0.93957218084932,1.01988248815685,0.0293898696692507,0.0934183452078947,7.76812256353873,0.10302091870753,350,0.02,10,0.7,0.8,0.0,2.0,0.0,3,0.666666666666667,0.442424242424242
95,50,10800,2160,11.8444576060507,0.805886884895434,3.0865734996832,0.0626716340986914,-0.119884894518467,13.6825358069385,0.159071730711456,350,0.05,6,0.9,0.6,0.0,2.0,0.0,3,0.333333333333333,0.248484848484848
64,50,10800,2160,11.7930901224128,0.880983672464835,2.37270995475466,0.0510529793167001,-0.32110628374321,13.3003773516196,0.159292598110946,350,0.05,10,0.7,0.6,0.5,2.0,0.0,3,0.0,-0.243162217472026
93,50,10800,2160,9.84775727137261,0.810764808151291,3.0581426237219,0.0596757304805073,-0.385044864499424,12.9629228555604,0.154827887448115,100,0.1,6,0.7,0.6,0.0,0.5,0.0,2,0.333333333333333,-0.175757575757576
48,50,10800,2160,12.527755125867,0.861085724243923,2.69031216429183,0.0553677578856411,0.393253917453965,6.68972882955163,0.0789468822140564,100,0.05,10,0.9,0.6,0.0,1.0,0.0,1,1.0,0.781818181818182
85,50,10800,2160,11.1040993436713,0.862552210155717,2.35535083224577,0.0533935762789323,0.249358113430977,6.24054235792822,0.0788730324363487,350,0.1,6,0.7,0.8,0.5,1.0,0.0,3,0.666666666666667,0.607905543680065
10,150,32399,2160,9.9105213103786,0.8079414456145627,3.040244255285044,0.059817388965041,0.4070261526268034,7.625559069094836,0.1010971923664109,350,0.05,6,0.9,0.8,0.5,2.0,0.0,2,0.6666666666666666,0.4181818181818181
43,150,32399,2160,9.629209596433176,0.7459440651806599,3.95870196677348,0.0683473603265317,0.2356810421757497,9.48517818848292,0.1258754068479768,350,0.02,6,0.9,0.8,0.0,1.0,0.0,1,0.6666666666666666,0.7333333333333332
8,150,32399,2160,9.75680742076229,0.7169258626730151,4.489081113908766,0.0721368630655787,0.2199011456832207,8.846166774807154,0.1239263356928153,100,0.05,6,0.7,0.8,0.5,2.0,0.0,3,1.0,0.9151515151515152
12,150,32399,2160,9.450015292076028,0.729095119839724,4.195879052616672,0.0713151911816573,0.1952493947287898,8.727671864054821,0.1099054334451217,350,0.02,6,0.9,0.8,0.5,2.0,0.0,1,0.3333333333333333,0.5030303030303029
4,150,32400,2159,9.305445578311382,0.803509617658885,3.156406953336296,0.0600009285401681,0.3101399313528903,9.531054950003382,0.1197867405088458,700,0.02,6,0.7,0.8,0.0,2.0,0.0,2,0.6666666666666666,0.6606060606060605
28,150,32399,2160,9.442081327334904,0.8025933720236612,3.2261680995959825,0.0608100149531468,0.1515938283648287,8.650106094832774,0.1154326047083081,700,0.02,6,0.7,0.8,0.5,0.5,0.0,1,0.6666666666666666,0.6969696969696969
2,150,32399,2160,9.39263168238725,0.8126302481038071,3.083841893607228,0.0585219925711329,0.28058977888377,9.662775120712835,0.1208932129301833,700,0.02,6,0.7,0.8,0.0,2.0,0.0,3,0.6666666666666666,0.709090909090909
57,150,32399,2160,9.751182492538714,0.8037057333480313,3.1033803325715867,0.0607514487067673,0.5028720457352405,6.413797029830792,0.0817179345615628,350,0.05,6,0.9,0.8,0.5,0.5,0.0,2,1.0,0.7454545454545454
75,150,32399,2160,9.332418927905092,0.8029656115567898,3.0655896827849904,0.060521394001608,0.1801727732251683,9.513072617650034,0.1205813095033282,350,0.05,6,0.7,0.8,0.5,1.0,0.0,2,0.6666666666666666,0.5272727272727272
15,150,32399,2160,9.355575139969824,0.8008864179332944,3.1301710046730498,0.0594307555878414,0.1172983725956245,11.930593745509782,0.1433907175818698,700,0.02,6,0.9,0.8,0.5,0.5,0.0,3,0.6666666666666666,0.7333333333333332
36,150,32399,2160,9.401752098983184,0.7413233349185357,4.021159424402807,0.0680697309602871,0.277922521581367,10.464365668429268,0.132226683268008,350,0.02,6,0.9,0.8,0.5,2.0,0.0,3,0.3333333333333333,0.5393939393939393
53,150,32399,2160,9.319789200806255,0.8347278256544484,2.6895975865203723,0.0552624854950862,0.1550665123966206,10.299770518751057,0.1284585769903596,350,0.1,6,0.7,0.8,0.5,2.0,0.0,2,0.6666666666666666,0.309090909090909
98,150,32399,2160,9.777845566080462,0.7976916418605646,3.1746376033317105,0.0610464032250665,0.4358708983220628,9.29372987445858,0.1071547194515035,700,0.02,6,0.9,0.8,0.5,0.5,0.0,2,0.6666666666666666,0.6606060606060605
23,150,32399,2160,9.551957186208766,0.9233034301892604,1.5956748399337,0.037977134997607,0.1194452496510269,9.461507806391554,0.1135015124701911,700,0.3,10,0.9,0.6,0.5,1.0,0.0,1,0.3333333333333333,0.6121212121212121
9,150,32399,2160,9.411854642771178,0.8080401062139135,3.037220119812823,0.0597519151581657,0.2919692841199262,8.727143171893225,0.1114414269637971,350,0.05,6,0.9,0.8,0.5,2.0,0.0,3,0.6666666666666666,0.6969696969696969
3,150,32399,2160,9.221146393827633,0.8640707122314841,2.3462667852577077,0.0500708599687219,0.1651566304311807,10.937925013789425,0.1272507369036156,100,0.05,10,0.9,0.8,0.0,0.5,0.0,3,0.6666666666666666,-0.0666666666666666
25,150,32399,2160,9.938260478248608,0.7844018894655176,3.326610433769899,0.0627599816048571,0.2268223362020747,10.753891988322138,0.1274371021789943,700,0.02,6,0.9,0.6,0.0,2.0,0.0,1,0.6666666666666666,0.4545454545454545
41,150,32399,2160,9.439844197079024,0.7337011041665769,4.124819438686731,0.0706255994922556,0.3515416961260768,7.19487955490748,0.1010389852988951,350,0.02,6,0.7,0.8,0.5,2.0,0.0,1,0.6666666666666666,0.5896683773696626
18,150,32399,2160,9.578594355622506,0.8223130574340589,2.856515621644734,0.0572852511553516,0.1344039606030417,9.965781722819363,0.1293932366368805,350,0.05,6,0.9,0.8,0.5,1.0,0.0,1,0.3333333333333333,0.5592731001856595
51,150,32400,2159,9.519701429131612,0.7655828824189111,3.700443732601349,0.0666399433745208,0.1822326816068762,7.182990711549191,0.0937162901715792,100,0.1,6,0.7,0.8,0.5,2.0,0.0,1,0.6666666666666666,0.2606060606060606
87,150,32399,2160,9.101962287329286,0.8022889439490435,3.114862719333764,0.060114115912316,0.1694596210658988,10.36000276665643,0.1361476007904299,700,0.02,6,0.9,0.8,0.5,1.0,0.0,1,0.6666666666666666,0.7696969696969697
54,150,32399,2160,9.546633046045804,0.8187125812129353,3.001442853954284,0.0588246344545303,-0.0346743613545976,7.803442428465243,0.0948016239884981,350,0.05,6,0.9,0.8,0.0,2.0,0.0,1,0.3333333333333333,0.2848484848484848
30,150,32400,2159,9.079230192958205,0.901314913932406,1.8143023571333257,0.0419594509808924,0.1344728781636632,12.95461490307764,0.1584081238640045,350,0.05,10,0.7,0.8,0.5,0.5,0.0,1,0.6666666666666666,0.5393939393939393
52,150,32399,2160,9.637539891599278,0.8020863346224284,3.134831132953961,0.0599816031405497,0.3292201104758379,9.722689957353802,0.126172895880528,700,0.02,6,0.7,0.8,0.5,0.5,0.0,3,0.3333333333333333,0.6121212121212121
34,150,32399,2160,9.345043846006982,0.8024985471668598,3.1914055347635624,0.0607934574303223,0.1143395620222919,9.372763765652977,0.119063367873951,700,0.02,6,0.9,0.8,0.0,1.0,0.0,3,1.0,0.6727272727272726
24,150,32399,2160,9.5444463519327,0.7592091234420526,3.902008222143968,0.0667713854164494,0.1374607612103134,9.705958204015538,0.1256269078057694,350,0.02,6,0.7,0.8,0.0,1.0,0.0,3,0.6666666666666666,0.5757575757575757
21,150,32399,2160,9.643516942386103,0.845628862324146,2.553767586089597,0.0535129605009174,0.1347985720382112,9.202406168720788,0.1197021532399949,700,0.05,6,0.7,0.8,0.5,0.5,0.0,1,0.6666666666666666,0.4787878787878787
71,150,32399,2160,9.443148137534326,0.8808755056160006,2.047270500276713,0.0466677984182529,0.3720484597477324,10.042831501872453,0.1181098500665318,700,0.02,10,0.7,0.8,0.5,0.5,0.0,3,0.6666666666666666,0.6363636363636362
38,150,32399,2160,9.790252733087282,0.8287378482749007,2.7323350230390653,0.0562771294744601,0.1300503157168365,10.482615319931949,0.1294943635117916,700,0.05,6,0.7,0.8,0.5,0.5,0.0,3,0.6666666666666666,0.6484848484848483
76,150,32399,2160,9.588475706449271,0.8554919307481003,2.563769378225797,0.0521873736215329,0.3465645618006527,7.359051892053751,0.095275714667207,700,0.05,6,0.7,0.8,0.0,2.0,0.0,1,0.6666666666666666,0.5653521556224601
44,150,32399,2160,9.730869011486572,0.898628003667546,1.8484024292637111,0.0432578781944483,0.0313763254871316,10.11159973440347,0.1367529983014585,700,0.05,10,0.7,0.8,0.5,0.5,0.0,3,0.6666666666666666,0.8666666666666665
56,150,32399,2160,9.355309553153564,0.7375047493224514,4.085725012250975,0.0696230904575739,0.3569952865634719,8.89226938534666,0.1117623628111487,350,0.02,6,0.7,0.8,0.0,2.0,0.0,1,0.6666666666666666,0.6242424242424242
29,150,32399,2160,9.522751465475451,0.8361216466633417,2.6702145068104595,0.0553376642896697,0.1476889730963028,10.248614423098388,0.1182268883327963,350,0.02,10,0.7,0.8,0.5,1.0,0.0,3,0.3333333333333333,0.2727272727272727
7,150,32400,2159,9.16719406999519,0.7545674849059021,3.7790251779472497,0.0655290529884203,0.1170217392416428,14.598148415739086,0.1727338501238113,350,0.02,6,0.7,0.8,0.5,1.0,0.0,3,0.6666666666666666,0.8060606060606059
0,150,32399,2160,9.553523185005009,0.7699870926277876,3.63835107418117,0.066040814337113,-0.0486151784871724,8.830189206689871,0.1081507273572304,100,0.1,6,0.9,0.8,0.5,0.5,0.0,3,0.3333333333333333,0.2606060606060606
5,150,32399,2160,9.465284423705238,0.8233655388515597,2.823321284018748,0.056457338204745,0.2684945483801422,11.210768803887897,0.1359013451675453,350,0.05,6,0.9,0.8,0.5,0.5,0.0,3,0.6666666666666666,0.7454545454545454
32,150,32399,2160,9.744591548926447,0.7843531827979917,3.4195425558098496,0.0633736512417737,0.2312500365460837,9.175203551997742,0.1111403198956288,700,0.02,6,0.7,0.6,0.0,0.5,0.0,3,0.6666666666666666,0.6242424242424242
58,150,32399,2160,9.415390462689851,0.8957673689428457,1.8669980054057984,0.0444759187556381,0.186960132938357,7.96331745888348,0.0984696923591439,350,0.05,10,0.9,0.8,0.5,1.0,0.0,1,0.6666666666666666,0.085106776115209
49,150,32399,2160,9.289971484329715,0.8637388952461013,2.270962048206968,0.0498914303422269,0.3945155911816538,8.982457622974007,0.1166470022114883,700,0.1,6,0.9,0.8,0.5,0.5,0.0,2,1.0,0.8666666666666665
16,150,32399,2160,9.468574793766392,0.8018385056043684,3.237615086009481,0.060895553344425,0.150858943854264,8.788699627791841,0.1162738982547512,700,0.02,6,0.7,0.8,0.0,2.0,0.0,2,0.3333333333333333,0.4303030303030302
65,150,32399,2160,9.718300891946566,0.8385074045362222,2.6804597102219,0.0554908249383645,0.1204435977412171,6.413602318874113,0.0837673571437325,350,0.02,10,0.7,0.8,0.5,1.0,0.0,1,0.6666666666666666,0.6606060606060605
78,150,32399,2160,9.44819951116019,0.8051988607898001,3.1860693248690137,0.0604708195132268,0.282781145958654,7.818987667803411,0.1035258826782311,700,0.02,6,0.7,0.8,0.0,1.0,0.0,1,1.0,0.9272727272727272
33,150,32399,2160,9.62270765695228,0.8132784818910429,2.972589581409954,0.0595631612027625,0.209610036501826,6.423903840449121,0.0890951504151783,350,0.05,6,0.9,0.8,0.5,1.0,0.0,1,1.0,0.8666666666666665
94,150,32399,2160,9.506502911957796,0.8264871904031265,2.9473195647242574,0.0567599233225514,0.2189327987268711,8.86755142112573,0.1191386127127252,350,0.05,6,0.7,0.8,0.0,1.0,0.0,3,0.6666666666666666,0.5757575757575757
39,150,32400,2159,9.40650163478634,0.9012078778314112,1.8219117161906344,0.0426811023165507,0.1731467022893694,10.068984003826776,0.1269841900761529,350,0.1,10,0.7,0.8,0.5,1.0,0.0,2,0.6666666666666666,0.4787878787878787
13,150,32399,2160,9.679483634562448,0.8484170189589635,2.706936793132236,0.0537211359853907,-0.1039765341760974,8.280134801406206,0.1063735053281316,350,0.1,6,0.7,0.8,0.0,2.0,0.0,1,0.3333333333333333,0.6121212121212121
88,150,32399,2160,9.42000386601335,0.7540485525840146,3.899276534468043,0.0670879071118468,0.1866374126209048,10.214438800546857,0.1299500559911264,350,0.02,6,0.7,0.8,0.0,0.5,0.0,1,0.6666666666666666,0.3212121212121211
85,150,32399,2160,9.718140727032107,0.8056680058941424,3.117581443039926,0.0609839903210192,0.2992842793975783,5.794259407233309,0.0762049305460046,350,0.05,6,0.9,0.8,0.5,1.0,0.0,1,0.6666666666666666,0.3161108827136336
46,150,32399,2160,9.436876534271253,0.7865609773793569,3.3317741453931062,0.063151575838549,0.342971304886755,8.627672719050336,0.103764798887544,700,0.02,6,0.7,0.8,0.5,2.0,0.0,2,0.6666666666666666,0.5531940447488588
55,150,32399,2160,9.335278155250402,0.8125258521867668,3.0194879300533706,0.0592219963570388,0.0639785712373728,9.844258018864526,0.1222739898450423,350,0.05,6,0.7,0.8,0.5,2.0,0.0,2,0.3333333333333333,0.3575757575757575
82,150,32399,2160,9.633524038970084,0.739360170178258,4.087268329554583,0.0698242484921972,0.3773890689794447,7.290650860402319,0.1001829389615672,350,0.02,6,0.7,0.8,0.5,1.0,0.0,1,0.3333333333333333,0.5151515151515151
84,150,32399,2160,9.29026424255433,0.7963747464399903,3.205621078106657,0.0612373611144474,0.4138757948157041,8.85437016185511,0.1093298097331761,700,0.02,6,0.9,0.8,0.5,0.5,0.0,2,0.6666666666666666,0.709090909090909
79,150,32399,2160,9.632369495433952,0.7532198323337644,3.852129462005245,0.0679373777681294,0.4226996835067812,7.780591764361771,0.0955778103893997,100,0.1,6,0.7,0.8,0.5,2.0,0.0,2,0.6666666666666666,0.5757575757575757
67,150,32399,2160,9.646687914820747,0.8838293776204144,2.020799876325762,0.0471365954103092,-0.090768066911216,7.590757865331792,0.0900664189347596,700,0.02,10,0.9,0.8,0.5,0.5,0.0,2,0.3333333333333333,0.0787878787878787
26,150,32399,2160,9.454127345657138,0.9357158625309095,1.3964303253939852,0.0343138514429048,0.3734496379838965,9.267141039614325,0.1172577022716111,700,0.02,10,0.9,0.8,0.0,2.0,0.0,3,1.0,0.7333333333333332
27,150,32399,2160,9.470061993349336,0.8027075202212537,3.1614074004883443,0.0610684142929205,0.0394305115179217,8.89345033901709,0.112148366449073,700,0.02,6,0.9,0.8,0.5,0.5,0.0,1,0.3333333333333333,0.2969696969696969
83,150,32399,2160,9.115569809747829,0.8642649108038654,2.38691747031725,0.0496697625848304,0.091898733208125,11.471280319894948,0.1393110431622913,700,0.05,6,0.9,0.8,0.0,0.5,0.0,3,0.6666666666666666,0.5151515151515151
50,150,32399,2160,9.322846904237116,0.8638906118894034,2.2739728772529597,0.0506093381852791,-0.0700352784495479,9.526177324851352,0.121776426659849,100,0.1,10,0.9,0.8,0.5,2.0,0.0,2,0.6666666666666666,0.6242424242424242
89,150,32399,2160,9.424623979087055,0.8697605634171137,2.4030050540560706,0.0492140528756875,0.0112544253238967,10.47593522923964,0.1323533759845483,700,0.05,6,0.7,0.8,0.0,1.0,0.0,2,0.6666666666666666,0.5878787878787878
62,150,32399,2160,9.240230600559984,0.813000115350509,2.974136838387451,0.0593584803528166,0.091379956680524,9.326556030710538,0.1130833341771962,350,0.05,6,0.9,0.8,0.5,1.0,0.0,1,0.3333333333333333,0.2606060606060606
66,150,32399,2160,9.689606959714832,0.898214830796459,1.831563648171004,0.0437077424490336,0.1812696024861929,7.994824024218101,0.1101585353007823,700,0.05,10,0.7,0.8,0.5,2.0,0.0,3,0.6666666666666666,0.8545454545454544
59,150,32399,2160,9.231201544581968,0.7974401033154652,3.1805960975740324,0.0607861241430828,0.2535064551724028,10.608493749736637,0.1303724142671258,700,0.02,6,0.9,0.8,0.5,0.5,0.0,1,0.6666666666666666,0.3333333333333332
64,150,32399,2160,9.622734973573492,0.7981555913667402,3.2050666366588305,0.0610073059833249,0.2175060018058092,10.204530235711072,0.1225934379193275,700,0.02,6,0.9,0.8,0.5,0.5,0.0,3,0.6666666666666666,0.4376919914496465
40,150,32399,2160,9.842382205161028,0.7931316240203271,3.231843976186075,0.0621924711875049,0.2848758004328663,8.268440101676516,0.1077504197150001,700,0.02,6,0.9,0.8,0.5,0.5,0.0,3,0.6666666666666666,0.7818181818181817
19,150,32399,2160,9.545991829526882,0.8926687764193101,2.0137674356044,0.0450404743244467,0.2909388714007459,7.793468634729032,0.0948558419513547,350,0.02,10,0.9,0.8,0.0,1.0,0.0,1,0.3333333333333333,0.4303030303030302
74,150,32399,2160,9.361404796462,0.8486296257234578,2.505600531106477,0.0531354043876968,0.0734522854184079,10.509134433666866,0.1249121145841838,700,0.05,6,0.9,0.8,0.5,1.0,0.0,3,0.3333333333333333,0.5393939393939393
1,150,32399,2160,9.313044522762588,0.7578480147764919,3.878948967954844,0.066453855088921,-0.028713556735735,11.195269613641278,0.1543202826465712,350,0.02,6,0.7,0.8,0.0,0.5,0.0,1,0.6666666666666666,0.9151515151515152
37,150,32399,2160,9.65067071208544,0.7426467194427729,4.012875768348016,0.069085668590603,0.2249022691677226,9.061052014540744,0.1180050916265908,350,0.02,6,0.7,0.8,0.0,2.0,0.0,1,0.6666666666666666,0.7818181818181817
69,150,32399,2160,9.543211845961036,0.8710422292590061,2.14506806097036,0.0490016070959055,0.1299985728734128,9.674935616365186,0.1230042863102184,700,0.02,10,0.7,0.8,0.5,0.5,0.0,3,0.3333333333333333,0.1151515151515151
86,150,32399,2160,9.341539125360558,0.7547414229058529,3.792052165548301,0.0674634782543521,0.2089467379905318,9.69048174125177,0.1180902851301886,100,0.1,6,0.7,0.8,0.5,0.5,0.0,2,0.3333333333333333,0.3939393939393939
11,150,32399,2160,9.377454762984431,0.8920887159530067,1.8870306383806577,0.0450233724977177,-0.0348301013199672,8.330040606812195,0.1027867005931865,350,0.05,10,0.9,0.8,0.5,1.0,0.0,3,0.6666666666666666,0.4545454545454545
97,150,32399,2160,9.654931572922234,0.7954169616060212,3.167617712118138,0.0605525248629067,0.3493069447663421,10.99305163436466,0.1318092916995778,700,0.02,6,0.7,0.8,0.5,1.0,0.0,2,0.6666666666666666,0.6727272727272726
68,150,32399,2160,9.446925988104612,0.7686599100727062,3.675613475720169,0.0659020969869068,0.2319154856898152,8.10671422727889,0.0999562811881229,100,0.1,6,0.9,0.8,0.5,2.0,0.0,1,0.6666666666666666,0.5030303030303029
14,150,32399,2160,9.244788248914066,0.81748411557698,3.0162910491598467,0.0589677609661525,0.063798411203128,7.360187763170926,0.0981575898618301,350,0.05,6,0.9,0.8,0.0,1.0,0.0,1,0.6666666666666666,0.0303030303030303
96,150,32400,2159,9.442733575966576,0.7997012071312117,3.184933413343147,0.0604587904775156,0.271239860594658,9.58506887014291,0.1216549558318227,700,0.02,6,0.7,0.8,0.0,2.0,0.0,3,1.0,0.5636363636363636
81,150,32399,2160,9.718388829385948,0.8189164623089892,2.8819726681527187,0.0577494243694758,0.1685304778018432,9.891048092159131,0.1293181179367826,350,0.1,6,0.7,0.6,0.5,0.5,0.0,2,0.3333333333333333,0.4181818181818181
17,150,32399,2160,9.56900009126531,0.8172746581410286,3.033420223512593,0.0581034348998534,0.1407933438728981,10.060417745157524,0.1291020419812193,350,0.05,6,0.7,0.8,0.0,1.0,0.0,3,1.0,0.6261427099904665
42,150,32399,2160,9.589363076250718,0.7696664083927919,3.603800294622634,0.0651782464173794,0.3150218947269897,8.714912984834777,0.1110422525955878,100,0.1,6,0.9,0.8,0.5,0.5,0.0,3,0.6666666666666666,0.7454545454545454
70,150,32399,2160,9.47053953805931,0.9116838514962676,1.727420173882585,0.0404061530309114,0.2423917298781985,8.527440663366406,0.1210053419731255,350,0.1,10,0.7,0.8,0.5,0.5,0.0,3,0.3333333333333333,-0.0787878787878787
31,150,32399,2160,9.586679007728945,0.8941760821101881,1.9682461043922952,0.044212915178459,0.2061493601820165,9.463778398036956,0.1175596094450169,350,0.02,10,0.7,0.8,0.0,0.5,0.0,2,0.6666666666666666,0.5878787878787878
35,150,32399,2160,9.353230120389505,0.9078209247293574,1.72053539804478,0.0415649058720808,-0.1939639172639147,10.449773376937266,0.1362452781215576,350,0.1,10,0.9,0.8,0.5,2.0,0.0,1,0.3333333333333333,0.6363636363636362
47,150,32399,2160,9.542005639421282,0.7120370854355723,4.575699796022425,0.073737683707405,-0.1171545695910707,7.989644708633423,0.1133535112078019,100,0.05,6,0.9,0.8,0.0,2.0,0.0,2,0.6666666666666666,0.8424242424242423
77,150,32399,2160,9.641100128680437,0.8475284012545448,2.55536910872757,0.0537153144039488,0.1763182237549853,8.520228637523122,0.1017670587740055,350,0.02,10,0.9,0.8,0.5,2.0,0.0,3,0.3333333333333333,0.1515151515151515
45,150,32399,2160,9.41747752829964,0.8262267193000914,2.806783384992864,0.0565989670990079,0.251138306576363,9.518843202149428,0.1179464990227241,350,0.1,6,0.7,0.8,0.5,0.5,0.0,3,1.0,0.5030303030303029
60,150,32399,2160,9.66611339354371,0.8334150388353329,2.7143101760890387,0.0559232326626552,0.4838537455597479,6.697964893286979,0.0881864586971054,700,0.05,6,0.7,0.8,0.5,1.0,0.0,3,0.3333333333333333,0.709090909090909
63,150,32399,2160,9.569150308880728,0.8155277725824265,3.039854152870856,0.0591321152107196,0.2105303037366505,8.069450761477151,0.0974551730064041,350,0.05,6,0.9,0.8,0.0,2.0,0.0,1,0.6666666666666666,0.5636363636363636
92,150,32399,2160,9.422893558312884,0.7328616255473409,4.091220896441016,0.0702471755381214,-0.1796947526626913,9.628738405307134,0.1312681478546579,350,0.02,6,0.7,0.8,0.5,2.0,0.0,3,0.6666666666666666,0.7939393939393938
20,150,32399,2160,9.607859377124068,0.9288204411981238,1.4747705377244622,0.0363784542999253,0.1563784280653037,9.90571472927376,0.1187946685694424,700,0.02,10,0.9,0.8,0.0,2.0,0.0,3,0.6666666666666666,0.1757575757575757
91,150,32399,2160,9.500006325775333,0.7964771727400795,3.2069328600701272,0.062138770719757,0.2500825607216411,7.068903468129812,0.093697646360728,700,0.02,6,0.9,0.8,0.5,0.5,0.0,2,0.6666666666666666,0.4909090909090908
80,150,32399,2160,9.617128165106305,0.8724832946780181,2.154119652108601,0.0488567126394286,0.0319787066956188,8.59265612129812,0.1172433282178236,700,0.02,10,0.7,0.8,0.5,0.5,0.0,2,1.0,0.8060606060606059
73,150,32399,2160,9.381941761950063,0.8952450122928309,1.8535322750686207,0.044131197627351,0.1418129589641724,8.849682017321939,0.1206790474645818,350,0.05,10,0.9,0.8,0.5,2.0,0.0,1,0.6666666666666666,0.3818181818181818
93,150,32399,2160,9.464022318166172,0.8448196825972957,2.575244275960775,0.053704621106139,0.1460838405870617,8.96433048588258,0.1215695708230924,350,0.1,6,0.9,0.8,0.5,1.0,0.0,1,0.6666666666666666,0.8424242424242423
99,150,32399,2160,9.398082573348807,0.9202041885393988,1.6335038031660678,0.0388109495433867,0.0939056389376405,8.115510801264534,0.1101292783063282,700,0.1,10,0.7,0.8,0.5,0.5,0.0,2,0.3333333333333333,0.2727272727272727
6,150,32399,2160,9.42665068661809,0.8019332134562118,3.159816473040482,0.0601685100204149,0.2473073421756839,10.560074535939428,0.1295307000837962,700,0.02,6,0.9,0.8,0.0,0.5,0.0,3,0.3333333333333333,0.4181818181818181
90,150,32399,2160,9.870070114428623,0.8356647647120473,2.7118934388705265,0.055695265674571,0.3502901445588374,6.8462941754088495,0.0872328555202729,700,0.05,6,0.7,0.8,0.5,0.5,0.0,3,0.3333333333333333,0.4909090909090908
22,150,32399,2160,9.36425642833326,0.7535589158750031,3.8308133514951823,0.0676481844984921,0.1411490242053645,9.99413044196588,0.1199235858919626,100,0.1,6,0.9,0.6,0.5,2.0,0.0,3,0.6666666666666666,0.8545454545454544
72,150,32399,2160,9.673396344174018,0.8076433635256779,3.060540041115652,0.0604596333402364,-0.1382747411870584,8.052547619916774,0.1034914364692626,350,0.05,6,0.9,0.8,0.5,1.0,0.0,1,0.6666666666666666,0.2848484848484848
48,150,32399,2160,9.89353494867847,0.7558876462648347,3.913603719958496,0.06824490523979,0.4580684184219653,5.989366266065174,0.0746111481705115,100,0.1,6,0.7,0.8,0.5,1.0,0.0,3,1.0,0.8909090909090909
61,150,32399,2160,9.316242943776984,0.8902229486674305,1.929294637930632,0.044984063697654,0.3274866546363837,9.259087860130329,0.1164309514661268,350,0.05,10,0.7,0.8,0.5,0.5,0.0,3,0.3333333333333333,0.6242424242424242
95,150,32399,2160,9.591257572855964,0.7979157087168914,3.119101117292821,0.0607170258655156,0.3400571923739848,9.490124102058235,0.122112314512275,350,0.05,6,0.7,0.8,0.5,1.0,0.0,1,0.6666666666666666,0.9393939393939392
3,100,21599,2160,9.738999999981484,0.789767700275095,3.0781479434196704,0.0614926996553428,0.2170441625243204,10.31130338449169,0.1232328345516904,700,0.02,6,0.9,0.6,0.0,0.5,0.0,3,0.6666666666666666,0.8545454545454544
5,100,21599,2160,9.777852386701616,0.9402514358258548,1.4234374144609556,0.0331411953627972,0.2486745563143739,11.282375192057202,0.1377301498994136,100,0.1,10,0.7,0.8,0.0,2.0,0.0,1,0.3333333333333333,0.6484848484848483
15,100,21599,2160,9.865545508063422,0.8585659283674376,2.4117190077162043,0.0500037698293329,-0.1146171803621403,13.37187100198534,0.1611301980549225,700,0.05,6,0.7,0.8,0.5,0.5,0.0,2,0.6666666666666666,0.5878787878787878
23,100,21599,2160,9.307781166868832,0.8518734571827735,2.474543846306476,0.0530361598743642,0.2239488512137001,9.223683998982112,0.1065537257164094,350,0.02,10,0.7,0.8,0.5,0.5,0.0,1,0.6666666666666666,0.4787878787878787
57,100,21599,2160,9.802725438229883,0.911850577367878,1.7415277555184434,0.0414483325709227,0.1359462825793393,8.619593360468194,0.107734217167758,700,0.05,10,0.9,0.8,0.5,1.0,0.0,3,0.6666666666666666,0.7454545454545454
77,100,21599,2160,10.295133786116285,0.8775998088951257,2.2739114018345186,0.0482673920079433,0.1161428971422714,9.126874791913565,0.1054189102297532,700,0.05,6,0.7,0.8,0.0,1.0,0.0,1,0.3333333333333333,0.103030303030303
8,100,21600,2160,10.280170126442556,0.8176037388670787,3.1263374230575525,0.0597486042549583,0.1316219140153822,9.512510632762202,0.1307504571730207,100,0.05,10,0.9,0.8,0.5,2.0,0.0,2,0.3333333333333333,0.8787878787878788
10,100,21600,2160,10.257030418685188,0.9629336013445952,1.0351931731252182,0.0259643832320439,0.3411225944246133,8.425970728794733,0.106567218959908,350,0.1,10,0.9,0.6,0.0,2.0,0.0,2,1.0,0.5272727272727272
32,100,21599,2160,10.464680969718993,0.7419103006869054,4.190985530032288,0.0720260757591431,0.3332527129834344,8.298015031549665,0.103504615655154,350,0.02,6,0.9,0.8,0.0,0.5,0.0,2,0.6666666666666666,0.5151515151515151
18,100,21600,2160,9.810826885002992,0.7610430679528627,3.6855870873165415,0.065274304681277,0.0950417395451392,10.183718571353843,0.1323025516961776,350,0.02,6,0.7,0.8,0.0,1.0,0.0,3,0.3333333333333333,0.3465061598976368
93,100,21600,2160,10.106151829205178,0.8657396387616416,2.309835107257686,0.049772047084669,0.0810833051759125,9.699931099733544,0.1261116878831565,350,0.1,6,0.9,0.8,0.5,1.0,0.0,1,0.6666666666666666,0.7575757575757575
9,100,21599,2160,9.493997804367757,0.8357178509065069,2.7465974746132784,0.0570363680217459,0.1763800168114437,9.526053655758774,0.1201943498575595,100,0.3,6,0.9,0.8,0.5,0.5,0.0,2,0.6666666666666666,0.7575757575757575
61,100,21600,2160,9.87560821868976,0.7197359813357799,4.400967368188719,0.0727892786509699,0.1767642353951449,10.284901923857351,0.1288190546909836,100,0.05,6,0.7,0.8,0.0,2.0,0.0,2,0.6666666666666666,0.5515151515151515
52,100,21600,2160,10.054476537586575,0.8863748366346416,2.0782802018240565,0.0441839992383009,0.1904553032402149,10.836031866757958,0.1386106085356859,700,0.1,6,0.7,0.6,0.5,2.0,0.0,1,0.3333333333333333,0.5272727272727272
81,100,21599,2160,9.907369994212676,0.8640686832893114,2.276650403554981,0.0506619229038324,-0.0092038184342357,11.449881152797628,0.142470730331423,700,0.02,10,0.7,0.8,0.5,0.5,0.0,3,0.0,0.309090909090909
21,100,21599,2160,10.273250607751434,0.8468499684922033,2.5506621292834444,0.0545472820399597,0.2146113573277088,8.946871205789073,0.1140474704888947,350,0.02,10,0.7,0.8,0.5,2.0,0.0,1,1.0,0.5515151515151515
51,100,21600,2159,8.998029349119092,0.9162280247298152,1.64947010123851,0.0395355602546453,0.1747103951682135,7.293284353187317,0.094146331223215,350,0.02,10,0.9,0.8,0.0,1.0,0.0,1,0.6666666666666666,0.2606060606060606
25,100,21600,2160,8.857990299391526,0.7651234068745925,3.4937556546618094,0.0638411616465066,0.3175264419651414,9.931485712837288,0.1197289441296324,350,0.02,6,0.9,0.8,0.5,0.5,0.0,3,1.0,0.8303030303030302
34,100,21600,2160,10.032672270262683,0.8744548001203118,2.0615475739589257,0.0471870561878867,0.0934798362616151,9.933656392671445,0.1204573416562243,350,0.05,10,0.7,0.8,0.5,0.5,0.0,2,0.0,-0.0545454545454545
7,100,21600,2159,9.61143628054388,0.7998564623703069,3.402849483282904,0.0582666128666458,-0.0196054337396271,15.896395539287727,0.1856173287136663,350,0.02,6,0.7,0.8,0.5,1.0,0.0,3,0.6666666666666666,0.7212121212121211
30,100,21600,2159,9.845106047643556,0.8608347092012424,2.4301037286555647,0.0483615536977259,0.1389194250347432,12.624496919813948,0.158000698079743,700,0.02,6,0.7,0.8,0.5,2.0,0.0,3,0.3333333333333333,0.309090909090909
2,100,21600,2160,9.03472689853774,0.927896927152339,1.5120038943744758,0.0328045953138583,0.1958071281452819,9.981668558926494,0.1278185032151411,100,0.05,10,0.7,0.8,0.0,0.5,0.0,3,0.6666666666666666,0.7212121212121211
44,100,21599,2160,9.518022406736232,0.8215361942890833,3.0105879439995,0.057780232385222,0.0815694640270298,10.272847038375009,0.1331626638927145,100,0.05,10,0.9,0.8,0.5,1.0,0.0,2,1.0,0.7939393939393938
11,100,21600,2160,10.181650606477186,0.8117648283939227,2.995021315676058,0.0611228339533677,-0.1346366321109815,8.837359440547448,0.1076293703262284,350,0.05,6,0.7,0.8,0.5,0.5,0.0,2,0.6666666666666666,0.1393939393939393
62,100,21599,2160,10.987852015864927,0.8399942447989424,2.633859222816386,0.0571169546791074,-0.0429188226186099,9.981929754945968,0.1211525895578381,700,0.02,10,0.7,0.6,0.5,0.5,0.0,1,0.3333333333333333,0.0787878787878787
12,100,21599,2160,10.571359400968904,0.7218119455327674,4.370504683027872,0.0750292242036378,0.2773489108954943,8.319014747760916,0.1041484565320262,350,0.02,6,0.9,0.8,0.5,2.0,0.0,1,0.3333333333333333,0.6242424242424242
24,100,21599,2160,10.051642391903666,0.809776896960188,3.276105713257884,0.0580799382633077,0.0777906059693865,10.627138644788,0.1298996588320598,350,0.02,6,0.7,0.8,0.5,1.0,0.0,3,0.6666666666666666,0.6363636363636362
31,100,21599,2160,10.14305615445611,0.8741707939424106,1.977754678352197,0.0463996692032084,0.18284377012954,9.44091984461855,0.1192727638445354,350,0.05,10,0.7,0.6,0.5,0.5,0.0,2,0.6666666666666666,0.6121212121212121
88,100,21599,2160,9.872743882583633,0.9057662362102346,1.8000769762545945,0.0407018472918053,0.0982667728724194,10.178553785656888,0.1368275061123866,700,0.3,6,0.9,0.8,0.5,0.5,0.0,2,0.3333333333333333,0.5636363636363636
28,100,21599,2160,9.917181477961355,0.8452323073548299,2.7957771647972574,0.053657616146852,0.1168059147823779,9.24631967858032,0.1177754200749274,350,0.05,6,0.7,0.8,0.5,2.0,0.0,1,0.3333333333333333,0.4303030303030302
14,100,21599,2160,10.315715577736784,0.783577802450634,3.3896404560383746,0.0647509632084816,0.0332699972245356,7.79396485582546,0.0997451523516372,700,0.02,6,0.9,0.6,0.0,2.0,0.0,1,0.3333333333333333,-0.1999999999999999
54,100,21599,2160,10.197633859031468,0.8715486392424193,2.363280305126892,0.0496426506187317,-0.1975855053362447,8.077444547061567,0.1019922561212822,350,0.02,10,0.7,0.6,0.0,0.5,0.0,3,0.6666666666666666,0.2969696969696969
76,100,21600,2160,10.475441916516534,0.7580092923480257,3.862300170827448,0.0672009626618249,0.2110823474046752,8.337834688623746,0.1046879534749834,350,0.02,6,0.9,0.8,0.5,2.0,0.0,1,0.6666666666666666,0.5227987675648555
41,100,21599,2160,10.72216183246578,0.7285196721110844,4.262734945999327,0.0738438621951402,0.1414384018171777,8.75522395381221,0.1162608992500418,350,0.02,6,0.7,0.8,0.5,2.0,0.0,1,1.0,0.6747751534848716
29,100,21600,2160,10.223883990786694,0.8413148184052759,2.684237911732263,0.0557842914801674,0.1538792745784774,9.705034021227448,0.1177967673004138,350,0.02,10,0.7,0.8,0.5,1.0,0.0,3,0.6666666666666666,0.4545454545454545
38,100,21599,2160,9.839524176918644,0.81733948836792,2.8720614475775665,0.0592976286729592,-0.108701117802527,11.224176512515102,0.1461877697786062,100,0.3,6,0.9,0.8,0.5,1.0,0.0,1,0.6666666666666666,0.7696969696969697
4,100,21600,2159,9.392011734708172,0.8177633807878963,2.9493643710780924,0.0562698317248711,0.1629880856500783,10.601811121491824,0.13194534223223,100,0.1,6,0.9,0.8,0.0,0.5,0.0,1,0.3333333333333333,0.2484848484848484
17,100,21600,2160,9.77904155468168,0.7947391684767867,3.0933621406959664,0.0602295653255379,0.0345296600608602,10.455520872319186,0.1368528238925065,700,0.02,6,0.9,0.6,0.5,0.5,0.0,3,0.6666666666666666,0.5592731001856595
58,100,21599,2160,9.310602953733495,0.928032882368532,1.4695932500288773,0.0352398076271146,-0.1010308060210651,9.461355735320184,0.1145899145308944,350,0.05,10,0.9,0.8,0.5,1.0,0.0,1,0.6666666666666666,-0.0972648869888103
35,100,21600,2160,10.278959746713165,0.8188297123341637,3.07249085079826,0.0601853147210698,-0.1928501594766296,9.76499688366083,0.1361817168859695,700,0.02,6,0.7,0.8,0.0,0.5,0.0,1,0.6666666666666666,0.8424242424242423
91,100,21599,2160,9.640195748315028,0.8076110593052255,2.902993840698876,0.0589753221632016,0.1750811362289549,7.583867145269006,0.0982714971740078,700,0.02,6,0.9,0.8,0.5,0.5,0.0,2,0.6666666666666666,0.709090909090909
75,100,21599,2160,10.255194496679287,0.8062172970813379,3.002093866763869,0.0594167550590918,0.1354778489729519,10.150504604180654,0.123824587530809,700,0.02,6,0.9,0.6,0.0,1.0,0.0,3,0.3333333333333333,0.3333333333333332
0,100,21599,2160,9.40892540464283,0.8478527556428328,2.4048623722813804,0.0534194776866288,0.2451755102793755,7.334440738201417,0.091758090184602,700,0.05,6,0.7,0.8,0.5,1.0,0.0,1,0.3333333333333333,0.4545454545454545
36,100,21599,2160,9.372960898305346,0.7566112158664087,3.7130429333243096,0.0654504835513619,0.2986532313512379,10.069112587990585,0.1303147588745449,350,0.02,6,0.9,0.8,0.5,2.0,0.0,3,0.3333333333333333,0.5393939393939393
16,100,21599,2160,9.10677418458449,0.8788001070529929,2.0962213677669723,0.0469341621232631,0.0512142701251903,9.346277031545288,0.1229069340828221,350,0.1,6,0.9,0.8,0.5,1.0,0.0,2,0.6666666666666666,0.8303030303030302
95,100,21599,2160,10.656958507226532,0.873896437830867,2.106672131830385,0.0480208827665466,0.1680278249579848,11.411682067623843,0.1371073426890922,700,0.05,10,0.7,0.6,0.5,0.5,0.0,1,0.6666666666666666,0.8666666666666665
94,100,21599,2160,10.002962925264235,0.8584252943523143,2.601760572482761,0.051410534776521,0.1600576822873717,9.318599490446765,0.1235472460906608,350,0.05,6,0.7,0.8,0.0,1.0,0.0,3,0.6666666666666666,0.2727272727272727
87,100,21600,2160,9.871713935466277,0.8593050868571818,2.293405068929557,0.05087149225797,-0.0556449867821697,12.354109466208351,0.1534929954433193,100,0.1,10,0.7,0.8,0.5,2.0,0.0,3,0.6666666666666666,0.7212121212121211
85,100,21600,2160,10.25394854078966,0.8230728059468359,2.818250089308341,0.0580421942998077,0.1561766908321078,6.676984041794375,0.0836253406729542,350,0.05,6,0.9,0.8,0.5,1.0,0.0,1,0.6666666666666666,0.3647433262080387
26,100,21599,2160,9.684820567163827,0.8480378486671174,2.554050256919045,0.0519022130048086,0.3828003664633139,8.48032989923601,0.1163794276006866,350,0.05,6,0.9,0.8,0.5,2.0,0.0,3,0.6666666666666666,0.7696969696969697
78,100,21600,2160,10.461454444503342,0.7394283010276756,4.083133116545543,0.0704403292130021,0.1634291140910911,8.80136611536697,0.1118084086789512,350,0.02,6,0.7,0.6,0.5,1.0,0.0,1,0.6666666666666666,0.8303030303030302
6,100,21599,2160,9.545557980342853,0.8275054730896891,2.7740623331373198,0.0542890920418987,0.0187489757856861,11.661486829186108,0.1478951507758888,700,0.02,6,0.9,0.8,0.0,0.5,0.0,3,0.0,-0.0424242424242424
82,100,21600,2160,9.525079291136176,0.7578699803996815,3.61063911271905,0.0649976429380016,0.2783285877802639,8.176750746877106,0.1078586917451199,350,0.02,6,0.7,0.8,0.5,1.0,0.0,1,0.3333333333333333,0.5151515151515151
33,100,21600,2160,10.161031167485232,0.830763767108537,2.7248329837930374,0.056296689018701,0.2855425395109007,6.303025483764984,0.0847074376364336,350,0.05,6,0.9,0.8,0.5,1.0,0.0,1,0.6666666666666666,0.7696969696969697
47,100,21600,2160,9.870949041119328,0.855667653649452,2.405696524964533,0.0516412656099333,0.0371961564458485,8.142135871118969,0.1052318612228291,350,0.02,10,0.7,0.8,0.5,0.5,0.0,2,0.6666666666666666,0.7575757575757575
20,100,21599,2160,9.261083516062316,0.9030561681717952,1.875873537771772,0.0410185932484199,0.1144700823736941,10.26554925967146,0.1217095708864234,700,0.05,6,0.7,0.8,0.5,0.5,0.0,2,0.6666666666666666,-0.1393939393939393
43,100,21599,2160,10.165691648080584,0.838486631999082,2.534981345081912,0.0557264892552669,0.1996588774880827,10.164914373225637,0.1288074959183187,700,0.05,6,0.9,0.8,0.5,1.0,0.0,1,0.6666666666666666,0.7333333333333332
63,100,21599,2160,10.2088791469378,0.738354268371176,4.135333428473688,0.0726481121800528,-0.0203247116246634,9.299983211755752,0.1107914808436027,350,0.02,6,0.7,0.8,0.5,2.0,0.0,3,0.3333333333333333,-0.0303030303030303
83,100,21600,2160,9.610782176868785,0.901128709025576,1.7452311824451123,0.042540226826669,0.1003918261180509,11.545455932109444,0.1386580537103289,700,0.05,10,0.7,0.6,0.5,2.0,0.0,1,0.6666666666666666,0.7939393939393938
80,100,21600,2160,10.425339069820666,0.8815308017896457,2.037417795109912,0.0468170303919043,-0.0111449754296539,9.001421556472778,0.119826368378023,700,0.02,10,0.7,0.8,0.5,0.5,0.0,2,1.0,0.7696969696969697
55,100,21599,2160,9.016560381730011,0.8837183735305294,2.062626768123455,0.0436598997641599,-0.0214785457024928,10.658121720662823,0.1277337942188694,350,0.02,10,0.7,0.8,0.5,1.0,0.0,3,0.3333333333333333,0.2484848484848484
40,100,21600,2160,9.204833671415294,0.9034125870317672,1.7690521167967368,0.04235051618857,0.1055702287493867,9.277449203177737,0.1205039703871571,350,0.05,10,0.7,0.8,0.5,0.5,0.0,1,0.3333333333333333,0.4666666666666666
79,100,21599,2160,9.379048439760352,0.8016584824631585,3.227300690585284,0.0603415722459445,0.6140241371668551,6.174987685547934,0.0781513082573603,100,0.1,6,0.7,0.8,0.5,2.0,0.0,2,0.6666666666666666,0.8424242424242423
71,100,21599,2160,9.82828912624905,0.8760515090219021,1.9752671644395816,0.0470756229958487,0.394443678721541,9.634973712718049,0.115984598698182,700,0.02,10,0.7,0.8,0.5,0.5,0.0,3,1.0,0.8303030303030302
27,100,21600,2160,9.917637041605456,0.8193534032970724,3.0576935329479467,0.0597947356143371,0.1480958984861089,8.172581351929242,0.105614588880884,700,0.02,6,0.9,0.8,0.5,0.5,0.0,1,0.3333333333333333,0.7818181818181817
56,100,21600,2160,10.161567376331046,0.8420567519750336,2.5883115234072007,0.0546887961691294,0.3510871318549604,9.094809206680017,0.1122746448022706,350,0.02,10,0.7,0.8,0.5,2.0,0.0,1,0.6666666666666666,0.6242424242424242
46,100,21600,2160,10.082032756043803,0.7723741137710463,3.332465659658627,0.0656233738431315,0.3666940705712785,8.356290805648873,0.1018743045649191,700,0.02,6,0.7,0.8,0.5,2.0,0.0,2,0.6666666666666666,0.5896683773696626
92,100,21599,2160,10.117894796677463,0.7588591154924682,3.870439558633787,0.0681405012490942,-0.2487707430951653,10.087445051515544,0.1350566245802549,350,0.02,6,0.7,0.8,0.5,2.0,0.0,3,0.6666666666666666,0.7696969696969697
19,100,21599,2160,10.287942220554,0.7867415830468498,3.3508522618666454,0.0646604132046879,0.0053062412174894,9.188335914126148,0.1123484126997057,350,0.05,6,0.7,0.6,0.5,2.0,0.0,2,0.3333333333333333,0.6
73,100,21599,2160,10.182569229500343,0.7052893532502493,4.698236031957817,0.0760570873215577,0.1207365616959976,9.293638469334002,0.1221519501259183,100,0.05,6,0.9,0.8,0.5,2.0,0.0,2,0.6666666666666666,0.5515151515151515
74,100,21599,2160,10.46932243910572,0.7754701636305518,3.7057798967872992,0.0659832517999148,-0.0039705065941344,10.770031040355011,0.1300262816481556,100,0.1,6,0.7,0.6,0.0,2.0,0.0,2,0.6666666666666666,0.6969696969696969
99,100,21599,2160,9.95677982246552,0.863001936297874,2.380958148209638,0.0523017259294258,-0.1044719686894939,9.168730625576444,0.1215887597232801,700,0.1,6,0.9,0.8,0.5,0.5,0.0,3,0.3333333333333333,0.4303030303030302
64,100,21600,2160,10.031378618645602,0.8242440429690048,2.9861845135580407,0.0576937918420708,0.253829483479336,9.789077731994569,0.1197142251882516,700,0.02,6,0.9,0.8,0.5,0.5,0.0,3,0.3333333333333333,0.6079055436800646
1,100,21599,2160,10.099462144211254,0.7601445682720225,3.9190418119983312,0.0695708149560264,0.0672441900659581,10.859047814651772,0.1469466737455119,350,0.02,6,0.7,0.8,0.0,0.5,0.0,1,0.6666666666666666,0.8545454545454544
50,100,21600,2160,9.923773668831144,0.9118317320543236,1.773900294884589,0.0416788625816754,0.0521960223531864,8.345901398636677,0.1146102451581685,350,0.02,10,0.7,0.8,0.0,0.5,0.0,2,0.6666666666666666,0.5757575757575757
86,100,21599,2160,9.83334001335761,0.7486406777864851,3.939427296039955,0.068079862181781,0.220779027495287,9.650921230978437,0.1172037816850347,350,0.02,6,0.7,0.8,0.5,0.5,0.0,1,0.6666666666666666,0.4181818181818181
67,100,21600,2160,10.88607604826711,0.9253606690796716,1.6805316085981474,0.0388428497612364,-0.0878521403415684,7.778477965681641,0.0899459520702717,700,0.02,10,0.7,0.6,0.0,1.0,0.0,1,0.0,-0.0545454545454545
22,100,21599,2160,9.085434340361378,0.9147546290002738,1.5801706467137202,0.0388962873253087,0.0195336757161049,10.474887901412115,0.1281333085345331,700,0.1,10,0.9,0.8,0.5,0.5,0.0,3,0.3333333333333333,0.4909090909090908
97,100,21599,2160,10.518203302564263,0.7971589112353048,3.129596957120213,0.061981709792126,0.1613505013609215,12.253389621465294,0.1496401677319861,700,0.02,6,0.7,0.8,0.5,1.0,0.0,2,0.6666666666666666,0.5515151515151515
48,100,21600,2160,10.121754372156328,0.9295154789302036,1.5117841889462176,0.035764840995219,0.4673149526543864,6.243986886673503,0.0739718952542059,350,0.02,10,0.9,0.8,0.0,0.5,0.0,1,0.3333333333333333,0.6242424242424242
68,100,21600,2160,9.839943222388255,0.8035996876969356,2.983088874588605,0.0610550131149436,0.2394178838755996,7.840293737699587,0.0994669131366087,350,0.05,6,0.7,0.8,0.5,1.0,0.0,1,1.0,0.6848484848484848
65,100,21599,2160,10.068111681555866,0.8442431769361325,2.5608699435279423,0.0547957445886034,-0.1640523493494634,8.024995838337475,0.0963671959920874,700,0.05,6,0.9,0.8,0.5,1.0,0.0,1,0.6666666666666666,0.4303030303030302
70,100,21599,2160,9.63136076627014,0.902679472896977,1.7933894729100168,0.0430375263210428,0.0443115881265278,9.939992461690196,0.1359065380959837,350,0.05,10,0.7,0.8,0.5,1.0,0.0,3,0.3333333333333333,-0.0787878787878787
45,100,21600,2160,9.276883301645656,0.9273336460484384,1.4737431649601809,0.0366191309060133,0.2560364825154727,10.149358215111274,0.1175601322828968,700,0.02,10,0.7,0.8,0.0,2.0,0.0,3,0.6666666666666666,0.4787878787878787
96,100,21600,2159,9.50973096339791,0.8713654631517467,2.2100591570543213,0.0472529405396926,0.2529857274164784,9.565165242799845,0.1231691516253098,350,0.02,10,0.9,0.8,0.5,0.5,0.0,3,0.6666666666666666,0.7818181818181817
60,100,21599,2160,9.852897923560784,0.8475802658740845,2.6478181065844657,0.0515143633656683,0.3900489493730039,7.725976086380305,0.0958656463625578,700,0.02,6,0.7,0.8,0.0,0.5,0.0,3,0.6666666666666666,0.5272727272727272
42,100,21599,2160,10.2384032218386,0.7141251306144651,4.475347113343008,0.0743729647145229,0.1840597776781218,9.72936926684998,0.1211934335132899,100,0.05,6,0.7,0.8,0.0,2.0,0.0,1,0.3333333333333333,0.4666666666666666
39,100,21600,2159,9.69454278884773,0.7336281271328082,4.141170942534696,0.0713130419965943,0.2537153816604017,9.234194400605642,0.12063898293167,350,0.02,6,0.9,0.8,0.5,1.0,0.0,1,0.3333333333333333,0.2363636363636363
49,100,21599,2160,9.5499206500392,0.934910008805402,1.4012530690930378,0.0334787393421724,0.3459311954600934,9.456398894786837,0.1212366193994956,700,0.1,10,0.7,0.8,0.5,2.0,0.0,2,1.0,0.8424242424242423
98,100,21599,2160,10.412503436097955,0.8375854294693741,2.56226423711186,0.0539680187517969,0.1632672633327948,11.29730610964061,0.1305014784695785,700,0.05,6,0.7,0.8,0.5,2.0,0.0,2,0.3333333333333333,0.3333333333333332
84,100,21600,2160,9.202342197454776,0.8390553661380791,2.63474154822861,0.0532741479928383,0.3786168221485452,9.17267775999451,0.1125702186914144,700,0.02,6,0.9,0.8,0.5,0.5,0.0,2,0.6666666666666666,0.4424242424242424
66,100,21600,2160,9.912917272225574,0.7517778840311492,3.828696279961533,0.0699230473372145,0.1648495330005694,7.689189843888636,0.1112576953328034,350,0.02,6,0.7,0.8,0.5,2.0,0.0,2,0.6666666666666666,0.8424242424242423
53,100,21600,2160,9.474023561064843,0.8061298571298597,3.099199667863453,0.0592564846270363,0.1728189703666538,9.90849011103312,0.1271019250164125,100,0.1,6,0.9,0.8,0.0,1.0,0.0,3,0.6666666666666666,0.6121212121212121
89,100,21599,2160,10.015071207176906,0.8707703388906036,2.3276852395490515,0.0486233260046697,0.0011344676141809,10.308153090609446,0.1330289798827197,700,0.1,6,0.7,0.6,0.5,1.0,0.0,1,1.0,0.5636363636363636
90,100,21599,2160,9.75253053993332,0.864578761289811,2.5633316340359182,0.050218783515102,0.2580485568661382,7.164876361600279,0.093219786456769,350,0.05,6,0.7,0.8,0.0,0.5,0.0,1,0.3333333333333333,0.309090909090909
69,100,21599,2160,9.860419603290628,0.879614348082415,2.015588074028875,0.0476131015064587,0.2108887441743142,8.815788705304817,0.1171465173730722,350,0.05,10,0.9,0.8,0.5,1.0,0.0,3,0.6666666666666666,0.6
59,100,21599,2160,9.999972691363086,0.940366797225884,1.383209578965131,0.033727731726196,0.1423175688526119,10.862805727389125,0.139744890170203,700,0.02,10,0.7,0.8,0.0,0.5,0.0,3,0.3333333333333333,0.1151515151515151
37,100,21600,2160,10.496402859272228,0.7835994032557441,3.6862870001213857,0.0655396296789329,0.2127007257660929,8.936130454164964,0.1189302794259198,350,0.02,6,0.7,0.8,0.0,2.0,0.0,1,1.0,0.8666666666666665
13,100,21600,2160,10.1209212352788,0.8711644397065733,2.2940215647615285,0.0497409341522934,-0.5149776889732067,10.12039455126074,0.1246110823353925,700,0.3,6,0.9,0.8,0.5,1.0,0.0,1,0.3333333333333333,0.1272727272727272
72,100,21599,2160,9.525126620668228,0.820437099646901,2.9859590408562875,0.0595557841637243,-0.2742323643702824,9.133777439552876,0.1094977465226174,350,0.05,6,0.9,0.8,0.5,1.0,0.0,1,0.3333333333333333,0.2121212121212121
15,30,6479,2160,8.13914075730531,0.8786700932790987,2.2181923124060345,0.037683274526988,-0.5530585705553688,15.87066137119576,0.1901988960087492,100,0.05,10,0.9,0.6,0.5,1.0,0.0,3,0.6666666666666666,0.0303030303030303
25,30,6480,2160,8.982695470474386,0.8318186385455034,2.4704019695015647,0.0511270458859445,-0.084828470066069,12.265785683084417,0.1509512712624251,350,0.02,6,0.9,0.8,0.5,0.5,0.0,3,0.6666666666666666,0.3939393939393939
4,30,6480,2159,10.537328262903072,0.7562421486479323,3.658920475652349,0.0658199803818067,0.1276482962054894,10.813509162392204,0.1347020020943806,350,0.02,6,0.9,0.6,0.5,2.0,0.0,3,0.3333333333333333,0.2484848484848484
21,30,6480,2160,11.08075609382288,0.8931054683005806,2.055956344590652,0.0450530014108959,-0.5861241677794229,13.812823323408765,0.1620734736228301,350,0.02,10,0.9,0.6,0.5,0.5,0.0,2,0.3333333333333333,-0.0545454545454545
16,30,6480,2160,9.734934085850362,0.8452412925403853,2.3424572526172014,0.0499103157233903,0.0916235530580283,8.522615013586151,0.1202611204478648,350,0.02,6,0.7,0.6,0.0,2.0,0.0,2,0.6666666666666666,0.709090909090909
31,30,6479,2160,10.889377796193314,0.8863717098701146,2.112075197110315,0.0446284365195831,-0.0733237735594385,11.24565309215475,0.1366954658726601,350,0.05,6,0.7,0.6,0.5,1.0,0.0,1,0.6666666666666666,0.309090909090909
44,30,6480,2160,9.487891212709156,0.8172317528939861,2.5288368005265,0.0545181111857882,0.2776599827900369,8.37975938388595,0.1180946313491321,100,0.1,6,0.9,0.6,0.5,2.0,0.0,2,0.6666666666666666,0.8909090909090909
8,30,6480,2160,11.570851338836883,0.7864496333904322,4.037561566071746,0.0658910239795869,-0.085956947888645,11.17153817733129,0.1462160652259948,100,0.02,10,0.7,0.8,0.0,2.0,0.0,1,0.3333333333333333,0.6242424242424242
57,30,6479,2160,11.468871394138452,-5.266763997369139e-06,11.274481372212092,0.1328291824536844,-0.002322540651608,9.545534092938455,0.1160344738481002,350,0.3,6,0.7,0.6,0.0,2.0,10.0,1,0.0,0.0
43,30,6479,2160,12.070783528706563,0.0623406962658038,11.207533640684142,0.129208183397453,0.0016777981852003,12.142360152491818,0.1438596290657964,100,0.05,6,0.7,0.6,0.0,2.0,10.0,1,0.3333333333333333,0.4784085436185464
32,30,6480,2160,10.238478558387284,0.765386649580811,4.729536854146439,0.0725069040292243,0.0488543172993831,9.312628241556665,0.1236239479944086,100,0.02,6,0.9,0.8,0.0,2.0,0.0,2,0.3333333333333333,0.2242424242424242
11,30,6480,2160,11.506509848093543,0.8741317400086369,2.371288125238024,0.0501741124913077,-0.7010070823656567,10.740648923725994,0.1317818075156872,100,0.1,6,0.7,0.6,0.0,1.0,0.0,3,1.0,0.3939393939393939
13,30,6480,2160,10.401157648305832,0.8387751625704257,2.2706726261824914,0.0524854695765415,-0.560561688443671,10.522319015087906,0.126471893312099,700,0.02,6,0.9,0.6,0.5,1.0,0.0,3,0.3333333333333333,-0.2363636363636363
0,30,6480,2160,11.077419859222424,0.7918498294360619,3.0481896507179798,0.0621797700176432,-0.6086911831242241,11.129960139239277,0.133954625793164,100,0.05,6,0.7,0.6,0.0,0.5,0.0,2,0.0,-0.406060606060606
51,30,6480,2159,11.87504691877483,0.074281524766875,11.037599411363956,0.1338437742857881,-0.0648249327983543,9.010620143514034,0.1069397880620636,100,0.05,6,0.7,0.8,0.5,2.0,10.0,3,0.6666666666666666,0.1970489351107557
28,30,6480,2160,11.08310588797336,0.960729122351075,1.2328290466509075,0.0260810826228404,0.0127955978672839,10.253586768640412,0.1245174240422461,700,0.05,6,0.9,0.6,0.0,1.0,0.0,1,0.3333333333333333,0.0545454545454545
17,30,6480,2160,10.845509496397442,0.6649288770125461,5.069115383389556,0.0770883340265184,0.1628740210620398,9.848992742564942,0.1274323537894399,100,0.02,10,0.7,0.8,0.5,1.0,0.0,3,1.0,0.6808542089216723
34,30,6480,2160,10.26963663748753,-2.2101808161423264e-08,10.013889294141606,0.1218248191001098,-0.0031876232693248,10.428210349612767,0.1267172160662942,100,0.02,6,0.7,0.8,0.5,1.0,10.0,1,0.0,0.0
29,30,6480,2160,10.606573085946804,0.7728588316685326,4.232660367172441,0.062124914934312,0.142327260065768,9.884389676915276,0.1185981758204535,100,0.02,10,0.7,0.6,0.0,0.5,0.0,1,0.3333333333333333,0.4545454545454545
52,30,6480,2160,11.208461223767127,0.2216342808115934,9.898830870875605,0.1196882202299745,0.0091376360968794,13.345878377843787,0.1533496257963263,700,0.3,6,0.7,0.6,0.0,2.0,10.0,2,0.3333333333333333,0.1770158829709485
24,30,6480,2160,11.04429427570031,0.9174302220369754,1.942826155099219,0.0402575886661166,-0.3977959366590233,13.870446018576622,0.1599245459508242,100,0.1,10,0.9,0.6,0.5,1.0,0.0,2,0.0,-0.1272727272727272
3,30,6480,2160,10.520842485074644,0.1677998662398783,9.35018635891102,0.1122822767161009,0.1025067006368251,10.974754618362144,0.1319390680954913,700,0.3,6,0.9,0.6,0.5,2.0,10.0,3,0.6666666666666666,0.4045199174779453
12,30,6479,2160,11.644944651536871,0.8299934797446709,3.1236935178557794,0.0622398057471348,0.0136365706403873,9.806329095363616,0.1216765783017049,350,0.05,6,0.7,0.6,0.0,2.0,0.0,2,0.6666666666666666,0.309090909090909
5,30,6480,2160,10.586610688957167,0.7919338979243782,3.828752716939758,0.0658719784861681,0.0906745969287023,12.963871725223685,0.1515216300591086,100,0.05,6,0.9,0.8,0.5,2.0,0.0,3,0.6666666666666666,0.4303030303030302
64,30,6480,2160,9.498508722903551,0.8660264974357952,2.600480079654242,0.0525506715143553,-0.0859457172131494,11.537354102399616,0.1444211420936181,100,0.1,10,0.7,0.8,0.5,1.0,0.0,2,0.3333333333333333,0.0243162217472025
48,30,6480,2160,12.624005504066565,0.2151554735124757,11.307579013212226,0.1360261958352274,0.019940301331259,8.64403977394104,0.1003362252370987,700,0.3,10,0.9,0.8,0.5,1.0,10.0,1,0.6666666666666666,0.3569653238400649
71,30,6480,2160,10.16870558999203,0.7789157583243218,3.2049955238309904,0.0613007785985807,0.0403549634180943,12.604726394105844,0.1460085755026341,100,0.05,6,0.7,0.6,0.5,1.0,0.0,3,0.3333333333333333,0.0787878787878787
50,30,6480,2160,11.47908572703232,0.0603643424135953,10.741145581257197,0.1291594725360349,-0.0279803056621754,10.138648897806805,0.1193593857694035,350,0.1,10,0.9,0.8,0.5,1.0,10.0,2,0.6666666666666666,0.2680100840691232
62,30,6480,2160,12.851908125803794,0.9094042186685808,2.015494127341239,0.0446334572090178,-0.230491094470878,11.130203474175048,0.1315972112327345,350,0.1,10,0.7,0.6,0.5,1.0,0.0,3,0.3333333333333333,0.4181818181818181
54,30,6479,2160,10.453504543808505,0.8492630043311169,2.898493916225473,0.0581613951302794,-0.7827255499328063,9.846839069039731,0.1244389040652884,350,0.02,10,0.7,0.8,0.5,0.5,0.0,3,0.6666666666666666,0.6121212121212121
82,30,6480,2160,10.870120752740789,0.804528236459649,2.7263454565364453,0.0595284351850802,0.3884623744224585,7.568429190472321,0.0992880516924804,700,0.02,6,0.9,0.6,0.5,2.0,0.0,3,0.3333333333333333,0.4545454545454545
6,30,6480,2160,11.569393669940808,-1.3173112445308277e-07,11.05295181086034,0.1328550617312537,-0.0878048820533019,12.763136427844014,0.1557181999351028,350,0.02,6,0.7,0.8,0.0,2.0,10.0,1,0.0,0.0
88,30,6480,2160,11.220693545282623,0.0507447682272352,10.847323447215704,0.1292411003797851,-0.1282118360491488,12.61524008291739,0.1530487196201319,350,0.3,6,0.9,0.6,0.5,0.5,10.0,2,0.0,0.0
49,30,6480,2160,9.807190685743166,0.9322604015666556,1.5925892877565944,0.0324594755409309,0.002487304239455,11.905688760722123,0.1497205161656719,100,0.05,10,0.9,0.6,0.0,2.0,0.0,1,0.3333333333333333,0.1757575757575757
74,30,6479,2160,11.467303822480966,0.9427404526756316,1.483953454356569,0.0319441185855403,0.1878586042750758,9.660734073894996,0.1169463009758505,100,0.05,10,0.9,0.6,0.0,1.0,0.0,3,0.3333333333333333,0.406060606060606
38,30,6479,2160,9.500264010807353,0.9050947467366875,1.8427793364040124,0.0427984261617315,0.0069463498964015,10.362319841362812,0.1383535011969447,700,0.05,6,0.7,0.8,0.5,0.5,0.0,3,0.3333333333333333,0.4787878787878787
41,30,6480,2160,11.827007778073536,0.0588641472135836,11.053285691178877,0.1345712780179694,-0.1001924109006573,10.628914513411344,0.1316079942932189,100,0.3,6,0.7,0.6,0.5,2.0,10.0,2,0.6666666666666666,-0.2328100985898594
7,30,6480,2159,11.818939826753404,-1.8961815873907995e-05,11.733864258660208,0.1386619436732608,-1.244099625297146e-05,16.706342140045802,0.1838252431803131,350,0.3,6,0.7,0.8,0.5,2.0,10.0,3,0.0,0.0
72,30,6479,2160,10.846550679319114,0.8870643391162627,2.591756121841584,0.0447558749991675,-0.6187288892261709,11.00954065601031,0.1234149934298381,100,0.05,10,0.9,0.6,0.5,2.0,0.0,2,0.0,-0.2363636363636363
87,30,6480,2160,10.20488759254232,0.6420007485558656,4.397434951990935,0.0795802400586335,-0.1103351275751998,13.533122593650113,0.1574188214363712,100,0.05,6,0.7,0.6,0.5,2.0,0.0,2,0.0,-0.4424242424242424
46,30,6480,2160,9.828294902848608,0.968844447765938,0.832597168753431,0.0219784428191028,-0.1607317172420448,11.491909020763858,0.1379189067308159,100,0.05,10,0.7,0.8,0.0,1.0,0.0,2,0.3333333333333333,0.2249250511616239
86,30,6480,2160,10.34437806636647,0.9245561286686272,1.6744061031152877,0.0365454084742985,0.0813476060456495,10.23629561578786,0.1272585334083477,700,0.02,10,0.9,0.6,0.5,1.0,0.0,1,0.3333333333333333,0.406060606060606
81,30,6480,2160,10.121803390744292,0.7585649336792423,4.261253687783523,0.0633995394048871,0.0143497090055368,11.752484878080864,0.1407983726617623,100,0.02,10,0.7,0.6,0.0,1.0,0.0,3,0.3333333333333333,0.1757575757575757
27,30,6480,2160,11.33001196955457,0.1196906181018245,10.538638344164248,0.1245913079711625,0.0238204455417473,9.278026649687025,0.1130559469376071,350,0.1,6,0.9,0.6,0.5,0.5,10.0,2,0.3333333333333333,0.3418817293789138
33,30,6480,2160,11.65179156197442,-6.575820021836877e-08,11.556090089774424,0.1418655251581822,-0.1054025520086823,9.099327921690763,0.1053643247858896,100,0.02,6,0.7,0.8,0.0,1.0,10.0,1,0.0,0.0
58,30,6480,2160,10.576591146595684,0.9376440372867744,1.612521213291861,0.031310795070885,-0.1398547511071961,9.0682909280724,0.116592715461758,700,0.02,6,0.7,0.6,0.0,1.0,0.0,1,0.3333333333333333,-0.2613993837824278
22,30,6480,2160,11.352450796211206,0.7318722164604659,3.8616980528894143,0.0747776826898438,-0.042643509121129,11.01817884525767,0.1321337076303766,700,0.02,6,0.9,0.6,0.5,1.0,0.0,2,0.3333333333333333,0.0545454545454545
75,30,6479,2160,11.539292658303063,0.8317389360371049,2.889184610194438,0.0586920488492789,-0.119583990800909,11.744437830315697,0.1409117365973152,350,0.02,10,0.7,0.8,0.5,2.0,0.0,2,0.3333333333333333,0.3454545454545454
2,30,6480,2160,9.145550630850384,0.9609968065320804,1.1195542043365283,0.0241083987691013,0.0275715364589663,10.769750168411822,0.1405537538647076,350,0.1,6,0.7,0.6,0.0,0.5,0.0,1,0.0,-0.2363636363636363
66,30,6480,2160,11.646083042040283,0.9606150378421432,1.1602098053176435,0.0258692923970735,-0.2317962497437342,10.059710330808604,0.135119221404966,700,0.02,10,0.9,0.8,0.5,1.0,0.0,1,0.0,0.0303030303030303
36,30,6479,2160,9.260098752931226,0.8819946953021276,2.046563454583625,0.0415623878851672,0.033818657143398,12.35500304299372,0.1529524817382134,700,0.02,10,0.7,0.6,0.5,1.0,0.0,3,0.3333333333333333,0.3333333333333332
40,30,6480,2160,10.214217312115212,0.812524046060785,3.071955118056928,0.0588202422057565,-0.1044186634851813,10.106353563423507,0.1339044782877994,350,0.02,6,0.7,0.8,0.5,0.5,0.0,1,0.3333333333333333,0.2727272727272727
53,30,6480,2160,9.498209933800462,0.6874631419892668,4.186179416010524,0.0757746408514065,0.0861331138432036,11.243969491896806,0.1335959571335215,350,0.02,6,0.7,0.6,0.5,0.5,0.0,1,0.3333333333333333,0.1636363636363636
18,30,6480,2160,10.322670417008576,-3.494492120115211e-07,10.160891077135815,0.1271383527485695,-0.0066762787724043,11.667387874921165,0.1395400465892413,100,0.02,10,0.7,0.6,0.5,0.5,10.0,3,0.0,0.0
78,30,6480,2160,10.575076841207936,0.8480556098255522,2.098766954262729,0.0514489649411265,0.0108028778506971,8.982093109024895,0.1215806652389596,350,0.1,10,0.7,0.6,0.5,1.0,0.0,1,0.3333333333333333,0.3575757575757575
60,30,6480,2160,11.883910565891384,0.8017025723959802,3.263741244146842,0.0634900570952127,0.2499273347592897,8.25499930275811,0.106308302216006,100,0.1,6,0.7,0.6,0.0,0.5,0.0,2,0.6666666666666666,0.3212121212121211
9,30,6480,2160,11.859903617317292,-5.962842712925465e-07,11.76177223040734,0.1397184800889486,-0.023141682911443,11.295178178151447,0.1339641226515282,100,0.05,10,0.7,0.6,0.5,1.0,10.0,1,0.0,0.0
77,30,6480,2160,11.585602422996804,0.0599391975573831,10.660003986358644,0.1289809791440462,-0.0381192700432015,9.752830779464158,0.1142486614535101,700,0.3,6,0.7,0.8,0.0,0.5,10.0,2,0.0,0.5222329678670935
65,30,6479,2160,12.825025349341775,0.7182673684439299,5.7665530553550735,0.0833232555906645,-1.3015703105279983,10.774133437033052,0.1355049280488779,100,0.02,10,0.9,0.8,0.5,1.0,0.0,2,0.6666666666666666,0.2484848484848484
26,30,6480,2160,10.086710826364104,0.8562210002358991,2.6495679890079047,0.0527435354821985,-0.0346364040312781,12.345013738533964,0.1506805735527507,350,0.1,6,0.9,0.6,0.5,1.0,0.0,2,0.3333333333333333,0.3212121212121211
97,30,6480,2160,11.25437980019752,0.8227381852751456,2.8352118650060376,0.0593834145821413,0.2447329953710499,12.030331140712455,0.1420064911449108,700,0.02,6,0.7,0.8,0.5,1.0,0.0,2,0.6666666666666666,0.6848484848484848
76,30,6480,2160,11.20134805885362,0.8433627277089738,2.488174700732214,0.0543455284746963,0.1294696940837784,8.480511795812182,0.1099696443406926,350,0.05,6,0.9,0.6,0.5,2.0,0.0,2,0.6666666666666666,0.4133757697024439
73,30,6480,2160,12.482318979957958,0.1833515588666912,11.1793402728328,0.1325049271092156,0.0564719899309027,10.701792904182716,0.1265372221261248,700,0.3,10,0.9,0.8,0.0,1.0,10.0,1,0.6666666666666666,0.3120938919661796
37,30,6480,2160,13.00749071860019,0.7413709719246191,5.205482530196508,0.0764587014930299,0.0518186487922049,11.30626472844018,0.1305173412938671,100,0.02,10,0.7,0.6,0.5,0.5,0.0,3,0.6666666666666666,0.4303030303030302
59,30,6479,2160,13.700317217114748,0.6355863063521696,6.996126689416314,0.0983987963987088,0.307017151708718,10.233875583542718,0.125612807541587,100,0.02,6,0.9,0.8,0.0,0.5,0.0,2,1.0,0.5393939393939393
69,30,6480,2160,9.778506026764711,0.8654934146465159,2.004465846957274,0.0476415428707073,-0.081702418716326,10.556371484420918,0.1371557954991007,700,0.02,10,0.7,0.8,0.5,0.5,0.0,3,0.0,-0.3212121212121211
94,30,6480,2160,10.217510696163885,0.2151347505422383,10.04991953384729,0.1235200897617394,0.0023332962287628,10.764177026042232,0.1346483628322252,350,0.3,6,0.9,0.6,0.0,1.0,10.0,2,0.3333333333333333,-0.0379868588198793
10,30,6480,2160,9.343753387685174,0.9295103674501188,1.3666964647925552,0.0350572626560785,0.3280812596894819,8.66075622552523,0.107616707777678,700,0.05,6,0.9,0.8,0.5,0.5,0.0,1,0.6666666666666666,0.406060606060606
55,30,6480,2160,11.00138145107546,0.8779555276266096,2.3992842608979994,0.0505384177472572,-0.3778722036193003,12.026953822948316,0.148352769218634,700,0.02,6,0.9,0.6,0.5,2.0,0.0,3,0.0,-0.2363636363636363
80,30,6480,2160,12.623357808972582,-8.05446243035135e-09,12.40462934023068,0.1483207679708416,-0.3426899117336734,12.30901724073622,0.138080879968714,350,0.02,6,0.7,0.8,0.0,0.5,10.0,3,0.0,0.0
85,30,6480,2160,11.704059152323522,0.7823001460199845,4.20999943687592,0.0646311037806535,-0.3885146324385482,9.019030556590469,0.1072722454496289,100,0.02,10,0.7,0.6,0.5,1.0,0.0,3,0.6666666666666666,0.0607905543680064
92,30,6480,2160,11.62389247569037,0.8376599823000803,2.7998906765012204,0.0551130532611006,-0.4698854048033434,11.895868826817583,0.1465265325750001,350,0.02,6,0.7,0.8,0.5,2.0,0.0,3,0.6666666666666666,0.8303030303030302
56,30,6480,2160,11.681778370509914,0.85633598231891,2.311811676603095,0.0541396025827271,0.2510569121643129,9.37521362642447,0.1206182171836533,700,0.02,10,0.9,0.8,0.5,0.5,0.0,2,0.6666666666666666,0.5878787878787878
83,30,6480,2160,11.897070814768473,0.013938873672554,11.254480398790337,0.1363202639530144,-0.0935889377042551,12.756062938548904,0.1528781637564647,100,0.02,10,0.7,0.6,0.0,2.0,10.0,1,0.6666666666666666,0.5685352436149612
84,30,6480,2160,11.016571877273144,0.8913692672215572,1.96162530012723,0.0450759569621767,0.0443671869062478,11.40332339880643,0.139601244736965,700,0.1,6,0.7,0.6,0.5,0.5,0.0,2,0.0,0.0787878787878787
79,30,6479,2160,11.757229786507605,-2.772488929547734e-07,11.657824898325453,0.1358797696611135,-0.0141150148714337,10.879239039597689,0.1266775879985728,100,0.02,10,0.7,0.6,0.5,0.5,10.0,2,0.0,0.0
98,30,6480,2160,11.152333514808138,0.7650528951778202,3.530703126840369,0.0701006181700151,-0.1447702053210833,12.98486980833389,0.1526445174377729,350,0.02,10,0.9,0.6,0.5,1.0,0.0,2,0.3333333333333333,0.2121212121212121
67,30,6480,2160,11.857985120641043,0.877988906771318,2.2418421121283125,0.0515640169798513,-0.9515652030435732,9.79607771328202,0.1204725826800665,700,0.1,6,0.9,0.8,0.5,1.0,0.0,2,0.0,-0.4909090909090908
61,30,6480,2160,12.25822714165405,0.8065274530173163,3.237295945500208,0.0623901459993363,0.2213001594163406,9.920076515100622,0.125286141985314,350,0.05,6,0.9,0.6,0.5,0.5,0.0,1,0.3333333333333333,0.5515151515151515
19,30,6480,2160,12.741923941116273,0.8948387836843906,2.1489867621702774,0.0483597738693765,0.0302267220365572,8.50788722720411,0.1109321297470706,700,0.1,10,0.9,0.8,0.5,0.5,0.0,1,0.3333333333333333,0.0787878787878787
20,30,6480,2160,10.55886670621825,0.8525641644981891,3.155627247426245,0.0468180219562593,-0.1463423979433413,12.05136382544482,0.1384778428472031,100,0.02,10,0.9,0.6,0.0,2.0,0.0,2,0.0,-0.3696969696969697
99,30,6480,2160,11.274735639360216,0.1180848117962193,10.189598508175507,0.1258965805559038,0.0176561584437013,9.07905766027945,0.1146694799333477,350,0.3,6,0.9,0.6,0.5,0.5,10.0,3,0.6666666666666666,0.0778498944161523
89,30,6480,2160,12.811886603894797,0.8804621575990161,2.801914919669105,0.0560963287836876,-0.108346238970826,11.531741298922784,0.1401297906098025,350,0.02,10,0.7,0.8,0.5,1.0,0.0,2,0.6666666666666666,0.1515151515151515
45,30,6480,2160,12.4682109768008,-9.47070836643249e-06,12.355935049057006,0.1470911883880502,-7.868241197717118e-05,11.55563810913651,0.1363017185137328,350,0.1,6,0.7,0.8,0.0,1.0,10.0,3,0.0,0.0
63,30,6480,2160,9.60857668164014,0.9682173283569366,0.9966054459035872,0.0241014908701212,0.0725710017370127,8.519450619849895,0.105627621404168,700,0.3,10,0.7,0.6,0.5,1.0,0.0,1,0.6666666666666666,0.7454545454545454
35,30,6480,2160,8.970893152140679,0.9044151638977088,1.9389096071015697,0.0440894625113085,-0.7685722928886096,13.318759651382765,0.1658201360533597,100,0.3,6,0.9,0.8,0.5,2.0,0.0,1,0.3333333333333333,0.3696969696969697
68,30,6480,2160,10.569503593076892,0.806004679190037,3.7814763036701415,0.0627958109245368,-0.3894086132995014,11.601007790742097,0.1344375468017022,100,0.02,10,0.7,0.8,0.0,1.0,0.0,3,0.3333333333333333,-0.0787878787878787
30,30,6480,2159,10.970597208326245,0.936919408362154,1.5865185771422892,0.03324474575592,-0.0866959466931391,14.336655743048114,0.1774970474667881,350,0.02,10,0.9,0.6,0.5,1.0,0.0,2,0.3333333333333333,0.1757575757575757
14,30,6480,2160,11.1272311576649,0.7412290832913979,3.731670571765309,0.0699440035475467,-0.0296593967372116,8.319387093694122,0.1029404335458865,350,0.02,6,0.7,0.6,0.5,0.5,0.0,1,0.3333333333333333,0.1151515151515151
70,30,6480,2160,10.46654666831832,0.961280016123678,1.101755303503467,0.0256807659228242,0.0177368459575917,11.443232801887724,0.1377831523089419,700,0.1,6,0.7,0.6,0.0,1.0,0.0,1,0.3333333333333333,-0.0181818181818181
93,30,6480,2160,11.655777982340918,0.8355439432052576,2.717888705263455,0.0588140330753077,-0.6219564066266972,14.722398312743064,0.1675470772170383,100,0.3,6,0.9,0.6,0.5,2.0,0.0,1,0.0,-0.6969696969696969
39,30,6480,2159,10.819785625772711,0.9322406451299976,1.461602938925031,0.0340418715417554,0.209872823102407,9.858453725785669,0.1241320483315729,700,0.3,6,0.7,0.6,0.5,2.0,0.0,3,0.6666666666666666,0.3333333333333332
96,30,6480,2159,10.38161025921228,0.9038295519175716,1.6009682979264277,0.0400245296775125,-0.2950038561128949,14.31525610217677,0.1621709388908523,100,0.3,10,0.7,0.6,0.5,1.0,0.0,3,0.6666666666666666,0.2969696969696969
47,30,6480,2160,12.07142177414747,0.9277391681067476,1.4821379674151958,0.0374343698663301,-0.7088065723647259,11.04263288124844,0.140192505343466,700,0.02,10,0.9,0.6,0.5,0.5,0.0,3,0.6666666666666666,0.6606060606060605
91,30,6479,2160,10.15879053282615,0.7320274918187293,4.423776782179048,0.0682377928836526,0.0100453288230825,8.470263363873517,0.1076538608478881,100,0.02,10,0.7,0.8,0.5,0.5,0.0,2,0.3333333333333333,0.3696969696969697
23,30,6479,2160,11.544929313849618,0.8617248575422045,2.672190725836637,0.0519763909706938,0.0194919112596415,9.894130435608051,0.1197702778328902,100,0.1,6,0.7,0.6,0.0,1.0,0.0,3,0.6666666666666666,0.1757575757575757
1,30,6480,2160,12.52300882903146,0.8480857214814568,3.037771129609376,0.0605763475925279,0.0842447242804322,10.934399075375664,0.1456013806556857,350,0.02,6,0.7,0.8,0.0,0.5,0.0,1,0.3333333333333333,0.7454545454545454
95,30,6480,2160,11.293606945026069,0.6476823925813993,5.789597354752045,0.0824555247629106,-0.1220224996168612,13.576226948543832,0.1592234741798054,100,0.02,10,0.7,0.6,0.5,2.0,0.0,1,0.0,-0.1393939393939393
42,30,6480,2160,12.865551097908137,0.7575704090502356,4.289359456205189,0.0773985188511827,0.1833760931625769,9.958388508867335,0.1212441974798018,100,0.05,10,0.7,0.6,0.5,1.0,0.0,2,0.3333333333333333,0.4181818181818181
90,30,6480,2160,11.996786682289326,0.879469377475497,2.323663797703813,0.0539940443640346,-0.7190129270737298,11.799147903168643,0.1418926609106453,350,0.05,10,0.7,0.8,0.5,0.5,0.0,3,0.3333333333333333,0.406060606060606
3,20,4320,2160,10.271267997065076,0.949135865523246,1.2436307589421738,0.0287120713908908,0.2283375029820855,9.854345637471589,0.1223408523265181,350,0.1,10,0.9,0.6,0.5,1.0,0.0,1,0.6666666666666666,0.5757575757575757
2,20,4320,2160,7.8385697908092435,0.9173677864603036,1.736055954861696,0.030816446768974,-0.1879226347223173,11.682169926210689,0.1553487262260202,100,0.05,6,0.9,0.6,0.0,0.5,0.0,1,0.0,-0.2727272727272727
5,20,4320,2160,10.471437821586925,0.9159804315914838,1.8245892578199143,0.0426954065999254,0.0067357074156694,12.768451708687676,0.1583606892940569,350,0.05,10,0.9,0.8,0.5,1.0,0.0,3,0.3333333333333333,0.3212121212121211
11,20,4320,2160,13.51568076080746,0.0473967106140255,12.43890520201789,0.145414462005386,-1.0997746618316424,13.167496041898374,0.1464160696053002,100,0.02,6,0.7,0.8,0.5,2.0,10.0,2,0.6666666666666666,0.5475598112357867
8,20,4320,2160,10.72141226577538,0.7782870731795601,3.345032009522062,0.0671372376030139,-0.1967464755652883,11.705581198047708,0.1534934568504261,100,0.1,6,0.7,0.6,0.5,0.5,0.0,3,0.3333333333333333,0.7212121212121211
15,20,4320,2160,6.974095501524429,0.9499891700117558,1.173557173855747,0.022690577948564,-0.5169427177681098,16.001198097401193,0.1879743817938215,700,0.1,10,0.9,0.6,0.5,0.5,0.0,1,0.6666666666666666,-0.0666666666666666
10,20,4320,2160,9.750566410510627,0.8852738485721516,1.8770409741611391,0.0402929537883991,0.2456350647730338,9.122621999846563,0.1140281481869583,350,0.02,10,0.7,0.6,0.5,2.0,0.0,1,0.6666666666666666,0.8181818181818182
6,20,4320,2160,12.288556635114883,-1.2938880706858669e-06,12.14732147110833,0.1417626042175389,-0.0411209397012983,12.658247902481646,0.1523401797276748,350,0.02,6,0.7,0.8,0.0,2.0,10.0,1,0.0,0.0
0,20,4320,2160,8.412810697930832,0.8283011292112816,2.304957903130325,0.0514351442067669,0.0728488247174973,7.959697562020135,0.1016943093784137,350,0.05,6,0.7,0.8,0.5,1.0,0.0,3,0.6666666666666666,0.1757575757575757
27,20,4320,2160,11.275948729161865,0.1676390804212432,10.460752593852854,0.1240931013424726,0.0092605493662268,9.5949094804128,0.1138959513646266,350,0.3,10,0.9,0.6,0.0,2.0,10.0,1,0.0,0.0908248768188443
25,20,4320,2160,11.254737129906813,0.759724211611509,3.261331812135484,0.0618637404517734,-0.3643709258491954,13.30135739463347,0.1692865544978388,350,0.02,6,0.7,0.6,0.5,1.0,0.0,3,0.0,-0.2727272727272727
4,20,4320,2159,10.676514258737916,-1.5111936377820712e-06,10.525404159404614,0.1277944435222396,-0.0209754161098973,12.548587128717406,0.1457256114969257,700,0.1,6,0.9,0.8,0.5,0.5,10.0,3,0.0,0.0
9,20,4320,2160,11.55934585535968,-6.42226147817837e-08,11.550649660075152,0.1388865781905335,-0.0810828763835305,11.807261170281304,0.1377051267487243,700,0.1,6,0.7,0.8,0.0,0.5,10.0,2,0.0,0.0
18,20,4320,2160,11.19522644219575,-5.248155340087379e-06,10.924402799959536,0.1339920222535906,-0.0019833407440865,11.755535807432953,0.1392144117304299,700,0.3,6,0.7,0.6,0.0,2.0,10.0,2,0.0,0.0
13,20,4320,2160,10.45258958560449,0.8616386730254719,2.143073131552255,0.0496584597164272,0.0365663061003104,8.0232707534896,0.0993720993803244,700,0.02,6,0.7,0.6,0.5,2.0,0.0,2,0.3333333333333333,-0.2848484848484848
36,20,4319,2160,9.07262172469499,-3.917615910342676e-06,8.9117525182849,0.1076770604274431,-0.4473129357715737,14.832312032911512,0.1872011129841227,350,0.3,10,0.7,0.6,0.0,1.0,10.0,3,0.0,0.0
7,20,4320,2159,12.53325359362143,-4.932378106836666e-06,11.988727946634643,0.1395472245720893,-0.0007000995712358,16.67920212650697,0.1838884360346067,100,0.05,10,0.7,0.6,0.5,2.0,10.0,1,0.0,0.0
32,20,4320,2160,10.751428241982229,0.9335571566509008,1.516947776548698,0.0381973355254301,-0.1780256964188156,10.634043288432682,0.137580369135543,700,0.1,10,0.7,0.8,0.5,1.0,0.0,1,0.3333333333333333,-0.2121212121212121
28,20,4320,2160,10.912505041405009,0.1144125494596631,10.317030310984013,0.1254762901158398,-0.1364218325458384,11.145036923797043,0.1335968967606798,100,0.1,6,0.9,0.8,0.5,2.0,10.0,2,0.3333333333333333,-0.3418817293789138
20,20,4320,2160,8.66309708479378,0.9619224309101748,1.047278817853291,0.020866116233893,-0.2494495591090013,12.836112851853724,0.1445714297695195,700,0.1,6,0.9,0.8,0.5,2.0,0.0,2,0.3333333333333333,-0.0909090909090908
21,20,4320,2160,11.936451935150004,0.2841831628448464,10.368779857600176,0.1219224740243676,-0.4343846257587291,13.49892430058232,0.1541260895587799,700,0.3,6,0.7,0.8,0.5,2.0,10.0,1,0.3333333333333333,-0.0721175819511271
35,20,4320,2160,11.157608364886707,0.9328094577676382,1.4567123967638518,0.0367954173437374,-0.2565264148117741,11.211924110651015,0.1397692613706746,350,0.02,10,0.7,0.6,0.0,2.0,0.0,2,0.3333333333333333,0.2121212121212121
30,20,4320,2159,11.396504767559192,0.2840961627415053,9.473634077884531,0.1172872298823093,0.0285678984388987,14.100365983981566,0.1678198525377646,700,0.3,6,0.9,0.6,0.0,0.5,10.0,3,0.6666666666666666,0.5000432881694244
62,20,4320,2160,12.50460099944362,0.1032434175140177,11.138199727270338,0.1326062643474959,-0.0016993079232265,10.18197744793362,0.1187342833648692,100,0.05,6,0.9,0.6,0.0,2.0,10.0,2,0.0,-0.0062937909337446
39,20,4320,2159,7.886194472103208,0.974555124435906,1.0164647667980926,0.0196103081492382,-0.1699128234082858,11.935435704425178,0.1510470238392992,700,0.3,10,0.9,0.8,0.5,1.0,0.0,3,0.3333333333333333,0.1636363636363636
14,20,4320,2160,8.393189393414392,0.8282691046791506,2.927627043307379,0.0544918052755364,-0.1719709855772004,8.677699117219007,0.1098240940420285,100,0.05,6,0.7,0.8,0.5,0.5,0.0,1,0.3333333333333333,0.2242424242424242
31,20,4319,2160,10.705618266823272,0.8482410471074286,2.4053705982238567,0.0510959701454059,-0.0980783349644278,11.742973045485993,0.1382628155592403,350,0.05,6,0.7,0.6,0.5,1.0,0.0,1,0.3333333333333333,0.0666666666666666
24,20,4320,2160,11.317729071511163,0.9998640509179996,0.1067222435541629,0.0015864395620445,-0.5657477927205856,14.484502764501505,0.1692599248060626,350,0.3,10,0.9,0.8,0.0,1.0,0.0,2,0.0,-0.2969696969696969
43,20,4319,2160,11.504973798282135,0.0079141882971931,11.0914031829622,0.1275727418799428,0.0032425545041776,12.08344240753739,0.1437468430638795,100,0.02,6,0.7,0.6,0.5,0.5,10.0,2,0.0,0.6092717958449424
34,20,4320,2160,10.988401654114329,0.943865233940082,1.4910969457390428,0.0311110178309293,-0.3798023331101749,11.867949853340784,0.148611691653984,350,0.05,10,0.7,0.8,0.5,0.5,0.0,2,0.3333333333333333,-0.2242424242424242
1,20,4320,2160,13.426607975076744,0.1600362182359495,11.590283921029831,0.1373497462315784,0.0352480086353469,12.433844361481842,0.1494457676981589,100,0.02,10,0.7,0.8,0.5,1.0,10.0,1,0.6666666666666666,0.7564136541348365
49,20,4320,2160,10.60210331020532,0.9537286538802944,1.1049915924617215,0.027885269793112,0.2303816784329222,9.870640678957654,0.131510309170394,100,0.1,10,0.9,0.6,0.0,2.0,0.0,3,0.3333333333333333,0.7818181818181817
12,20,4319,2160,13.594236007496493,0.8371275750010835,2.9598231384042903,0.0644686622978609,-0.0694627902960567,10.428722777808153,0.1266984631038612,350,0.1,10,0.7,0.6,0.5,2.0,0.0,1,0.6666666666666666,0.7212121212121211
19,20,4320,2160,13.403286684619056,0.2133964885692992,11.509956560576402,0.1341869852374039,0.1325566977722991,8.788322886714228,0.104916258256222,100,0.3,10,0.9,0.6,0.0,2.0,10.0,3,0.6666666666666666,0.7309879850882874
38,20,4319,2160,10.389730678320516,0.0083121366353516,10.0636759640746,0.1215048608495562,-0.0724492707269892,12.3968154140755,0.1437779135592503,350,0.02,6,0.7,0.6,0.0,2.0,10.0,3,0.0,0.0
51,20,4320,2159,11.018280537746572,0.1990095038424044,10.145983975728353,0.1224915548742944,-0.0969488414636963,9.173606640743737,0.1085408954612085,700,0.3,10,0.9,0.8,0.5,1.0,10.0,3,0.0,0.0
66,20,4320,2160,12.22315855662028,0.046396984792371,11.16941947442514,0.1295090952899659,-0.0566196574271717,10.317773220980609,0.1251431372733233,350,0.02,10,0.7,0.8,0.5,1.0,10.0,1,0.0,0.0
54,20,4320,2160,8.164406397993918,0.8183911435923333,2.563069442040244,0.054932925100084,-0.3057422722843328,7.978944087481058,0.1064982975517686,350,0.05,6,0.7,0.6,0.5,0.5,0.0,3,1.0,0.709090909090909
71,20,4320,2160,8.61853596498569,0.8508050944039238,2.519390638967355,0.0533907399692458,-0.1598982565081139,13.84722562416836,0.1605214229863671,100,0.05,10,0.7,0.8,0.5,1.0,0.0,2,0.3333333333333333,-0.1272727272727272
16,20,4320,2160,10.194386832846536,0.8940339977307652,1.8828447466184968,0.0408079804134019,0.1472754998687502,9.01012827210956,0.1165189825889015,350,0.02,6,0.7,0.6,0.0,1.0,0.0,1,0.3333333333333333,0.4545454545454545
41,20,4320,2160,12.671641744331078,-4.4595418424719924e-07,12.342725339465671,0.143830287615104,-0.0443852729905767,10.20977850207576,0.1282266563357522,100,0.02,10,0.7,0.6,0.5,1.0,10.0,1,0.0,0.0
44,20,4320,2160,9.736106040797852,0.8339387670563513,2.7491522282490477,0.0514380565267481,0.1160612100736852,10.11403280178706,0.1306382678594275,350,0.02,6,0.7,0.6,0.5,2.0,0.0,2,0.3333333333333333,0.4545454545454545
52,20,4320,2160,12.028501658925304,0.7255564569924251,5.426642578862332,0.0748886270464733,0.0766634501441416,12.413367865527118,0.1480321571362231,100,0.02,6,0.9,0.6,0.5,1.0,0.0,1,0.3333333333333333,0.3333333333333332
65,20,4320,2160,13.38813540088358,0.8007261151948614,3.821313057898197,0.0697999822431085,-0.9001380143421673,9.631867573923534,0.123121965501317,700,0.02,6,0.7,0.6,0.0,2.0,0.0,2,0.6666666666666666,0.5515151515151515
23,20,4319,2160,13.19236156919528,0.799777948162267,3.55514630989227,0.065699718617054,0.0255546422822842,9.546559554912426,0.119399418611827,350,0.02,6,0.7,0.6,0.5,1.0,0.0,3,0.3333333333333333,0.0909090909090908
33,20,4320,2160,10.394356531920256,0.7621361741344889,3.79795372971782,0.0631388135348304,-0.0513394058998006,8.615070550000226,0.1027554412017756,100,0.02,10,0.9,0.6,0.0,1.0,0.0,2,0.0,0.0181818181818181
47,20,4320,2160,13.729925629474495,0.3178995060802386,9.58368681218889,0.1163805777449731,-0.2970491001838722,10.109244006828026,0.1221396166247254,700,0.3,6,0.7,0.6,0.0,2.0,10.0,2,0.3333333333333333,0.4411494016915296
22,20,4320,2160,12.603893298396358,0.7186694739107453,4.395035272274528,0.0811659747465413,-0.1620590850440024,11.643675593314349,0.1394953736634506,100,0.05,10,0.9,0.6,0.5,0.5,0.0,3,0.3333333333333333,-0.0909090909090908
67,20,4320,2160,12.827717282860368,0.0290616836458128,12.36952578473974,0.1460784081584041,-0.6705247096290115,9.57593551211887,0.1114610525314146,350,0.02,6,0.7,0.8,0.0,0.5,10.0,1,0.3333333333333333,0.3481553119113957
50,20,4320,2160,10.252538193949947,0.864692399562578,2.2444702086093216,0.0502438161227335,-0.3792352769942035,10.894233582328868,0.1382557989864725,700,0.1,6,0.7,0.6,0.5,2.0,0.0,2,0.3333333333333333,0.3454545454545454
46,20,4320,2160,11.384052474255911,0.9523369682928704,1.0991235106440984,0.0293503095459096,-0.1048073919667214,11.217106836349876,0.1345554105415862,100,0.05,10,0.7,0.8,0.0,1.0,0.0,2,0.3333333333333333,0.2796365500928297
87,20,4320,2160,9.374393715692891,0.7508137447218894,3.065320273196256,0.0585206239383635,-0.1267914753834285,13.529980019904947,0.1585810879703022,100,0.05,6,0.7,0.6,0.5,2.0,0.0,2,0.3333333333333333,0.1878787878787878
37,20,4320,2160,9.507911637624105,0.9699765113909864,0.7576491958854065,0.021819904529145,-0.2179249783497863,12.686341279971378,0.1479220041970353,350,0.05,10,0.9,0.6,0.0,0.5,0.0,3,0.3333333333333333,-0.2606060606060606
40,20,4320,2160,9.982026751024854,0.8051059754685561,3.211348833735446,0.0641476707588983,-0.1074971473195589,10.29484331704952,0.1340909727418772,350,0.02,6,0.7,0.8,0.5,0.5,0.0,1,0.3333333333333333,0.3333333333333332
53,20,4320,2160,11.6769482791203,0.6204023574186808,5.272832089684197,0.0882456731804279,0.0465446333153903,11.670290599531596,0.1364589512036697,100,0.05,6,0.7,0.8,0.5,1.0,0.0,1,0.6666666666666666,0.1636363636363636
57,20,4319,2160,12.412533410987468,-4.1660331873139e-07,12.043592610130652,0.1418874387168988,-0.0151982669662142,9.747683551929615,0.1167773787561995,100,0.1,10,0.7,0.8,0.0,2.0,10.0,2,0.0,0.0
90,20,4320,2160,13.486517845259774,0.0378457715703343,12.551568653495226,0.1466512792040906,-0.3918697164632601,11.084631063673232,0.1276790535439083,700,0.02,10,0.9,0.8,0.0,0.5,10.0,3,0.0,-0.1167748416242284
93,20,4320,2160,11.851592400162309,0.0986725413678693,10.547233958067718,0.1293576528766412,0.0141401003885917,11.06917552947998,0.1306245683501293,700,0.3,6,0.9,0.6,0.5,0.5,10.0,1,0.3333333333333333,0.5222329678670935
55,20,4320,2160,10.38114299732226,0.8998000905014687,1.9630957622544976,0.0433536335040806,-0.6254329867773412,14.551437119885726,0.1611297460124482,700,0.02,6,0.9,0.6,0.5,2.0,0.0,3,0.0,-0.6121212121212121
61,20,4320,2160,12.028943164657663,0.6811405626447911,5.760894087530949,0.0804308221879409,0.17466314022543,10.519299016352054,0.1289833385008164,100,0.02,6,0.9,0.6,0.5,0.5,0.0,3,0.6666666666666666,0.6727272727272726
75,20,4319,2160,9.826800414049943,0.7894350482655113,3.362296203221772,0.0631738700769052,-0.1527984123682582,12.115449131550614,0.1429866568667722,350,0.02,10,0.7,0.8,0.5,2.0,0.0,2,0.3333333333333333,0.309090909090909
56,20,4320,2160,10.73553079628282,0.8995769511008415,1.5257982164452335,0.0433088615935215,0.2346136131043955,9.586541699745036,0.1219351349828799,350,0.02,10,0.7,0.6,0.0,0.5,0.0,2,0.3333333333333333,0.3575757575757575
82,20,4320,2160,12.943048664022376,-2.0973081560349274e-07,12.031853558575666,0.1406277907672562,-0.0116231741844126,10.772864665278684,0.1277011423208546,100,0.02,6,0.7,0.6,0.0,2.0,10.0,2,0.0,0.0
69,20,4320,2160,9.348293037480778,0.747831456662492,4.02727826140545,0.0584534833579968,-0.1050588486193571,11.214092747900224,0.1386286411353829,100,0.02,6,0.7,0.6,0.0,1.0,0.0,1,0.0,-0.5515151515151515
85,20,4320,2160,12.098700073195827,0.8352638465266494,3.151636252456638,0.0589865337528102,-0.045683052124978,7.727596699794133,0.0930919603179066,100,0.05,6,0.9,0.6,0.0,1.0,0.0,1,0.3333333333333333,0.395138603392042
76,20,4320,2160,12.785922726878413,0.0277661942544688,11.445795022999798,0.1350691919341564,-0.030251700018655,9.43328227184437,0.1196334268093263,350,0.02,10,0.7,0.8,0.0,2.0,10.0,1,0.6666666666666666,0.0873037869711972
78,20,4320,2160,9.442938152336414,0.75922848562579,3.0743535956998214,0.0681761996432163,0.1802682759528633,8.588347593325155,0.1106774041728999,350,0.05,6,0.7,0.8,0.5,0.5,0.0,1,0.6666666666666666,0.3696969696969697
88,20,4320,2160,11.864142698182,-6.029292420883793e-08,11.062573483078568,0.1322708595082696,-0.0160253882097107,12.101927466215912,0.1452401387025362,100,0.02,10,0.9,0.6,0.0,0.5,10.0,1,0.0,0.0
77,20,4320,2160,11.967875554473313,-6.032341293149557e-10,11.741308055100616,0.1408345256411703,-0.0271281787261554,9.832068689840812,0.1136422480346659,350,0.02,6,0.7,0.6,0.5,1.0,10.0,2,0.0,0.0
17,20,4320,2160,10.890230871836344,-9.22813972792369e-07,10.882820307413738,0.1306176196182051,-0.0500970823313757,11.673058141072593,0.1427246612770376,700,0.1,6,0.9,0.6,0.5,2.0,10.0,2,0.0,0.0
89,20,4320,2160,13.558547301027511,0.2077917022742923,11.996819769894635,0.1440110120108271,-0.0302217986592336,11.109617653776098,0.1351008603143888,100,0.3,6,0.9,0.6,0.0,2.0,10.0,3,0.3333333333333333,-0.3677458160699932
80,20,4320,2160,11.878549751584178,0.7996800411275687,3.101116639496093,0.06543428864152,-0.6109408767127111,12.282193515918872,0.151246552425306,700,0.02,10,0.7,0.8,0.5,0.5,0.0,2,0.3333333333333333,-0.1999999999999999
94,20,4320,2160,11.606109401208382,0.272035350233977,10.246916674861202,0.1238414915856637,-0.0200757011039309,10.947612924222591,0.1361521611711941,100,0.3,10,0.9,0.8,0.0,2.0,10.0,2,0.3333333333333333,-0.0263180677983907
42,20,4320,2160,13.23267873764038,0.0124020755391943,12.107084460788304,0.142734607295849,-0.047459552485678,11.809827170548616,0.1373151795785582,100,0.02,10,0.7,0.6,0.5,2.0,10.0,1,0.3333333333333333,0.0
64,20,4320,2160,13.587092621767962,0.0519107879597109,12.814725616949575,0.1534206144427878,0.0052836820737687,11.702799907966895,0.1382217343082767,100,0.05,10,0.7,0.6,0.0,0.5,10.0,1,0.3333333333333333,0.1443784967090606
83,20,4320,2160,13.508383486712422,0.1478170756412845,11.728657348420889,0.1412452941151497,-0.1119514567244497,12.910736966309724,0.154156314035596,700,0.3,10,0.7,0.8,0.5,1.0,10.0,1,0.6666666666666666,0.3978994603492228
73,20,4320,2160,11.801221563374554,0.0358450182702275,11.15585960670754,0.1348876263345794,0.0074496740332703,10.898413215919778,0.1297828077727805,700,0.05,10,0.7,0.8,0.0,0.5,10.0,2,0.6666666666666666,0.3120938919661796
70,20,4320,2160,10.355111234629597,-4.5634604983746385e-09,10.234977464499298,0.123291116444616,-0.0015330588506519,11.555428761023062,0.1391280936876995,100,0.02,6,0.7,0.8,0.5,1.0,10.0,2,0.0,0.0
79,20,4319,2160,12.35878536532741,-4.778429744556334e-06,11.796627884193768,0.1360489929844522,-0.0040641851574605,10.861057914451315,0.1260482780754945,350,0.1,6,0.7,0.8,0.0,2.0,10.0,1,0.0,0.0
29,20,4320,2160,12.4955829972691,0.0684834914468456,11.990252747182492,0.1390740165238613,-0.0924668848766152,11.06572407969722,0.1338509156389564,100,0.3,6,0.9,0.6,0.0,0.5,10.0,1,0.0,-0.0379868588198793
84,20,4320,2160,11.25818812833892,0.659754936545766,5.774325475725862,0.0852855028324883,0.0220886470248315,11.454190992425987,0.1412191222890936,100,0.02,6,0.7,0.8,0.5,1.0,0.0,2,0.3333333333333333,0.3212121212121211
72,20,4319,2160,11.672340230937934,0.8767440748499323,2.8776754397851687,0.0489068637586498,-0.7197526839077586,11.320864493537831,0.1272078356849995,350,0.02,6,0.9,0.6,0.5,1.0,0.0,3,0.0,-0.6484848484848483
86,20,4320,2160,11.140031325452856,0.8777516816240718,2.4317561684054847,0.0485549177321284,0.0512999025231477,10.53224546617932,0.1293230030491369,350,0.05,6,0.7,0.6,0.5,2.0,0.0,3,0.3333333333333333,0.2969696969696969
45,20,4320,2160,10.563451429252272,0.8486303370895057,2.49553243412869,0.0510996194327552,0.0353970112014189,11.102110256618923,0.1338623818158004,700,0.02,10,0.9,0.6,0.5,0.5,0.0,1,0.6666666666666666,0.2484848484848484
74,20,4320,2160,11.02282002069332,0.0632898219142314,10.210776749187046,0.1253591110074751,0.0230981619008042,10.773179275371412,0.1282614452389353,350,0.1,10,0.9,0.8,0.0,2.0,10.0,3,0.6666666666666666,0.6963106238227914
63,20,4320,2160,10.493142292466429,0.9988404391841056,0.1414926643568173,0.0041493177049999,0.0596922696938687,8.756017371658924,0.1063584912189282,700,0.05,10,0.9,0.6,0.0,1.0,0.0,2,0.3333333333333333,0.1999999999999999
48,20,4320,2160,12.192134230970234,0.9100519599345258,1.9353997293607703,0.0440294789121127,-0.0931833602736709,9.032686991175568,0.105968795810458,350,0.1,6,0.7,0.6,0.0,0.5,0.0,1,0.3333333333333333,0.309090909090909
81,20,4320,2160,10.206123906660965,0.7665658829220848,4.0914620431485,0.0615241565546538,-0.0142153155755717,11.68664025372929,0.1428240323379517,100,0.02,10,0.7,0.6,0.0,1.0,0.0,3,0.3333333333333333,0.6727272727272726
68,20,4320,2160,13.32302884057716,0.1855902300365721,11.362393830440665,0.1391097860657992,-0.2398903327508366,10.988443900567514,0.1269980996638343,350,0.3,6,0.7,0.8,0.5,2.0,10.0,3,0.6666666666666666,0.4654862107754571
96,20,4320,2159,9.805648279719884,0.1172714284755116,8.94806632898472,0.1115135645027969,-0.3491247614429538,13.561577779797284,0.1655249848876361,350,0.3,10,0.7,0.8,0.0,0.5,10.0,1,0.0,0.0
97,20,4320,2160,10.634261595551614,0.7993564637097119,3.261172815345689,0.0606201830266742,-0.0224927231863636,13.554934027768946,0.1652296768370024,350,0.02,6,0.9,0.8,0.5,0.5,0.0,3,0.3333333333333333,0.4424242424242424
91,20,4319,2160,9.478211399391636,-1.7963720742031342e-06,9.19363380139778,0.1107653688749998,-0.0140924870058616,8.902978460700423,0.1089584051553616,350,0.3,10,0.7,0.8,0.0,1.0,10.0,2,0.0,0.0
58,20,4320,2160,8.318553746938706,0.9216575418400998,1.817829096736559,0.0356866437663438,-0.1158172176231095,9.438921715330196,0.115356797173974,700,0.05,6,0.7,0.6,0.5,2.0,0.0,1,0.3333333333333333,-0.3890595479552414
60,20,4320,2160,13.0859764734904,0.1245209859779784,11.378814992021631,0.1381117637689956,-0.0262071143384863,10.438650177143238,0.1243463447828528,700,0.1,6,0.7,0.6,0.0,1.0,10.0,3,0.3333333333333333,0.2335496832484569
26,20,4320,2160,10.608809108855548,0.8692396105527697,2.4847744846389417,0.0476659781829394,-0.0396710381064693,12.1928057058873,0.1510467412738481,700,0.02,6,0.7,0.6,0.0,1.0,0.0,3,0.3333333333333333,0.0303030303030303
59,20,4319,2160,14.300878645562037,0.0658916542922313,13.613802250824362,0.1595080471249896,0.0480051168185433,12.435572588178848,0.1472278556611337,350,0.1,10,0.9,0.6,0.5,0.5,10.0,2,0.3333333333333333,0.1139605764596379
92,20,4320,2160,11.163898728931391,0.7218776086935226,5.025562701192167,0.0769270915268484,-0.616662079203141,12.87635703996376,0.1536682549542901,100,0.02,6,0.9,0.8,0.0,0.5,0.0,3,0.6666666666666666,0.7454545454545454
98,20,4320,2160,12.054971283806696,-2.5388584345975573e-08,11.877861025421709,0.1454430026189884,-9.417956388091396e-07,12.506242597368027,0.1426665818097476,100,0.02,10,0.7,0.6,0.0,0.5,10.0,2,0.0,0.0
99,20,4320,2160,11.996524358502144,-4.044587793572418e-07,11.794020272360909,0.1390706496443404,-0.0723799588686078,9.92257238458704,0.119809270536982,100,0.05,10,0.7,0.8,0.0,2.0,10.0,1,0.0,0.0
95,20,4320,2160,10.580571449873624,0.7620971122525843,3.085969395097194,0.0629627572021837,-0.0907496337257456,13.257218888953878,0.1569888654310974,100,0.1,6,0.9,0.6,0.5,1.0,0.0,2,0.6666666666666666,0.406060606060606
39,75,16200,2159,10.604291292667387,0.9144042953805622,1.59155041085943,0.0398546802551257,0.2408364250031415,9.292931067474244,0.1216754897694394,700,0.05,10,0.9,0.8,0.5,1.0,0.0,1,0.6666666666666666,0.6484848484848483
13,75,16200,2160,9.865113569092395,0.8710141075144031,2.2118620184032665,0.047901382562163,-0.0977786482998963,7.811306683171489,0.1060744868384662,700,0.3,6,0.9,0.8,0.5,1.0,0.0,1,0.3333333333333333,0.309090909090909
16,75,16199,2160,9.064830818546188,0.8835493151919004,2.089028565135837,0.0448706505189437,0.3053576793243177,7.954418329375762,0.1051654132463014,700,0.02,6,0.7,0.8,0.0,2.0,0.0,2,0.6666666666666666,0.5393939393939393
57,75,16199,2160,9.872265681043906,0.8351822680463408,2.839490046994789,0.0544600262273053,0.2799909078508197,7.762266108768957,0.0983449987415429,350,0.05,6,0.7,0.6,0.5,0.5,0.0,2,0.3333333333333333,0.4545454545454545
15,75,16199,2160,10.26254832652278,0.9177981801057208,1.6428751995919393,0.0375279486050093,-0.0499335913989578,13.27024713948921,0.156384962330707,700,0.05,10,0.7,0.8,0.5,1.0,0.0,3,0.6666666666666666,0.3818181818181818
86,75,16199,2160,10.427310568269547,0.7892074203072267,3.342255560519761,0.0642100697200619,0.2350686914819179,9.820102244659706,0.1161241443047866,350,0.05,6,0.7,0.6,0.5,2.0,0.0,3,0.6666666666666666,0.4303030303030302
77,75,16199,2160,10.92357692795604,0.8179505823237186,2.999443438426753,0.0600342857187063,0.1654192046727094,8.955699204471378,0.1024381407972976,700,0.02,6,0.9,0.6,0.5,1.0,0.0,2,0.3333333333333333,0.2121212121212121
82,75,16200,2160,9.789357456840117,0.7673249030280513,3.568180709550215,0.0659485016852834,0.3835669768046932,6.9746194394650285,0.0996846631364394,350,0.02,6,0.7,0.8,0.0,2.0,0.0,1,0.3333333333333333,0.3454545454545454
32,75,16199,2160,10.474176378197104,0.9109357834391204,1.9057438355460603,0.0439368753407151,0.2253307568162079,9.231793672619045,0.1115673827544451,700,0.1,10,0.7,0.8,0.5,1.0,0.0,1,0.6666666666666666,0.4424242424242424
85,75,16200,2160,10.266410250693928,0.8961040702508644,1.853125066625061,0.0443132390885022,-0.0279073497116053,7.252198360827235,0.0922973276471744,350,0.05,10,0.7,0.8,0.5,2.0,0.0,2,0.3333333333333333,0.1762926076672187
43,75,16199,2160,9.206604883398,0.9149297513218048,1.5766471701831493,0.0381708050469795,0.0860773547674971,11.112726841944236,0.1376443187337639,700,0.05,10,0.7,0.8,0.5,2.0,0.0,1,0.6666666666666666,0.6363636363636362
80,75,16200,2160,10.783859173777662,0.7269516109510901,4.410007879877353,0.0736834264784547,-0.286724536587253,10.384961367227412,0.1351725399484661,100,0.05,6,0.9,0.6,0.0,0.5,0.0,2,0.6666666666666666,0.6242424242424242
18,75,16200,2160,10.55535444511455,0.8098112147074551,2.956782416230341,0.0588540150443044,0.1295769326867256,10.458223544226753,0.1297535181085907,700,0.02,6,0.7,0.6,0.0,1.0,0.0,1,0.3333333333333333,0.5349568784384567
25,75,16200,2160,8.84875509163774,0.8017765052146627,3.0437624859416768,0.0582515610376701,0.3098077807779177,9.615912607025216,0.1204040976418497,350,0.02,6,0.9,0.8,0.0,1.0,0.0,2,0.6666666666666666,0.5030303030303029
8,75,16200,2160,9.334814999212451,0.8143879099094862,3.0238276186956745,0.0592012200529827,0.1138438165345704,9.73661112087744,0.1320820876309294,100,0.05,10,0.9,0.8,0.5,2.0,0.0,2,0.3333333333333333,0.7575757575757575
79,75,16199,2160,10.714705627204982,0.8288428961566381,2.805226710814701,0.056046760374608,0.5504483737405155,6.84752979737741,0.0843424020987616,700,0.02,6,0.7,0.6,0.5,0.5,0.0,1,0.6666666666666666,0.8424242424242423
87,75,16200,2160,10.038992413191147,0.8489127061478764,2.319145631199392,0.0512103440784872,-0.0589703144576216,12.268293037613232,0.1537345601677244,100,0.1,10,0.7,0.8,0.5,2.0,0.0,3,0.6666666666666666,0.6363636363636362
92,75,16199,2160,10.486577391425394,0.8864472786287559,2.2925891828188747,0.046368095687642,-0.3262894015772943,10.656439411524271,0.1391854004571101,100,0.3,6,0.7,0.8,0.0,2.0,0.0,1,0.6666666666666666,0.7212121212121211
9,75,16199,2160,10.12307282613456,0.8138944210712427,2.895064052452628,0.0614608595646012,0.1466266518684562,9.426318207029944,0.1223461063851285,350,0.05,6,0.9,0.8,0.5,2.0,0.0,3,0.6666666666666666,0.6606060606060605
40,75,16200,2160,9.153296304776344,0.7782872868042185,3.482642340794332,0.0636806780497125,0.214973653954387,8.713805433754569,0.1128938669835149,350,0.02,6,0.7,0.8,0.5,0.5,0.0,1,0.6666666666666666,0.7212121212121211
21,75,16199,2160,11.51161684916503,0.8494059710708168,2.54458297729716,0.0541983071647977,0.1620010843855623,9.553667339218986,0.1178053671840334,350,0.02,10,0.9,0.6,0.5,0.5,0.0,2,1.0,0.6121212121212121
99,75,16200,2160,10.443530486886884,0.854098729508391,2.5455629403017443,0.0534599770857082,-0.193192230307496,8.90723523400448,0.1263779446027218,350,0.1,6,0.7,0.6,0.5,2.0,0.0,3,0.3333333333333333,-0.0787878787878787
41,75,16199,2160,11.515858397890748,0.7404640665541165,4.274314765826047,0.0743447120775963,0.2563696562762512,8.339573308748227,0.1081998103322572,350,0.02,6,0.7,0.8,0.5,2.0,0.0,1,0.6666666666666666,0.5531940447488588
24,75,16200,2160,9.777899721551824,0.8322910881643861,2.958768218013027,0.0525354817912688,0.0503647495514133,10.828879755647094,0.1318170697416169,350,0.02,6,0.7,0.8,0.5,1.0,0.0,3,0.6666666666666666,0.4424242424242424
28,75,16199,2160,10.617768297728848,0.8516352102425457,2.830602644662321,0.0515484288177554,0.1674939834521137,8.570181732685478,0.1143458155607542,100,0.1,6,0.9,0.8,0.0,1.0,0.0,3,0.6666666666666666,0.5393939393939393
30,75,16200,2159,10.016276855960305,0.9900159504187984,0.5376468903520434,0.0132769058997527,0.0327206965275218,14.12022177445331,0.1674607598229597,700,0.02,10,0.9,0.8,0.0,1.0,0.0,2,0.0,0.2242424242424242
54,75,16199,2160,10.73484162835557,0.8953131751324525,1.9164939710666515,0.0445895348191389,-0.2193310139168285,8.251355989575387,0.102914067520436,350,0.05,10,0.9,0.8,0.5,1.0,0.0,1,0.6666666666666666,0.5151515151515151
11,75,16200,2160,10.167281804960451,0.8680606892555908,2.294214191501567,0.052346893775601,-0.5222022990413249,10.189618995941364,0.1246632904741412,700,0.1,6,0.9,0.8,0.5,2.0,0.0,2,0.6666666666666666,0.0787878787878787
35,75,16200,2160,10.438391825630342,0.7893971127685435,3.5412685634288623,0.0649988572358428,-0.1941721166598295,10.048095856827718,0.1362571565994994,100,0.1,6,0.7,0.6,0.0,2.0,0.0,1,1.0,0.7818181818181817
74,75,16199,2160,10.232674524473609,0.7767840821673514,3.574988881251794,0.0672000433525824,-0.0253144944839425,10.886059344168062,0.1314011645687642,100,0.1,6,0.9,0.8,0.5,1.0,0.0,2,0.3333333333333333,0.5515151515151515
17,75,16200,2160,10.45057706186028,0.9339711273993508,1.4670695947624328,0.0352250200004045,-0.2080782283193556,11.123490235187388,0.1530847128521976,100,0.1,10,0.9,0.8,0.0,1.0,0.0,3,0.6666666666666666,0.37690143708164
4,75,16200,2159,9.034657680021391,0.8634843759470936,2.237465131261525,0.0478956515291523,0.1908179043389042,10.547284135359092,0.1297332734278213,350,0.1,6,0.9,0.6,0.5,2.0,0.0,3,0.3333333333333333,0.4666666666666666
31,75,16199,2160,11.0570932703812,0.8729007300294209,2.080934024570002,0.0478924308526675,0.3197659474211202,8.943093040916654,0.1088223047258706,350,0.02,10,0.7,0.6,0.0,1.0,0.0,3,0.3333333333333333,0.7212121212121211
29,75,16200,2160,10.113616677613908,0.7629101542087384,3.744362134914199,0.0645440468285891,0.0102783212982514,10.114275149680951,0.1274012670612445,350,0.02,6,0.7,0.6,0.0,0.5,0.0,3,0.0,0.5878787878787878
55,75,16200,2160,8.98484432874197,0.8810919089294811,2.17576100078556,0.0453358880120138,-0.0786764910595154,11.08660575684298,0.1312613283053056,350,0.05,6,0.7,0.8,0.5,2.0,0.0,2,0.3333333333333333,0.1999999999999999
7,75,16200,2159,9.392122067569217,0.8178835158765663,3.051034799811678,0.054459774969046,-0.145980241485665,16.874356612567272,0.1967845565927109,350,0.02,6,0.7,0.8,0.5,1.0,0.0,3,0.0,-0.006060606060606
88,75,16200,2160,10.725974245024316,0.840359760783186,2.5370245318360234,0.0530179551662348,-0.0720521649895313,11.657842164304522,0.1491909000566591,350,0.02,10,0.9,0.6,0.5,1.0,0.0,1,0.3333333333333333,0.3575757575757575
20,75,16200,2160,10.266356896538792,0.8142924478015579,3.2316744967332847,0.0557360782102173,0.0786107459313977,10.286620282155498,0.1241494167118606,100,0.05,6,0.7,0.8,0.0,2.0,0.0,1,0.6666666666666666,-0.0909090909090908
5,75,16199,2160,10.343464574337217,0.8376348618043936,2.723882386449912,0.0547592842114698,0.1412346474035298,11.88194073010374,0.147248957599729,350,0.02,10,0.7,0.6,0.5,2.0,0.0,1,0.3333333333333333,0.4545454545454545
14,75,16199,2160,10.338462163266422,0.7052168823895437,4.529997722402282,0.0779596966774262,-0.1031071849597657,7.902598173828038,0.1065486756577253,350,0.02,6,0.7,0.8,0.5,1.0,0.0,3,0.3333333333333333,-0.103030303030303
75,75,16199,2160,11.090398026748002,0.8082806391032994,3.0644798695043955,0.061987678137739,0.1438318222198363,9.9075032098205,0.1232248698810776,350,0.05,6,0.7,0.8,0.5,1.0,0.0,2,0.6666666666666666,0.5393939393939393
58,75,16199,2160,10.270987335956807,0.8723504170647132,2.235565397920127,0.046423056596434,0.0641683426366552,8.8982544834084,0.1056441678427266,700,0.05,6,0.7,0.6,0.5,2.0,0.0,1,0.6666666666666666,0.2370831620352251
76,75,16200,2160,9.805758567509828,0.8898228132218107,2.0062960248007062,0.042674778627134,0.2637046756412876,7.800263127187888,0.101136261136896,700,0.05,6,0.9,0.6,0.5,0.5,0.0,2,0.6666666666666666,0.3708223816448394
0,75,16199,2160,9.4536152602239,0.8851073895719901,1.7792761564226016,0.0455826223925843,0.3406519803629497,6.949737050003476,0.0857588063881909,700,0.02,10,0.9,0.8,0.5,1.0,0.0,1,0.3333333333333333,0.4909090909090908
84,75,16200,2160,8.514781845420966,0.8091852652327901,3.230645699464555,0.0563714108795401,0.3535517951862879,9.395511146276084,0.1148181726635232,100,0.05,6,0.9,0.8,0.0,2.0,0.0,1,0.6666666666666666,0.4909090909090908
91,75,16199,2160,9.268508076565707,0.81435933093781,2.667625776480561,0.0561854175245887,0.0049764992644246,8.280058048036365,0.1079291170616991,700,0.02,6,0.7,0.6,0.5,0.5,0.0,2,0.3333333333333333,0.2606060606060606
44,75,16199,2160,10.009234096319307,0.9115318697295622,1.7325173228802593,0.0404652183754044,0.1497808049996905,9.79815496025262,0.1281223128773637,700,0.05,10,0.7,0.8,0.5,0.5,0.0,3,0.6666666666666666,0.6848484848484848
33,75,16200,2160,10.087592295735709,0.8307431448618341,2.8954221638753537,0.0572532331383675,0.0740428234431771,7.516580328946864,0.0964336950481302,350,0.05,6,0.7,0.6,0.0,0.5,0.0,3,0.6666666666666666,0.4303030303030302
63,75,16199,2160,10.214153478648974,0.7624409844883325,4.104295262119594,0.0688367749258142,0.087570835220515,8.65664492920593,0.1047699517563316,100,0.05,6,0.7,0.8,0.0,1.0,0.0,2,0.3333333333333333,0.0787878787878787
51,75,16200,2159,9.16010444114532,0.8063676137851239,3.062477823275314,0.0589800004007719,0.304647643038523,6.5351267161000495,0.0864176951052593,100,0.1,6,0.7,0.8,0.5,2.0,0.0,1,0.6666666666666666,0.3818181818181818
23,75,16199,2160,9.207470392025067,0.8657660496683257,2.360390873228457,0.0498114796310612,0.3246749418768715,8.208410053032415,0.0993985156393055,350,0.02,10,0.7,0.8,0.5,0.5,0.0,1,0.6666666666666666,0.5272727272727272
71,75,16199,2160,8.954701123986256,0.7723535820510276,3.5261710709028846,0.0638333700958744,0.275842500715336,10.51122218767802,0.1268351332372025,100,0.05,6,0.9,0.8,0.0,1.0,0.0,1,0.6666666666666666,0.7212121212121211
78,75,16200,2160,10.162245521230462,0.7590988366889704,3.509468470647647,0.0655821615738267,0.0982938269908679,8.918531744612586,0.1160795229567238,100,0.1,6,0.7,0.6,0.5,0.5,0.0,3,0.6666666666666666,0.6606060606060605
98,75,16200,2160,10.824424354426656,0.8333957512788448,2.69503625536088,0.0561992545378165,0.1387379496968567,11.4245715075069,0.1324005249891906,350,0.02,10,0.7,0.8,0.5,2.0,0.0,1,0.3333333333333333,0.5030303030303029
69,75,16200,2160,10.372403913811402,0.8447971344392001,2.5976134273857623,0.0541078936636578,0.16196044739455,9.75571522957749,0.1207236954690654,100,0.1,10,0.7,0.6,0.5,2.0,0.0,1,0.3333333333333333,0.2606060606060606
27,75,16200,2160,10.23189101187388,0.9048684668482508,1.81005797267671,0.0419637648330391,0.0577617879830281,8.778632277956715,0.1110731055431327,700,0.02,10,0.9,0.6,0.5,1.0,0.0,3,0.3333333333333333,0.4909090909090908
83,75,16200,2160,9.313636688020496,0.8755805962639271,1.9715958459441565,0.0461752897342799,0.0608788376051855,11.356807483125616,0.1416704316237499,350,0.02,10,0.9,0.8,0.5,0.5,0.0,2,0.6666666666666666,0.5878787878787878
6,75,16200,2160,10.169063076669786,0.7808472900335182,3.5683770920287263,0.0631373390784914,0.1239735606231867,10.962948014920844,0.1397405601687477,350,0.02,6,0.7,0.8,0.0,0.5,0.0,1,0.3333333333333333,0.3818181818181818
10,75,16200,2160,10.55757497636183,0.8294725399413873,2.593883453002898,0.0569887467418101,0.4006412024966863,8.286050779068912,0.1016400259095391,350,0.1,6,0.7,0.6,0.5,0.5,0.0,1,0.6666666666666666,0.2848484848484848
53,75,16200,2160,9.02654886929109,0.8381079229436769,2.592707981450006,0.0549817159865845,0.1292485711932625,10.49918035045818,0.1304064111704586,350,0.1,6,0.7,0.8,0.5,2.0,0.0,2,0.6666666666666666,0.3696969696969697
19,75,16199,2160,10.43850193318356,0.8285826426456305,2.82718779084143,0.0586880662912303,0.1364283153562702,8.690228473875258,0.1046818626006999,350,0.1,6,0.9,0.6,0.0,2.0,0.0,3,0.3333333333333333,0.1515151515151515
66,75,16200,2160,10.2066528725889,0.870031804978384,2.320825624614216,0.0512958155240571,0.0925586910513152,8.135719745070846,0.1159730203927055,100,0.1,10,0.7,0.8,0.5,0.5,0.0,2,0.3333333333333333,0.6727272727272726
37,75,16200,2160,9.855926627982315,0.9569453602452238,1.1745592413880714,0.0296289096420988,0.3611335499651311,8.301972661901402,0.1071340578252682,700,0.02,10,0.9,0.8,0.0,2.0,0.0,2,0.6666666666666666,0.6
52,75,16200,2160,10.78231066952517,0.911616999650597,1.6727449602566582,0.0394017018359859,0.1687384332059865,11.187326339571564,0.1404574905265778,700,0.02,10,0.9,0.6,0.5,0.5,0.0,3,0.3333333333333333,0.1999999999999999
1,75,16199,2160,10.54104338031642,0.7688150359421131,3.8874770671616536,0.0688743942975848,0.0510527296237229,11.800732983262453,0.1482165905654577,350,0.02,6,0.7,0.8,0.0,0.5,0.0,1,0.6666666666666666,0.7818181818181817
3,75,16200,2160,9.464105117652888,0.9192459254972252,1.4789676285900282,0.0370402133824051,0.2804563290856232,9.68167339415462,0.1181371211897809,100,0.1,10,0.7,0.8,0.0,0.5,0.0,3,0.6666666666666666,0.6484848484848483
90,75,16199,2160,10.29715258931432,0.8952504431982626,1.9507771851986069,0.046164953472602,0.350681429079112,7.01024493869808,0.087206583788073,350,0.05,10,0.7,0.8,0.5,0.5,0.0,3,0.3333333333333333,0.309090909090909
22,75,16199,2160,9.59530154441153,0.8845337254435658,1.9153827850798577,0.0460775012187098,0.1677215893875699,10.051652547518412,0.1180538116662162,350,0.1,10,0.7,0.8,0.5,2.0,0.0,2,0.3333333333333333,0.5636363636363636
34,75,16200,2160,10.359645935254331,0.8647924515091127,2.16539917972473,0.0504203153363499,-0.0333478581850463,10.50118394109938,0.1286079489575357,350,0.05,10,0.7,0.8,0.5,0.5,0.0,2,0.3333333333333333,0.3454545454545454
67,75,16200,2160,11.03119703575564,0.807496977601598,3.098780043779364,0.0625478857357359,-0.1380382070076582,7.719986798674971,0.0919973058588922,350,0.05,6,0.9,0.8,0.5,2.0,0.0,1,0.3333333333333333,0.1636363636363636
89,75,16200,2160,9.007014342176348,0.9277500559875788,1.645631699077257,0.0367120263126661,-0.1107205373336468,11.228777508105118,0.1402798032721811,350,0.3,10,0.9,0.8,0.5,1.0,0.0,2,0.6666666666666666,0.4424242424242424
12,75,16199,2160,10.72765642825857,0.8243944183299698,3.0004792739849115,0.0578771216281417,0.1461874078932412,8.99477464015837,0.1132060885613007,350,0.05,6,0.7,0.6,0.0,2.0,0.0,2,0.3333333333333333,0.4424242424242424
48,75,16200,2160,10.93102958193679,0.826258323326455,2.918937685295186,0.0586925187666821,0.3710360692999928,6.62094304058287,0.080379326561891,350,0.05,6,0.9,0.6,0.0,2.0,0.0,2,1.0,0.6484848484848483
96,75,16200,2159,9.667576186035884,0.7838015568761324,3.5159341565819897,0.0601582859093472,0.0539823589654594,11.034909430650057,0.1386076236320522,100,0.05,6,0.9,0.8,0.5,2.0,0.0,2,0.6666666666666666,0.5151515151515151
2,75,16200,2160,8.672969186470834,0.9104970773480554,1.8387844237122268,0.0349855650432079,0.0785334597849048,10.951849594403198,0.1368212024469959,350,0.02,10,0.9,0.6,0.5,1.0,0.0,2,0.3333333333333333,0.0909090909090908
45,75,16200,2160,8.90288882305004,0.7495367437783419,3.59406989794466,0.0639899824648053,0.1849211414052904,10.539515422847536,0.1230506921262546,350,0.02,6,0.9,0.6,0.5,2.0,0.0,3,0.6666666666666666,0.2121212121212121
72,75,16199,2160,10.485436515915456,0.93916045741938,1.3769630636635806,0.0332438703130995,-0.2455131507402517,9.128583508663707,0.1082567598310513,700,0.02,10,0.9,0.6,0.0,2.0,0.0,3,0.3333333333333333,-0.0303030303030303
42,75,16199,2160,10.516703897158948,0.7919408461430105,3.327102413339305,0.0635583469074199,-0.040229814027008,11.366068762275908,0.136840473034629,100,0.1,6,0.9,0.8,0.5,0.5,0.0,3,0.3333333333333333,0.1151515151515151
68,75,16200,2160,11.01739281481284,0.8474092004349195,2.38896817472975,0.0554517269646354,0.0751590687880269,8.963052391476102,0.1096829459752996,700,0.02,10,0.9,0.6,0.5,1.0,0.0,1,0.0,0.2242424242424242
97,75,16199,2160,9.88989847802383,0.8286104633160598,2.749067137214563,0.0574081978133155,0.0419128291945622,12.486744530686623,0.1599412378570385,700,0.02,6,0.7,0.8,0.5,1.0,0.0,2,0.6666666666666666,0.5151515151515151
70,75,16199,2160,9.680837275419073,0.8826211513934259,2.094848283227217,0.0467302652065232,0.0890626551846102,9.456096172550764,0.1326864098434522,350,0.05,6,0.9,0.8,0.0,1.0,0.0,1,0.3333333333333333,0.0424242424242424
94,75,16200,2160,9.394341936685422,0.934704536081168,1.3876722978753653,0.0342899832053735,0.338330575502654,8.270372267823529,0.1096551091144877,700,0.1,10,0.7,0.8,0.5,2.0,0.0,2,1.0,0.6242424242424242
81,75,16200,2160,11.006677953675942,0.883770148504651,2.0254604606180977,0.047449258324912,0.1184288718937697,10.81605783396297,0.1331572714127272,350,0.05,10,0.9,0.8,0.5,2.0,0.0,3,0.3333333333333333,0.3818181818181818
62,75,16199,2160,11.023872160592369,0.8348703725478482,2.8077312207671428,0.060485853913586,0.1141034270711018,9.032054943596874,0.1116603434419083,700,0.02,10,0.7,0.6,0.5,0.5,0.0,1,0.6666666666666666,0.3696969696969697
65,75,16199,2160,11.272669462083874,0.8567377008186992,2.561987787670912,0.0555429799472156,-0.191900262819106,7.819336925877464,0.0975130912955611,350,0.05,10,0.9,0.6,0.5,1.0,0.0,3,0.6666666666666666,0.6363636363636362
61,75,16200,2160,10.986675582588456,0.8691884715535718,2.345812565566282,0.0513324087856171,0.0965069952276017,11.180255973074171,0.1349523309478074,700,0.02,10,0.7,0.8,0.5,0.5,0.0,2,0.3333333333333333,0.5030303030303029
47,75,16200,2160,9.841992996877355,0.9072808106082032,1.7161879784751306,0.0417356867185418,-0.0475397641256269,8.318224163099572,0.1097649295261038,350,0.02,10,0.9,0.8,0.0,2.0,0.0,3,0.6666666666666666,0.6727272727272726
50,75,16200,2160,9.896399213243782,0.9186167651751388,1.64861710347817,0.038766763008158,0.0354608315254564,9.11181213590834,0.1156176431824812,350,0.02,10,0.7,0.8,0.0,0.5,0.0,2,0.6666666666666666,0.3575757575757575
46,75,16200,2160,9.948789652504397,0.8180860188212056,2.774058667728568,0.0563777031215901,0.3012429873910941,8.968768864109835,0.1070091636350544,350,0.05,6,0.7,0.8,0.0,1.0,0.0,2,0.3333333333333333,0.5227987675648555
56,75,16200,2160,10.66526694649237,0.8385523488752872,2.521228816956145,0.0547402766817569,0.3490006669397253,8.98061418124923,0.1124549996062475,350,0.02,10,0.7,0.8,0.5,2.0,0.0,1,1.0,0.8060606060606059
73,75,16199,2160,10.9424068336204,0.7419464252666382,4.133557816522088,0.0721946234132993,0.2395417995218001,8.462918077166432,0.1136000627363213,350,0.02,6,0.9,0.8,0.5,1.0,0.0,1,0.6666666666666666,0.5757575757575757
95,75,16200,2160,10.725665688750183,0.8587466881308617,2.2405507685451416,0.0515048557351671,0.2774097630496688,10.517304718715174,0.1277769029757651,700,0.02,10,0.7,0.8,0.5,2.0,0.0,1,0.3333333333333333,0.6484848484848483
59,75,16199,2160,10.59991902382748,0.8547602831637622,2.462348705171316,0.0544641546691365,0.2318603890832229,10.620406428575516,0.132249110666078,700,0.02,10,0.7,0.8,0.5,2.0,0.0,2,0.6666666666666666,0.2848484848484848
64,75,16200,2160,10.7571276485096,0.8804081598746119,2.2832018405803582,0.0493557414755107,0.1525272279361477,10.60431759276048,0.1275820551340072,700,0.1,6,0.9,0.8,0.5,1.0,0.0,2,0.3333333333333333,0.2796365500928297
36,75,16199,2160,9.144254353198589,0.9259121051745328,1.4598435551557114,0.0352438741342727,0.0966556841534651,11.962136883029231,0.1478951263242992,350,0.02,10,0.7,0.8,0.0,1.0,0.0,2,0.3333333333333333,0.2848484848484848
49,75,16199,2160,8.999310401876134,0.8742119085182846,2.202013830410241,0.0452988447869809,0.3710416309417989,9.066102090124732,0.1188866391300426,700,0.02,6,0.7,0.8,0.5,0.5,0.0,2,1.0,0.9030303030303028
93,75,16200,2160,10.712294781119736,0.8404186165247831,2.670756361593826,0.0542185183781094,0.1492433628092543,10.03367147741494,0.121344456382449,350,0.02,10,0.7,0.6,0.5,1.0,0.0,2,0.6666666666666666,0.8181818181818182
26,75,16199,2160,10.064080341530602,0.8435596157141425,2.7936323167352173,0.0536949248999672,0.3993886069392494,8.45128348585632,0.1148048327241794,100,0.3,6,0.7,0.6,0.5,0.5,0.0,2,1.0,0.709090909090909
60,75,16199,2160,9.92289603252828,0.8977232401581915,1.890452804712365,0.0426513669166957,0.397564880802677,7.141781507995394,0.0952731783278803,700,0.1,6,0.9,0.8,0.5,1.0,0.0,2,0.3333333333333333,0.5151515151515151
38,75,16199,2160,9.197899884132577,0.8757984874193429,2.115148803761084,0.0466847995439026,-0.178310312027849,11.927441309580097,0.150707073691407,700,0.05,6,0.7,0.8,0.5,0.5,0.0,3,0.6666666666666666,0.4303030303030302
