seed,n_train_catalysts,n_train_samples,n_test_samples,cv_mae_mean,train_r2,train_mae,train_rmse,test_r2,test_mae,test_rmse,hp_n_estimators,hp_learning_rate,hp_max_depth,hp_subsample,hp_colsample_bytree,hp_reg_alpha,hp_reg_lambda,hp_gamma,hp_min_child_weight,ranking_top_3_accuracy,ranking_spearman_corr
43,10,2160,2160,9.14773372232914,0.8475290114260177,2.7182284806423853,0.0552557464878376,-0.2613953611946524,9.569140916400483,0.1263412293645923,700,0.05,10,0.7,0.8,0.5,0.5,0.0,2,0.3333333333333333,-0.1823716631040193
5,10,2160,2160,8.82813827920843,0.8776680397264947,2.08567149416647,0.0440365513752402,-0.1501012187212851,11.557238780348388,0.1531364753942301,100,0.05,10,0.7,0.6,0.0,0.5,0.0,3,0.0,-0.5393939393939393
57,10,2160,2160,7.685674754248725,0.5842001163771162,4.9286063241958615,0.0811377054069803,0.071258900027513,10.253433938379642,0.135072849936344,100,0.02,10,0.9,0.8,0.5,1.0,0.0,1,0.0,-0.2484848484848484
2,10,2160,2160,10.427868287651629,0.6213073743127249,5.9830189204216,0.0885071095537841,0.0798475841570127,9.802015822640172,0.1288253187358071,100,0.02,6,0.9,0.6,0.5,0.5,0.0,2,0.6666666666666666,0.5636363636363636
71,10,2160,2160,9.963211951079192,-7.36500624798353e-06,9.25113135231866,0.1195287121025622,-0.0119411293532256,11.196959797894513,0.143845534414062,700,0.3,6,0.7,0.8,0.0,0.5,10.0,3,0.0,0.0
38,10,2160,2160,9.767065006273764,0.768188186091277,3.5045774833250927,0.0641865025361062,0.0436849477699021,8.579321302749493,0.1158841911335715,100,0.05,10,0.7,0.6,0.5,0.5,0.0,3,0.3333333333333333,0.1337392196096141
15,10,2160,2160,10.184803853388186,0.6215032472267543,6.076052575773663,0.09034637412612,-0.0458448336794112,9.922081265008009,0.1248373825616813,100,0.02,6,0.7,0.6,0.0,0.5,0.0,3,0.0,-0.406060606060606
41,10,2160,2160,11.136776856669671,-8.91731033769716e-06,10.484530081572355,0.1381010561646179,-8.031084257620336e-07,10.931507735075774,0.1458014896778131,350,0.3,6,0.9,0.6,0.0,2.0,10.0,1,0.0,0.0
10,10,2160,2160,12.678680483146948,0.5480884044808214,7.386046679726353,0.1075529531207063,0.1139300725970219,9.58335143548471,0.1261242517262204,100,0.02,10,0.7,0.6,0.5,2.0,0.0,3,0.6666666666666666,0.5757575757575757
51,10,2160,2160,10.87994537538952,0.6861664681430003,4.70082047229096,0.0818335891166214,0.0092016395937928,12.070282846203558,0.149209018765477,350,0.02,10,0.7,0.6,0.5,0.5,0.0,3,0.3333333333333333,0.1155020532992122
66,10,2160,2160,9.316654996518736,-4.430062373383947e-06,8.873461856842042,0.1163337501965411,-0.0004131194024914,10.103918617389825,0.1347777061243029,350,0.1,10,0.9,0.6,0.0,1.0,10.0,3,0.0,0.0
11,10,2160,2160,8.711453658077453,0.8639891045962155,2.9191643792611583,0.0483835003346213,0.0227322020132291,11.980148819111012,0.1537507833888547,100,0.02,10,0.9,0.8,0.0,0.5,0.0,1,0.3333333333333333,0.2484848484848484
35,10,2160,2160,9.500246907163548,0.7520096680440588,4.318930097906678,0.0688306244859896,-0.0066446527557912,7.520982627692047,0.10164123138156,100,0.02,10,0.7,0.6,0.0,1.0,0.0,1,0.0,-0.1393939393939393
32,10,2160,2160,11.35043215778139,0.6614140522296166,4.864421952085364,0.0842977202380557,0.0360104303791806,10.933206900755565,0.1518504039540664,350,0.02,6,0.7,0.6,0.5,1.0,0.0,2,0.0,-0.2735574946560291
0,10,2160,2160,11.494770835858803,0.489449812076426,7.241060089093668,0.1066489875250025,0.1378478184861885,9.901969377464718,0.1316649580215974,100,0.02,6,0.7,0.6,0.0,1.0,0.0,1,0.6666666666666666,0.5878787878787878
25,10,2160,2160,8.290999704113714,0.9373234203567444,1.2996071762343246,0.0301342255903575,-0.2783356239849803,15.001969395219865,0.1824123706472138,350,0.3,10,0.9,0.8,0.5,1.0,0.0,2,0.0,-0.3575757575757575
4,10,2160,2160,9.136201361064558,0.7749742006776444,3.107003062844828,0.0612822868494815,0.1189490987421619,9.53969640466902,0.1319713156782773,350,0.02,10,0.9,0.6,0.5,0.5,0.0,2,0.3333333333333333,-0.0666666666666666
18,10,2160,2160,9.250198030383498,0.4979532672134517,6.162148217006966,0.0986181469531864,0.0636694322277838,11.85165882613924,0.1531332756205048,100,0.02,6,0.9,0.8,0.0,2.0,0.0,2,0.6666666666666666,0.1272727272727272
50,10,2160,2160,7.639544457329643,0.925260734492354,1.189636936907967,0.0289117018636369,0.0009260377651775,10.24883852698185,0.1349097801365146,100,0.3,6,0.7,0.6,0.0,2.0,0.0,2,0.0,-0.1636363636363636
31,10,2160,2160,11.62231186553284,0.8289071755092247,2.986328349281965,0.0641803426768838,-0.0586694796860753,9.392966665691798,0.1224344212325726,350,0.3,10,0.9,0.8,0.5,1.0,0.0,1,0.6666666666666666,0.4181818181818181
22,10,2160,2160,5.686526648115229,0.8888469954169105,1.3210203329832468,0.0304062253191123,0.1471685634105498,9.19628085701554,0.1293259860493168,350,0.1,6,0.7,0.6,0.5,2.0,0.0,1,0.3333333333333333,0.5272727272727272
9,10,2160,2160,10.216868366135492,0.6987088485127011,4.000904027631989,0.0749188432721894,0.0388521351021291,8.584240058881264,0.1139928643678194,100,0.05,6,0.7,0.6,0.0,0.5,0.0,3,0.3333333333333333,0.0787878787878787
49,10,2160,2160,6.494861717489032,0.9319963364461112,1.1773270186450746,0.0270567121720518,-0.0682672085011983,8.503760557836959,0.1208897259962349,700,0.02,6,0.7,0.8,0.5,0.5,0.0,2,0.0,-0.0909090909090908
30,10,2160,2160,8.18193412233282,0.7225700838149409,3.418276611448232,0.0666852749146059,0.1191552384233632,9.428671270653057,0.1208555538204291,100,0.05,6,0.7,0.6,0.0,1.0,0.0,1,0.6666666666666666,0.5030303030303029
88,10,2160,2160,10.919883543297097,0.787486380580067,3.658878720223696,0.0700478997201961,0.0329591654564324,11.533099225936112,0.1475660409235618,100,0.05,10,0.9,0.6,0.0,0.5,0.0,2,0.3333333333333333,0.0181818181818181
21,10,2160,2160,9.984567945709935,0.837827822925684,3.165586388287721,0.0524821021865229,-0.0635579287934045,13.045832864796674,0.1703040031921868,100,0.02,10,0.9,0.8,0.0,0.5,0.0,1,0.0,-0.3696969696969697
14,10,2160,2160,10.194598852793376,0.7147690948362877,3.7196858372953208,0.067975501153346,-0.0668364966206405,8.624818698653469,0.1130047291879074,100,0.05,6,0.7,0.6,0.5,2.0,0.0,3,0.0,0.0181818181818181
86,10,2160,2160,8.315279283435256,0.7746702010281473,2.6115516064122866,0.0547316313179475,0.0551764472094179,11.523026236957977,0.1463868813532645,350,0.05,6,0.7,0.6,0.5,2.0,0.0,3,0.3333333333333333,0.5272727272727272
54,10,2160,2160,12.601315033329582,0.7416012587035787,4.862504528488695,0.0865610284768409,-0.0987108907543021,11.960341649812785,0.1555033006273794,350,0.05,6,0.7,0.6,0.5,0.5,0.0,3,0.3333333333333333,0.406060606060606
34,10,2160,2160,11.417477067223302,0.5200613455779024,7.230392580429713,0.1045445161867873,0.0496035526217352,12.19831066246386,0.1527364560196554,100,0.02,6,0.9,0.8,0.5,2.0,0.0,1,0.3333333333333333,0.4437710468864471
62,10,2160,2160,12.423476524794545,0.524741488307649,7.42443982274444,0.1136645663990936,-0.1798755786092563,7.603195005876047,0.1004419053894279,100,0.02,6,0.7,0.8,0.0,1.0,0.0,2,0.3333333333333333,-0.0424242424242424
44,10,2160,2160,10.0039454347116,0.6872329653049026,4.022585107421985,0.0775512920741131,0.0857290430026106,12.643629014668642,0.1597038693712719,350,0.02,6,0.7,0.6,0.5,2.0,0.0,2,0.6666666666666666,0.4909090909090908
87,10,2160,2160,10.795798797778508,0.8259307462038815,3.392702913087344,0.0630723010692986,-0.1116257924059134,11.811640561863229,0.1583096205140194,100,0.1,10,0.7,0.8,0.5,2.0,0.0,3,0.3333333333333333,0.0545454545454545
6,10,2160,2160,9.906662509706283,-1.7904652937605903e-05,9.66082776175605,0.1281016215066559,-0.0211682551759593,10.484249162320738,0.1348084212173635,700,0.3,10,0.7,0.8,0.0,2.0,10.0,1,0.0,0.0
13,10,2160,2160,10.84813299143756,-1.1350000672649685e-07,10.527255774250738,0.1448749043378907,-0.1157876606531833,9.600364474543817,0.1244976898546264,350,0.02,6,0.9,0.6,0.5,0.5,10.0,2,0.0,0.0
28,10,2160,2160,11.118413046554284,0.6050787848242118,5.829206969075733,0.0959371816134466,0.0232902886400657,11.124100512663524,0.1470783470703858,350,0.02,6,0.7,0.6,0.5,0.5,0.0,3,0.3333333333333333,0.103030303030303
17,10,2160,2160,10.178749944104087,0.6960084533108188,4.4824047365343125,0.079050576515523,0.0314562239092472,7.828506245348188,0.1091108038108425,350,0.02,10,0.9,0.6,0.5,0.5,0.0,3,0.6666666666666666,0.3575757575757575
24,10,2160,2160,10.289589139620464,0.748868454293597,3.1420067431391394,0.0654092348256157,0.0204165411281137,11.56620730302952,0.1561944027605734,700,0.02,10,0.7,0.6,0.5,0.5,0.0,3,0.3333333333333333,0.3696969696969697
52,10,2160,2160,11.988651583459642,0.5036019336854269,7.463875532238571,0.1073990374189034,0.1015759163382256,8.394516487651401,0.1173673472258625,100,0.02,10,0.7,0.6,0.5,1.0,0.0,1,0.3333333333333333,-0.1641344967936174
36,10,2160,2160,7.8306297920368335,-6.732762227423805e-05,7.673650398254395,0.1028815700962936,-0.126081672472865,14.090750325520832,0.1683465799498921,350,0.3,10,0.7,0.6,0.0,1.0,10.0,3,0.0,0.0
55,10,2160,2160,6.193417664203379,0.9862211918186854,0.3652962606185205,0.0111469078156436,-0.0023640399866677,13.257672454516092,0.1631282207366619,700,0.02,10,0.7,0.6,0.0,2.0,0.0,2,0.0,-0.2363636363636363
29,10,2160,2160,8.47353810230891,0.9113318904129264,2.068914180525613,0.0416885874180827,-0.2735901883424276,10.961021670235526,0.1414817942908753,100,0.05,10,0.9,0.8,0.0,0.5,0.0,2,0.3333333333333333,-0.1515151515151515
7,10,2160,2160,7.546544533482304,0.7956195617225323,2.741128233081351,0.0598459168216617,0.1392839890506723,8.242961295092545,0.1106210928446509,100,0.1,6,0.9,0.6,0.5,0.5,0.0,2,0.3333333333333333,0.0909090909090908
20,10,2160,2160,11.155617532818408,0.7384051462646413,3.83060035455696,0.0770386945624567,-0.0269861627081686,9.375629394142717,0.1338922210697505,100,0.1,6,0.7,0.8,0.5,1.0,0.0,2,0.3333333333333333,0.4303030303030302
47,10,2160,2160,11.924876400188165,0.7066597727983082,5.350078539980783,0.0836126239427687,0.1205408121754222,7.586471808044999,0.1134025845983188,100,0.02,10,0.9,0.6,0.0,1.0,0.0,3,0.3333333333333333,0.1999999999999999
75,10,2160,2160,9.430885260988166,0.5183963604429784,5.269714208708869,0.0867314105521629,0.0783244975693432,8.403495250807868,0.1104222041153017,100,0.02,6,0.9,0.6,0.5,1.0,0.0,3,0.0,-0.309090909090909
16,10,2160,2160,7.921794626271283,0.5462912329428905,5.261090244275553,0.0849246405223806,0.0671031816807636,11.025030238098568,0.1447914974042581,100,0.02,6,0.9,0.6,0.5,1.0,0.0,2,0.6666666666666666,0.6484848484848483
63,10,2160,2160,8.606078107357025,0.6080285374584286,3.658291320359266,0.0751862997869394,0.0773257380386528,9.937635351110387,0.1416750297553091,350,0.02,6,0.7,0.6,0.5,1.0,0.0,2,0.3333333333333333,0.2727272727272727
12,10,2160,2160,11.47226100485634,0.7335326630348977,4.482436270150356,0.0794703539936513,-0.1963974379308748,9.241289015898,0.1235910900168553,350,0.1,10,0.7,0.6,0.5,2.0,0.0,1,0.3333333333333333,0.3333333333333332
80,10,2160,2160,10.919554229665687,-5.595191119311949e-07,10.256251814100478,0.1314432668426169,-0.1614989039087371,12.315527786325529,0.1589275034081228,700,0.05,6,0.7,0.6,0.5,1.0,10.0,2,0.0,0.0
58,10,2160,2160,11.337730891351343,0.6869751283178384,5.393750309723395,0.0816702252868675,0.0720140327865002,11.4638801101402,0.1478453614619944,100,0.02,10,0.7,0.8,0.5,0.5,0.0,2,0.6666666666666666,0.5272727272727272
46,10,2160,2160,11.03086455769009,-2.886944299840266e-06,10.453467762205335,0.1343131090779011,-0.0121906433964469,12.03815298928155,0.1564787280009855,700,0.3,6,0.7,0.8,0.0,1.0,10.0,3,0.0,0.0
19,10,2160,2160,11.043561940811298,0.7399362563014075,4.135767869956239,0.075104233596333,0.0571387583432558,9.567103490697011,0.1299692974287776,700,0.05,10,0.7,0.6,0.5,0.5,0.0,1,0.6666666666666666,-0.0303030303030303
76,10,2160,2160,10.743747490070485,-3.286057059792569e-07,10.377636120054458,0.1327878751457857,-0.0097184311631781,11.075211249457466,0.1470879191375465,700,0.3,6,0.7,0.6,0.5,2.0,10.0,1,0.0,0.0
53,10,2160,2160,9.398522335511666,0.6205300159625466,5.444355832294182,0.0879387004412401,-0.0201449523616774,10.284840817628083,0.1440201917372807,100,0.02,10,0.7,0.8,0.5,1.0,0.0,1,0.3333333333333333,0.5272727272727272
33,10,2160,2160,10.271143520143298,-1.2293117207073934e-05,10.112719350390964,0.1336853092742655,-0.0037756395191725,12.12675243059794,0.153640941353433,700,0.3,6,0.7,0.8,0.5,1.0,10.0,3,0.0,0.0
73,10,2160,2160,9.758082224174782,-1.115161065134984e-05,9.40764830271403,0.1261182218018523,-0.0263584019911529,9.461335280736288,0.1233810667430328,350,0.3,6,0.9,0.6,0.0,0.5,10.0,2,0.0,0.0
69,10,2160,2160,9.608053613238864,-1.4812739146385925e-07,9.60473559697469,0.1241815610400906,-0.1962365555105247,10.075881785286798,0.1250058498235507,100,0.3,6,0.7,0.8,0.0,2.0,10.0,3,0.0,0.0
40,10,2160,2160,10.32655400470451,0.6783581194437798,4.291055431675027,0.0812507911391189,0.0364213231724201,9.988432301680248,0.1296943643984987,350,0.02,10,0.7,0.6,0.5,2.0,0.0,2,0.3333333333333333,0.2484848484848484
94,10,2160,2160,8.59479691364147,-4.729621680543694e-05,8.444115884568957,0.1151904804578813,-0.0360104203924021,9.632823565447772,0.1248711460254203,350,0.3,10,0.7,0.8,0.0,2.0,10.0,2,0.0,0.0
8,10,2160,2160,12.10227412223816,-6.0862259756433446e-06,11.91702142821418,0.1518181925138407,-0.0786931356381339,12.73159584433944,0.1568658982164767,100,0.3,6,0.7,0.6,0.0,2.0,10.0,1,0.0,0.0
67,10,2160,2160,11.805609730261343,0.4123225112074486,8.48398913719036,0.1213135507609281,0.011671729506588,7.857983035688048,0.1105381609219463,100,0.02,6,0.9,0.6,0.5,2.0,0.0,3,0.6666666666666666,0.5515151515151515
82,10,2160,2160,10.808123305285418,-3.585613365775231e-06,10.536819365466084,0.142540417853251,-0.1179981328826769,10.350401623337358,0.1363898413805234,100,0.1,10,0.7,0.8,0.0,0.5,10.0,2,0.0,0.0
45,10,2160,2160,9.614726932247478,0.8962500680311503,2.011277291875729,0.043216271253479,-0.0650597372942665,9.77794850104385,0.1322670006769714,100,0.3,10,0.7,0.8,0.5,2.0,0.0,2,1.0,0.4787878787878787
65,10,2160,2160,10.486205795605978,0.7085002502098086,3.838650424477679,0.0739458815578637,-0.0125845128259449,12.046040752861234,0.1536831679830421,100,0.1,10,0.7,0.6,0.5,1.0,0.0,1,0.3333333333333333,0.3890595479552414
27,10,2160,2160,10.486893665525647,0.8518656724941954,2.338504948302849,0.0520248781400521,-0.0431199270010225,11.113284320438074,0.1502841465210903,700,0.3,6,0.9,0.6,0.5,0.5,0.0,3,0.3333333333333333,-0.2363636363636363
42,10,2160,2160,10.050460302608982,0.7062747830928497,4.047995135240534,0.0756699459576088,0.0476218936977717,9.655798975008508,0.128316290707084,350,0.02,6,0.7,0.6,0.0,2.0,0.0,1,0.6666666666666666,0.6484848484848483
37,10,2160,2160,7.5296520350156015,0.7579535434527027,2.660163635816425,0.056268525016126,-0.0585203759418975,12.892592360620144,0.1628211219057076,350,0.05,6,0.7,0.6,0.5,2.0,0.0,3,0.0,-0.2242424242424242
64,10,2160,2160,11.315676803588866,-2.0826367741477725e-06,10.527194298638236,0.1352310829699291,-0.0081058081638922,11.974609991002966,0.152718809947419,700,0.02,6,0.7,0.8,0.5,0.5,10.0,1,0.0,0.0
39,10,2160,2160,10.109572996651686,0.5959081145250849,4.958587767981615,0.0917452037709041,0.0564356957298269,13.171724269036892,0.1629135804458361,100,0.1,10,0.7,0.6,0.5,2.0,0.0,3,0.3333333333333333,0.0666666666666666
78,10,2160,2160,11.836320581082944,-4.245935238955667e-06,11.58029319127401,0.1462019301024477,-0.0051220972215122,9.584463245956986,0.1283881498943863,100,0.3,6,0.7,0.6,0.0,1.0,10.0,1,0.0,0.0
81,10,2160,2160,8.266646449654191,0.6586233532224982,4.084458039513341,0.067148901033915,0.1189709234188195,9.60605589054249,0.1379299483884433,100,0.02,6,0.9,0.6,0.0,0.5,0.0,2,0.0,0.1393939393939393
92,10,2160,2160,10.027476932207744,0.5418091244632111,5.609625474258705,0.0872090073454832,-0.17135133053199,7.589369777750085,0.1035144488491435,100,0.02,6,0.7,0.6,0.5,1.0,0.0,3,0.3333333333333333,0.3212121212121211
83,10,2160,2160,8.972353694527238,0.431623158332882,6.522002921016128,0.1051352469705051,0.1789322936354085,9.8321872693521,0.1278796210277528,100,0.02,6,0.9,0.6,0.0,0.5,0.0,2,0.6666666666666666,0.4909090909090908
77,10,2160,2160,11.351268835244356,0.5230247849136931,6.795226014984979,0.1024663407875598,-0.0383049925773921,9.022451924571284,0.1209715011309144,100,0.02,6,0.7,0.6,0.0,2.0,0.0,3,0.3333333333333333,-0.006060606060606
90,10,2160,2160,6.803769254949359,0.8473362112572014,2.1892224775585865,0.04156049295113,-0.0386624279460259,8.943406496401186,0.1289195145994872,100,0.05,10,0.9,0.8,0.5,0.5,0.0,2,0.3333333333333333,0.6121212121212121
23,10,2160,2160,9.355008585894549,0.4617654153335296,6.437695402569241,0.1011107183795606,0.1463120957460963,9.26797858450148,0.1307657772207525,100,0.02,10,0.9,0.6,0.5,1.0,0.0,1,0.3333333333333333,0.5030303030303029
84,10,2160,2160,8.69311196623094,0.8842555448540047,2.225310903188074,0.0449446988490947,-0.0918585689569377,11.192648891585844,0.1413924941648212,700,0.05,6,0.9,0.6,0.5,1.0,0.0,2,0.3333333333333333,-0.103030303030303
56,10,2160,2160,10.553267999578406,0.5204175119563301,6.030764758940096,0.0966350478301034,0.0919762145793881,7.812209936777751,0.1097539680011582,100,0.02,10,0.9,0.6,0.5,1.0,0.0,3,0.3333333333333333,0.2242424242424242
85,10,2160,2160,12.37241333961487,-3.761191859674717e-05,12.146641171066848,0.1533665705069382,-0.0438966001074114,11.8671893536603,0.1485444484255307,700,0.3,10,0.7,0.8,0.0,0.5,10.0,1,0.0,0.0
26,10,2160,2160,10.844558242868496,-3.154285423923042e-05,10.51339524657638,0.1363855972888488,-0.01454350625931,11.477872656363028,0.1471243401181907,700,0.3,10,0.7,0.6,0.0,1.0,10.0,2,0.0,0.0
48,10,2160,2160,8.668940674463908,0.5834157390277664,4.941402792665693,0.0800922932738257,0.0300524150207632,11.931155041941889,0.1572267329497188,100,0.02,10,0.9,0.6,0.5,0.5,0.0,1,0.3333333333333333,0.0666666666666666
79,10,2160,2160,10.93604714543731,0.6841613229002099,4.387659199070876,0.0847624535762573,-0.0629518948199099,10.73467420189469,0.1511970711380358,100,0.1,6,0.9,0.6,0.0,2.0,0.0,2,0.3333333333333333,-0.2121212121212121
59,10,2160,2160,13.509665568757942,0.4187605071536726,9.95265889927193,0.1321276865813336,0.1468287802131247,9.284332577475796,0.1207885418114173,100,0.02,6,0.9,0.6,0.5,1.0,0.0,1,0.3333333333333333,-0.006060606060606
93,10,2160,2160,10.03457306270246,0.5492648607824704,5.778461186356015,0.092324399103345,0.2800503433958183,8.56379385471344,0.1152104602378623,100,0.02,6,0.7,0.6,0.0,0.5,0.0,1,0.3333333333333333,0.7939393939393938
61,10,2160,2160,10.661172762446936,0.5769080822390054,5.686007798512776,0.0916482329709495,0.0482392600654095,11.808620497209054,0.1520291852945163,100,0.02,6,0.7,0.6,0.0,0.5,0.0,3,0.3333333333333333,0.2848484848484848
68,10,2160,2160,7.116813480898186,0.6982109708452886,2.913733976386763,0.0655216021815034,-0.0639803923569741,10.054264750789711,0.1295400184407792,700,0.02,10,0.9,0.6,0.5,1.0,0.0,2,0.3333333333333333,0.2848484848484848
98,10,2160,2160,10.62508885220245,0.6693293968929903,5.438244777040349,0.0910974806798974,-0.0509077311841297,9.454316692617205,0.1319288905054914,350,0.02,10,0.9,0.8,0.5,0.5,0.0,2,0.6666666666666666,0.6363636363636362
99,10,2160,2160,11.75180932716087,-1.2768612765556853e-05,11.22221604311908,0.1418056430223316,-0.1427894918844281,13.786303627226086,0.1668993464676287,100,0.3,6,0.7,0.8,0.0,2.0,10.0,1,0.0,0.0
74,10,2160,2160,10.972027303024577,0.6850703974526424,4.830751496114665,0.0848500680373964,0.2048303288192312,10.648059937026764,0.1307577841518516,100,0.1,6,0.9,0.8,0.5,1.0,0.0,2,1.0,0.4303030303030302
72,10,2160,2160,13.022479297761564,0.4461630787005479,9.154749106875173,0.1265116278639642,0.0698739826682552,9.19089267986792,0.126337562795454,100,0.02,6,0.7,0.6,0.0,2.0,0.0,2,0.3333333333333333,0.0424242424242424
95,10,2160,2160,10.358001318684332,-2.020723230966581e-06,9.710375806313971,0.1244073211167916,-0.0013790579950638,14.95954250406336,0.1801819838732902,100,0.02,6,0.7,0.6,0.5,0.5,10.0,3,0.0,0.0
70,10,2160,2160,12.36745805475447,0.5565498500709505,6.995735860842246,0.1039700779899775,-0.1440921934604575,9.43392987039354,0.1189076892851092,100,0.02,10,0.7,0.6,0.0,2.0,0.0,2,0.6666666666666666,0.6383008208640678
89,10,2160,2160,12.87619293226136,0.5525765615867511,7.054635268913375,0.1086131865393415,-0.0297571147653814,7.290903213112442,0.0985308123280108,100,0.05,6,0.7,0.6,0.5,2.0,0.0,2,0.3333333333333333,-0.2363636363636363
97,10,2160,2160,9.206167144687088,0.7801224620604206,3.138857117127282,0.0624986013384757,0.0584636184243354,10.233277855272645,0.1387937042137184,100,0.1,10,0.7,0.6,0.5,2.0,0.0,3,0.6666666666666666,0.7212121212121211
1,10,2160,2160,9.709445700822052,0.8982203935107593,1.9611890345833405,0.0434637520287023,-0.1578138397933994,12.94486271235678,0.1619534196356259,700,0.05,10,0.7,0.6,0.5,1.0,0.0,2,0.0,-0.1757575757575757
96,10,2160,2160,10.223669148242031,0.630222064053229,5.203156735067842,0.0902600089044328,0.1309136477510957,9.312235643687073,0.123371015456624,100,0.05,6,0.9,0.8,0.5,2.0,0.0,3,0.3333333333333333,0.2865906936599789
91,10,2160,2160,9.994263587527804,-1.0374919683586724e-05,9.924034692269784,0.1324713445424722,-0.0058332883323986,8.9930960422092,0.120276530298823,700,0.05,10,0.7,0.8,0.5,1.0,10.0,2,0.0,0.0
60,10,2160,2160,11.825848530597156,0.8024219269303527,3.332654040337678,0.0673603690052148,-0.1258549046684611,8.59415194661529,0.1173794211602,700,0.05,10,0.7,0.6,0.5,2.0,0.0,2,0.3333333333333333,0.5515151515151515
3,10,2160,2160,11.006056175055326,0.3394945689251346,7.736867209010654,0.1188901086971598,0.0756019895484119,10.131635234091018,0.1309225653087112,100,0.02,6,0.7,0.6,0.5,0.5,0.0,3,0.6666666666666666,0.7818181818181817
71,5,1080,2160,9.314359439214073,0.8697116932913189,2.3491066730463945,0.0442143770641784,0.0223920646093073,10.409667861726549,0.1413842782847835,100,0.05,10,0.7,0.8,0.5,1.0,0.0,2,0.6666666666666666,0.1636363636363636
30,5,1080,2160,5.832712271301835,0.8428088717772981,1.9238250561996744,0.0366095686467441,0.1403804680875586,9.31194288836585,0.1193905800790551,100,0.1,6,0.7,0.6,0.5,1.0,0.0,1,0.6666666666666666,0.709090909090909
57,5,1080,2160,12.919045176859251,0.6133932760087837,6.5193499060030335,0.0961217457066689,-0.026408692523079,10.849497510415535,0.1419975631532506,100,0.02,10,0.9,0.6,0.0,2.0,0.0,3,0.0,-0.4181818181818181
31,5,1080,2160,13.813689732021755,-2.538093161175148e-05,13.091650478221752,0.1633641074745468,-0.0277168979920325,9.30570017143532,0.1206313213022034,700,0.05,10,0.7,0.6,0.0,2.0,10.0,2,0.0,0.0
35,5,1080,2160,11.159126760871322,0.7708957466190957,3.963531263669332,0.064178261381454,0.0107711389828584,7.834140764342414,0.1007581562119431,100,0.02,10,0.7,0.6,0.0,1.0,0.0,1,0.3333333333333333,0.0181818181818181
51,5,1080,2160,12.079907171461318,-3.66022805622368e-05,12.012450394807038,0.1523918958633208,-0.082628447513132,12.909148845672608,0.1559703878191098,350,0.1,10,0.7,0.6,0.0,0.5,10.0,1,0.0,0.0
73,5,1080,2160,6.639463648972689,0.7758296494245616,2.418967609449669,0.0458510194419049,-0.0331478708128076,9.241578710432403,0.12378848344682,100,0.05,6,0.9,0.8,0.5,2.0,0.0,2,0.3333333333333333,0.0424242424242424
8,5,1080,2160,10.076334613517478,-6.752348515304263e-05,9.417261363841869,0.1284827059985931,-0.0125590048539414,11.97624015737463,0.1519811593928951,350,0.3,10,0.7,0.8,0.0,0.5,10.0,3,0.0,0.0
3,5,1080,2160,8.315541459189522,0.7659817881559265,2.1735945170013995,0.0517596654384001,0.0847352326884487,9.4996969349296,0.1302741888259267,100,0.1,6,0.7,0.6,0.5,0.5,0.0,2,0.0,-0.2121212121212121
41,5,1080,2160,10.109325107291893,-1.0264460461595348e-06,8.808467121830693,0.1187534020702431,-0.0097814852186992,11.302027720698604,0.1465127731400776,350,0.05,10,0.9,0.6,0.5,0.5,10.0,1,0.0,0.0
37,5,1080,2160,8.2656811954357,-0.0001851372836347,7.776296296296296,0.0998335481802547,-0.0042512683128939,12.512166430155435,0.1585923834767649,700,0.3,6,0.7,0.6,0.5,0.5,10.0,3,0.0,0.0
43,5,1080,2160,11.803594402737088,0.5672221173929395,6.395681500788089,0.0962780139613352,0.0875462735708363,7.886962822366645,0.1074545743819192,100,0.02,6,0.9,0.6,0.0,0.5,0.0,3,0.0,0.0364743326208038
49,5,1080,2160,7.37314946571986,0.9272661593536684,1.36356190306169,0.0301294006469659,0.1055786678586669,7.525797110619369,0.1106166543281705,700,0.05,6,0.7,0.6,0.5,2.0,0.0,2,0.3333333333333333,0.3454545454545454
40,5,1080,2160,5.526787224080827,0.9459185887148543,1.211289752015361,0.0225473776995435,-0.3221913401320777,12.151730370300788,0.1519233991790121,350,0.3,6,0.7,0.8,0.5,2.0,0.0,1,0.3333333333333333,-0.0181818181818181
9,5,1080,2160,8.865354764020003,-0.0002949808802976,8.127196850246852,0.1061167535325171,-0.1130007283305778,9.375024452209471,0.1226677185505663,350,0.3,10,0.7,0.6,0.5,2.0,10.0,3,0.0,0.0
83,5,1080,2160,4.481702199070542,0.9419941184186664,0.8180681397779673,0.0207269206698037,0.0897640470694127,10.014585009680856,0.1346445712556573,350,0.02,6,0.7,0.6,0.0,1.0,0.0,3,0.3333333333333333,-0.0181818181818181
50,5,1080,2160,7.919345466472484,-1.665466608047339e-05,7.444354730535437,0.0954341191233276,-0.0203021179718798,10.780309522416855,0.1363355166658999,350,0.1,10,0.7,0.8,0.5,0.5,10.0,1,0.0,0.0
32,5,1080,2160,12.423304050763448,0.6120498920458388,6.825301341039164,0.1000214722539793,0.0711592586669948,10.856270808423009,0.1490563259960803,100,0.02,6,0.9,0.8,0.0,2.0,0.0,2,0.3333333333333333,-0.1033439424256109
4,5,1080,2160,8.758149518260248,0.9999450494937402,0.0703236982860836,0.0009608444040504,-0.2918933011820954,13.78806766598313,0.1598057382095962,700,0.3,10,0.9,0.8,0.0,0.5,0.0,1,0.6666666666666666,0.7659609850368815
44,5,1080,2160,7.833236221737333,0.7781275223949271,2.2493734087325907,0.0510175793540099,-0.0321595215957455,11.6317737642924,0.1696881004831806,100,0.1,6,0.7,0.6,0.5,1.0,0.0,3,0.3333333333333333,0.103030303030303
82,5,1080,2160,10.670205495931484,0.8120534207696155,2.536936585285045,0.0578414504426662,-0.0307370303415979,9.218610812955433,0.1309590224453587,350,0.3,10,0.9,0.6,0.5,0.5,0.0,2,0.0,-0.0607905543680064
29,5,1080,2160,11.963948458742212,0.582645848429327,7.465005985012761,0.1073177168727088,-0.1041593678197556,9.499950938754612,0.1317351248420398,100,0.02,10,0.7,0.6,0.0,0.5,0.0,1,0.3333333333333333,0.3696969696969697
54,5,1080,2160,13.444626949680623,0.7265413242104479,5.853768581388588,0.0964008285686225,-0.4678233056920993,13.601053540070575,0.1797358816671472,100,0.3,6,0.9,0.6,0.5,0.5,0.0,2,0.3333333333333333,-0.2848484848484848
63,5,1080,2160,8.520320253018978,0.4613157695658761,5.5844409370422365,0.0968811181006513,-0.0150613902594303,11.878633092332768,0.148598786858717,100,0.02,6,0.7,0.8,0.5,1.0,0.0,3,0.6666666666666666,0.0303030303030303
38,5,1080,2160,10.380896381978635,0.685887368115154,4.632202552866053,0.0776780911271921,0.0501366612329932,8.870106322765348,0.115492627254626,100,0.02,10,0.9,0.6,0.0,2.0,0.0,2,0.3333333333333333,0.3525852153344375
34,5,1080,2160,11.876142636051885,0.5594049916441994,7.35170628114983,0.1035586431860657,-0.0201313280758732,12.57096394220988,0.158240756204376,100,0.02,6,0.9,0.8,0.5,2.0,0.0,1,0.6666666666666666,-0.1094229978624116
45,5,1080,2160,5.43203061790378,0.9996103889795896,0.1186490585589436,0.0021402266434176,-0.3371670912653399,11.410618050142572,0.1482031251596187,700,0.02,10,0.7,0.8,0.0,2.0,0.0,3,1.0,0.3696969696969697
81,5,1080,2160,10.688572064858896,-2.7198234176850636e-05,9.763692812036584,0.1285650905434427,-0.0719423045868747,12.122826966886167,0.1521420130568525,350,0.1,6,0.7,0.6,0.5,2.0,10.0,2,0.0,0.0
5,5,1080,2160,10.127192799426892,0.7870492236594965,3.856406288676792,0.0606113493608556,-0.12745668065681,10.696062345416458,0.1516214157278586,100,0.02,10,0.9,0.6,0.0,2.0,0.0,3,0.3333333333333333,0.4545454545454545
62,5,1080,2160,15.503435757954914,-2.549326308276534e-06,15.200981063842775,0.1916674136943216,-0.0542753490333363,7.261682777404785,0.0949453856113495,700,0.3,10,0.9,0.6,0.0,1.0,10.0,2,0.0,0.0
76,5,1080,2160,9.03515471211186,0.7972118513176163,2.7297874548782906,0.0536170419146396,-0.1077492017927681,11.04962525098412,0.1540627284616287,350,0.02,6,0.9,0.8,0.5,2.0,0.0,1,0.0,-0.1757575757575757
10,5,1080,2160,14.688951667503073,-4.469787984184848e-08,14.153184851187248,0.1758917419711942,-0.0063708798317207,10.252296539942424,0.1344137305861663,700,0.05,10,0.7,0.6,0.0,2.0,10.0,2,0.0,0.0
11,5,1080,2160,11.498829541912786,0.6105220604485347,6.8197394738373935,0.0947328592148999,0.0678068726281077,12.359453729656009,0.1501631919715129,100,0.02,10,0.7,0.8,0.5,0.5,0.0,1,0.3333333333333333,0.406060606060606
52,5,1080,2160,12.606530732755308,-2.8445568844848168e-05,12.23384540416576,0.150378580316,-0.0591355680667686,10.037306503719751,0.1274331364657523,100,0.3,10,0.9,0.8,0.0,0.5,10.0,2,0.0,0.0
77,5,1080,2160,7.032446141596194,0.9936014343638933,0.3776951981134091,0.0083586485652324,-0.3874938326830297,10.42064226613794,0.1398415179150985,700,0.05,6,0.9,0.8,0.0,1.0,0.0,1,0.6666666666666666,0.103030303030303
75,5,1080,2160,10.987979521398191,0.5977711969656276,5.580543954824961,0.0959854275974638,0.1242331053201321,8.145373785319153,0.107637016561056,100,0.1,10,0.7,0.6,0.5,0.5,0.0,1,0.0,-0.4787878787878787
80,5,1080,2160,13.223303580813935,-1.5101173703513382e-05,12.261769267188178,0.1525207467421792,-0.1173901269336235,12.061522002043548,0.1558806018101353,100,0.05,6,0.7,0.6,0.0,1.0,10.0,2,0.0,0.0
78,5,1080,2160,11.016745453057466,0.6885420969386171,4.669771557384067,0.0788788811526283,-0.1967913873941897,10.902257916309216,0.140095684578029,100,0.05,10,0.9,0.8,0.5,1.0,0.0,2,0.0,-0.5515151515151515
2,5,1080,2160,9.290947322139036,0.717239694274576,4.088087668948703,0.0635089669219683,0.024901714712623,9.451394848646942,0.1326158815842374,100,0.02,6,0.9,0.6,0.5,1.0,0.0,1,0.6666666666666666,0.6363636363636362
46,5,1080,2160,11.333883326495137,-0.000294274929349,10.644110358909325,0.1397983197961885,-0.0881114871845605,12.230344989917896,0.1622410862930542,100,0.3,10,0.7,0.8,0.0,2.0,10.0,2,0.0,0.0
55,5,1080,2160,6.022732448754487,0.7172645422639863,3.451533110936482,0.0520240671561341,-0.029770016270826,13.837165221461545,0.1653432544332652,100,0.02,10,0.9,0.8,0.5,0.5,0.0,2,0.0,-0.7818181818181817
87,5,1080,2160,12.50504726268627,-1.309247022862614e-05,12.120324626498752,0.1475737740832335,-0.0004160500289012,11.755468914597124,0.1501821528862459,100,0.3,6,0.7,0.8,0.0,1.0,10.0,3,0.0,0.0
69,5,1080,2160,10.281207623456226,0.8209894410872629,3.155790676330044,0.0626559569093784,-0.8474217089888796,11.669098452526248,0.1553476984497114,100,0.3,10,0.7,0.6,0.5,0.5,0.0,3,0.3333333333333333,-0.3212121212121211
66,5,1080,2160,10.316879092322456,-0.0002102065099705,10.018039043567798,0.1315993420562404,-0.0767561956089306,11.398829968063918,0.1398257189365831,700,0.3,10,0.7,0.6,0.0,2.0,10.0,3,0.0,0.0
58,5,1080,2160,11.160595650319696,0.6141934059963033,6.6174140810966495,0.0959062050001366,-0.0664427648321404,12.791105008213608,0.1584914267623185,100,0.02,10,0.7,0.8,0.5,0.5,0.0,2,0.3333333333333333,-0.1515151515151515
47,5,1080,2160,13.909685177273222,-1.7357598238731953e-06,12.446664422353107,0.1524189789334895,-0.00042824688671,8.885237955517239,0.1209506148287935,100,0.3,10,0.9,0.8,0.0,2.0,10.0,2,0.0,0.0
64,5,1080,2160,10.179702589511871,0.6827586544894436,4.0324437103448085,0.0700200752814844,-0.096838617537553,12.982076530721454,0.1592981892110901,350,0.02,6,0.9,0.6,0.5,1.0,0.0,3,0.3333333333333333,0.0909090909090908
36,5,1080,2160,9.891842375154848,-2.421480369996232e-06,9.395938652886285,0.1224919939932706,-0.1336057274906565,14.1693271834762,0.1689080579410168,700,0.3,6,0.9,0.6,0.0,0.5,10.0,2,0.0,0.0
84,5,1080,2160,10.586973479235615,0.5948237253280371,5.906273288726807,0.0834828022191135,-0.0070435109993087,10.83436274599146,0.1357898409987909,100,0.02,6,0.7,0.6,0.5,1.0,0.0,2,0.0,0.0
85,5,1080,2160,11.77368569056193,0.3310397145399114,8.589516244994268,0.1236953727034376,0.0676445643675888,11.095505213737487,0.1403842665987229,100,0.02,10,0.7,0.6,0.5,1.0,0.0,3,0.0,-0.4437710468864471
86,5,1080,2160,11.676051832658274,0.4175458911177674,8.100165002964163,0.1123994630998512,-0.080860326752095,12.937155176356988,0.1565710958609087,100,0.02,6,0.7,0.8,0.5,0.5,0.0,3,0.0,-0.0181818181818181
6,5,1080,2160,7.858505664688569,0.8442357302758452,2.3324041306641363,0.047127311745357,-0.1390085897686426,11.548733243533858,0.1423743877344739,700,0.05,10,0.7,0.8,0.5,2.0,0.0,3,0.3333333333333333,-0.2121212121212121
59,5,1080,2160,12.984992777418208,0.6182775030441292,7.220399907430013,0.1038127234942587,0.0338694209385697,9.848954575944829,0.1285362288943151,100,0.02,6,0.7,0.8,0.0,0.5,0.0,1,0.0,-0.0424242424242424
53,5,1080,2160,12.52640629944978,-1.6911740896574654e-09,11.7925001695421,0.1569844776856483,-0.1681592687556039,11.728965680157696,0.154114489442326,700,0.1,10,0.7,0.8,0.0,2.0,10.0,2,0.0,0.0
65,5,1080,2160,10.809819249665296,0.7859543006275344,3.656465189156157,0.0682400961093373,-0.2115453339986059,12.637988525515905,0.1681049487940048,700,0.05,10,0.7,0.8,0.5,0.5,0.0,2,0.3333333333333333,0.2553203283456271
88,5,1080,2160,9.266546487455011,0.6806991909436526,3.3717945049427174,0.0670444367892899,-0.008650793502595,11.33592131552873,0.1507073510377539,350,0.02,10,0.9,0.6,0.5,1.0,0.0,1,0.3333333333333333,0.3575757575757575
79,5,1080,2160,9.31469158914354,0.4273306808689276,5.94300240834554,0.1069896639066534,-0.2077373982252268,10.461189440444665,0.1611657785797236,100,0.05,6,0.9,0.6,0.5,0.5,0.0,1,0.3333333333333333,-0.3575757575757575
12,5,1080,2160,12.580981005562675,0.3529529700534575,9.382884574289674,0.1265374500677559,-0.2066549803848327,9.574061857417778,0.124119775173882,100,0.02,6,0.7,0.8,0.5,0.5,0.0,1,0.3333333333333333,-0.5030303030303029
1,5,1080,2160,7.085228989896952,0.93263304404641,1.5838098649480552,0.0294978774767805,-0.0567800372809823,12.045385092143658,0.1547259132241312,700,0.3,6,0.9,0.8,0.5,0.5,0.0,1,0.0,-0.3333333333333332
56,5,1080,2160,9.719197020530702,0.7012060823238584,4.011335861417983,0.0713345394057459,-0.1700170568629131,9.527353282239703,0.124585561706291,100,0.02,6,0.9,0.8,0.0,0.5,0.0,1,0.0,-0.1945297739776206
22,5,1080,2160,4.855167570467349,0.9479324434319708,0.8837185536490547,0.0169696602841733,0.0230560608510499,9.160263549840009,0.1384168684440634,700,0.3,10,0.7,0.6,0.5,1.0,0.0,2,0.3333333333333333,-0.2606060606060606
74,5,1080,2160,11.855738190544978,-1.5434921256662903e-06,11.729270968967011,0.149883263432471,-0.000378030604111,11.477849279333045,0.1466627154099434,350,0.1,10,0.9,0.8,0.0,2.0,10.0,3,0.0,0.0
48,5,1080,2160,7.40957700588085,0.7386349436234043,3.448657519552443,0.0681617070110932,-0.1283231599473049,13.629970578573367,0.169577804597254,100,0.1,10,0.9,0.8,0.5,2.0,0.0,3,0.3333333333333333,0.1878787878787878
7,5,1080,2160,7.805034221013386,0.6812736409777311,4.299331321363095,0.077993504242273,-0.1620075959189035,9.823642437722947,0.1285323616273987,100,0.02,6,0.9,0.8,0.0,0.5,0.0,3,0.3333333333333333,-0.2195162759948775
0,5,1080,2160,15.046322595101817,-8.824023756126564e-06,14.926925738299332,0.1810599632669772,-0.019513017909237,11.221548678786666,0.1431774512287209,100,0.3,6,0.7,0.8,0.0,1.0,10.0,3,0.0,0.0
61,5,1080,2160,10.463448866385,0.4804738782464109,6.108403614538687,0.0941381406003839,-0.0155145024053255,12.091056679089863,0.1570385006118558,100,0.02,6,0.9,0.6,0.5,0.5,0.0,3,0.0,-0.103030303030303
67,5,1080,2160,12.4200765298914,-4.544035702158666e-05,11.466411736806236,0.1501035558195451,-0.0143623506562609,8.331697818261606,0.1119845698970627,350,0.3,6,0.7,0.8,0.0,1.0,10.0,2,0.0,0.0
68,5,1080,2160,10.83887599326946,0.5554147325834047,4.973560134234528,0.0913434364090503,0.0320834586611388,9.366985619686268,0.1235537974782259,700,0.02,10,0.9,0.6,0.5,1.0,0.0,1,0.3333333333333333,0.5151515151515151
39,5,1080,2160,13.067234638222942,0.5047892584778892,7.8027588892797075,0.1195165742073947,-0.0455903825939061,14.10290342964508,0.1714953413820582,100,0.1,10,0.7,0.6,0.5,2.0,0.0,3,0.0,-0.2848484848484848
72,5,1080,2160,15.772538406937212,-1.4700205652751208e-07,15.300545935454192,0.1777091305876557,-0.0564588541516661,10.904713254504731,0.1346442749227399,700,0.3,10,0.9,0.6,0.0,2.0,10.0,3,0.0,0.0
42,5,1080,2160,9.420990058404428,0.6426850458878668,4.261844999878495,0.0737443511623669,-0.2305803923358114,12.1122304698273,0.1458586167764765,100,0.05,10,0.7,0.6,0.5,1.0,0.0,2,0.6666666666666666,0.3939393939393939
28,5,1080,2160,9.433220277715613,-1.0549098332424124e-05,8.899511330216018,0.1169250520649176,-0.0100073564862512,11.148214344448514,0.1495644078926256,100,0.3,6,0.7,0.6,0.0,0.5,10.0,1,0.0,0.0
25,5,1080,2160,9.44008643053196,0.9023924388850372,1.780673488292981,0.0401650369210267,-0.156888982758075,14.086014772454895,0.1735312456391436,350,0.02,6,0.9,0.6,0.0,2.0,0.0,3,0.3333333333333333,-0.103030303030303
15,5,1080,2160,12.19474410887118,0.5857603161963377,6.572677773899502,0.0975282477810556,0.1049932918905536,8.755766788500326,0.1154846258964865,100,0.02,6,0.7,0.6,0.0,0.5,0.0,3,0.3333333333333333,0.4424242424242424
18,5,1080,2160,6.0202197244432245,0.7442068031421332,3.116208180144981,0.0520673386860038,0.0551057191023751,12.010939990149604,0.1538319629313498,100,0.02,6,0.9,0.8,0.0,2.0,0.0,2,0.3333333333333333,-0.1393939393939393
70,5,1080,2160,13.887557392826784,-1.069163059952416e-05,13.497452528211806,0.1643624236869082,-0.4802711254788632,11.370673144305194,0.1352539827396774,350,0.3,6,0.7,0.8,0.0,2.0,10.0,2,0.0,0.0
21,5,1080,2160,9.75705630125823,-1.9081438956680685e-05,9.111577175988092,0.1258941123391251,-0.0957690677833926,13.122291376679032,0.1728636983075817,700,0.3,6,0.7,0.8,0.5,2.0,10.0,1,0.0,0.0
24,5,1080,2160,10.17162053567392,-8.669036523745177e-06,9.179062236503318,0.1190220219758087,-0.0027583666037183,12.346419193479749,0.1580312198398235,350,0.3,6,0.7,0.8,0.0,1.0,10.0,3,0.0,0.0
14,5,1080,2160,10.79026077378541,0.9119266778845844,1.6240864735620997,0.0379665701418744,0.0282840298836863,7.934516430166032,0.1078493064921836,700,0.3,10,0.9,0.6,0.5,0.5,0.0,1,0.3333333333333333,0.0787878787878787
19,5,1080,2160,9.66871546385465,0.8843463652847324,2.58315625315877,0.0438813835177722,0.0253887675267243,9.33208892252986,0.1321394776560118,700,0.05,10,0.7,0.6,0.5,0.5,0.0,1,0.0,-0.0909090909090908
90,5,1080,2160,8.262751675358526,-1.303821411213768e-05,8.137915485523363,0.1153176934350044,-8.537143614750775e-05,9.553200556437174,0.1265027562544615,350,0.3,10,0.7,0.8,0.0,0.5,10.0,1,0.0,0.0
92,5,1080,2160,9.766536867353652,0.4870174747739335,6.3421710235101205,0.0951090668344722,-0.2252369535116356,7.34081532548975,0.1058686633502858,100,0.02,6,0.7,0.6,0.5,1.0,0.0,3,0.6666666666666666,0.3575757575757575
20,5,1080,2160,11.0212710013213,0.6487872530964468,5.471733512525206,0.0877301078824918,-0.3375895802239224,11.308457604337622,0.1528039174200064,100,0.02,10,0.9,0.6,0.0,2.0,0.0,2,0.3333333333333333,0.0545454545454545
17,5,1080,2160,9.963953399304993,0.6484049722972307,4.574269591349143,0.0816645867468159,-0.2142613265791928,9.464976285916787,0.1221698974943132,350,0.02,10,0.9,0.6,0.5,0.5,0.0,3,0.3333333333333333,-0.1515151515151515
60,5,1080,2160,12.937714389518456,-1.879144779781683e-07,12.209121700569437,0.1542543316410329,-5.134320590460817e-06,8.143600631996437,0.1106246389700719,700,0.1,10,0.7,0.8,0.0,0.5,10.0,2,0.0,0.0
13,5,1080,2160,11.926425181848032,0.3977651699653218,9.1509572924508,0.1270023093956571,-0.1475436103201941,10.15380961418152,0.1262568980862142,100,0.02,6,0.9,0.6,0.5,2.0,0.0,1,0.0,-0.1757575757575757
16,5,1080,2160,8.40950535809552,0.5327570564973386,4.506856297033804,0.0798365360913273,-0.021990202079146,11.629636029667324,0.1515477942479937,100,0.02,6,0.9,0.6,0.5,1.0,0.0,2,0.0,-0.6242424242424242
27,5,1080,2160,10.540923929567692,-3.040452132285765e-07,10.500165706917093,0.144582572976263,-0.0006182471750282,10.769333789613512,0.1471906616327815,700,0.3,10,0.9,0.6,0.0,0.5,10.0,3,0.0,0.0
26,5,1080,2160,12.128907970852325,-7.978681940579158e-05,11.245965990137172,0.1415698832002731,-0.0450795266491437,11.795203898394549,0.1493220213189948,700,0.3,10,0.7,0.6,0.0,1.0,10.0,2,0.0,0.0
91,5,1080,2160,11.31256841942116,-6.047956588872694e-06,11.025195251747414,0.1476958097383924,-0.0407835695084823,9.043711282588818,0.1223483460227547,700,0.3,6,0.7,0.8,0.5,2.0,10.0,3,0.0,0.0
23,5,1080,2160,11.606876632372538,0.3683703373244104,7.850527302247506,0.1184765553810199,0.1202756097510812,9.668383913923192,0.1327449021968005,100,0.02,10,0.9,0.6,0.5,1.0,0.0,1,0.3333333333333333,-0.406060606060606
94,5,1080,2160,6.361546255305962,0.9800624204403386,0.798234689184637,0.0144752071443465,-0.2238915448894256,10.17475156818827,0.1357223913261391,350,0.02,10,0.9,0.6,0.0,2.0,0.0,1,0.0,0.0060790554368006
33,5,1080,2160,11.062825867158397,0.6378722236925236,5.998041426517346,0.0877399205192433,0.0233139540509642,11.790916699656734,0.1515535539403274,100,0.02,10,0.9,0.6,0.0,1.0,0.0,2,0.3333333333333333,0.3586642707712381
93,5,1080,2160,9.831423658794828,0.534276920635516,5.884506313006082,0.098352029232883,0.1890555026907902,8.258747707826119,0.1222746455877339,100,0.02,6,0.7,0.6,0.0,0.5,0.0,1,0.6666666666666666,0.3696969696969697
97,5,1080,2160,8.71898250721119,-1.5159160617894685e-06,7.737961205376518,0.1003556516456617,-0.0818548455055021,11.56421048623544,0.148776970439983,350,0.3,6,0.7,0.8,0.0,0.5,10.0,1,0.0,0.0
89,5,1080,2160,14.158349167859114,-0.0004222100366715,13.694966206727203,0.1652098687662945,-0.0930386132210285,7.74835699752525,0.1015131758276365,350,0.3,6,0.7,0.8,0.0,1.0,10.0,3,0.0,0.0
98,5,1080,2160,12.485348911991826,0.3553023203266613,9.054129257025542,0.1288630646578797,0.1281314787895699,8.300488610974066,0.1201664179643269,100,0.02,10,0.7,0.6,0.5,1.0,0.0,1,1.0,0.7212121212121211
99,5,1080,2160,12.424899329432735,-3.178950552129578e-06,12.264477414731626,0.1529475790374596,-0.2865848213154653,15.277027670189185,0.1770886505963298,100,0.3,6,0.7,0.8,0.0,2.0,10.0,1,0.0,0.0
96,5,1080,2160,14.624212492483633,-3.2587448822951615e-05,14.12747361359773,0.1789485777248778,-0.0051209457277556,9.97539811876085,0.1326755314902291,100,0.3,6,0.7,0.8,0.0,0.5,10.0,2,0.0,0.0
95,5,1080,2160,6.801804352692431,0.9913833508440372,0.4972607112552591,0.0134474583930744,-0.2299262239195227,14.429319515502945,0.1996878507775074,100,0.1,10,0.9,0.8,0.0,0.5,0.0,3,0.6666666666666666,0.1636363636363636
8,15,3240,2160,10.66376791065122,0.6080143145221195,4.3812297176799655,0.0845695079605565,-0.0579499163233194,12.283932256168791,0.1553503146983743,100,0.1,6,0.7,0.6,0.5,0.5,0.0,3,0.3333333333333333,-0.3696969696969697
17,15,3240,2160,8.312009896466762,0.7388621814011629,3.399188109551453,0.0662870370135344,0.0381621865611321,8.082264641655817,0.1087324193158829,350,0.02,10,0.9,0.6,0.5,0.5,0.0,3,0.6666666666666666,0.1393939393939393
3,15,3240,2160,10.906558187390551,0.3829538548581417,7.186371984364074,0.1104038726329482,0.1222770175876586,9.85909998893738,0.1275744604778179,100,0.02,6,0.7,0.6,0.5,0.5,0.0,3,0.0,0.103030303030303
2,15,3240,2160,10.428621042275134,0.5635641871510686,6.024864094934346,0.0891161054501484,0.0915150058281841,9.761168811586169,0.128005968380628,100,0.02,6,0.9,0.6,0.5,1.0,0.0,1,0.3333333333333333,0.2969696969696969
10,15,3240,2160,10.842288364951994,0.5855505489808468,6.169403683079613,0.0941513548694032,0.0823221914515414,9.782654438195404,0.1283540920364225,100,0.02,10,0.7,0.6,0.5,2.0,0.0,3,0.6666666666666666,0.7333333333333332
9,15,3240,2160,9.088673430224995,0.7874363705597368,2.5760233362773324,0.0576839311823749,0.0447026354060436,7.980614084844237,0.1136453979218302,700,0.05,6,0.7,0.6,0.5,0.5,0.0,1,0.6666666666666666,0.5030303030303029
15,15,3240,2160,9.324697812928092,0.7486632990597888,3.646719727641271,0.0676445020423051,-0.1191499000937714,10.412433550534423,0.1291383272952521,350,0.02,6,0.7,0.8,0.5,2.0,0.0,2,0.0,-0.5030303030303029
11,15,3240,2160,9.135370607611572,0.5644718708428942,5.26592092667097,0.0838917516400889,0.072453020558908,11.803269231054518,0.1497885100068339,100,0.02,6,0.7,0.6,0.0,2.0,0.0,2,0.3333333333333333,0.0545454545454545
0,15,3240,2160,9.451188010345271,0.491745040601146,5.817668224264074,0.0924584319655544,0.0783646877861886,10.539867060096174,0.136131237481588,100,0.02,6,0.7,0.6,0.0,1.0,0.0,1,0.6666666666666666,0.4181818181818181
25,15,3240,2160,10.005079037937117,0.5357626348238607,5.832151845296225,0.0902234211958028,-0.0042751891557597,13.012021338674758,0.1616807102613971,100,0.02,6,0.7,0.8,0.5,1.0,0.0,2,0.3333333333333333,-0.2363636363636363
4,15,3240,2160,8.893659307809523,0.6007662921728236,5.094375266969941,0.0802557113787247,0.078028029003913,10.10008209405122,0.1350012860198523,100,0.02,10,0.9,0.6,0.5,0.5,0.0,2,0.6666666666666666,0.709090909090909
5,15,3240,2160,10.500173408837966,0.7890110951311805,3.39625625941477,0.0652108095408872,-0.2312877734946206,11.63711933211044,0.1584493269566118,350,0.05,6,0.9,0.8,0.5,0.5,0.0,3,0.3333333333333333,0.2848484848484848
18,15,3240,2160,9.474474662498192,0.6688965416668016,4.051908690879915,0.079454125177158,0.0163216735167346,12.445229515234631,0.1569573012987224,700,0.02,6,0.7,0.8,0.5,0.5,0.0,1,0.3333333333333333,-0.1151515151515151
12,15,3240,2160,10.993533328594983,0.7511979665830849,3.792991513698822,0.0734653533560306,0.0002656080833738,8.33491840676025,0.1129774431174777,350,0.1,10,0.7,0.6,0.5,2.0,0.0,1,0.6666666666666666,0.5393939393939393
32,15,3240,2160,10.559359096833218,0.6135748160562209,5.579942210397602,0.0909228562826811,0.0746257886760718,11.491015863771793,0.1487779191562409,100,0.05,6,0.9,0.6,0.5,0.5,0.0,1,0.0,-0.3525852153344375
14,15,3240,2160,9.926930777585063,0.570079014330112,5.790335252137831,0.0891099235005165,-0.0065164707429985,8.196595463576141,0.1097635462081332,100,0.02,10,0.9,0.6,0.5,0.5,0.0,1,0.6666666666666666,0.5393939393939393
13,15,3240,2160,10.266071645242198,0.4743656406060995,6.728572704880326,0.1043844115976283,-0.1354518518174428,9.87666600951442,0.1255899470041708,100,0.02,10,0.7,0.6,0.5,0.5,0.0,2,0.3333333333333333,-0.0666666666666666
6,15,3240,2160,8.978686570826872,0.5643582032968477,5.394331040264648,0.0816995457648739,0.142095458416121,9.711163202215126,0.1235628319136618,100,0.02,6,0.7,0.6,0.0,0.5,0.0,1,0.3333333333333333,0.5393939393939393
7,15,3240,2160,9.977271223833531,0.7205629421866941,3.617498530506007,0.0747674059965313,0.2012708799129032,8.010762974774396,0.106563324983763,100,0.1,6,0.9,0.6,0.5,0.5,0.0,2,0.3333333333333333,0.2969696969696969
31,15,3240,2160,11.676254437411272,0.7016007355415317,4.41939571303304,0.0836979118645708,-0.0250881072417241,9.590527621066128,0.1204769414587199,100,0.1,6,0.7,0.6,0.5,0.5,0.0,3,0.6666666666666666,0.4909090909090908
30,15,3240,2160,9.58930894498472,0.6453244258360515,4.512597986787189,0.0839982549388043,0.100375339549829,9.843354280613086,0.1221370991038149,100,0.1,6,0.7,0.6,0.5,1.0,0.0,1,0.6666666666666666,0.5030303030303029
35,15,3240,2160,11.299009246649565,0.6645355079026696,5.482305131194031,0.0842384779575131,-0.0409224264462011,7.375963410271539,0.1033572641559368,100,0.02,10,0.7,0.6,0.0,1.0,0.0,1,0.0,0.0545454545454545
1,15,3240,2160,9.382574854780126,0.8664253778563544,2.108906180477172,0.0473079260911028,0.0212349168156668,11.983296861207045,0.1489052424826104,700,0.02,10,0.7,0.6,0.5,1.0,0.0,1,0.6666666666666666,0.4909090909090908
22,15,3240,2160,6.211499151123894,0.9332944321214552,1.257711431922989,0.0285109743530286,0.1176733417020811,10.01378277151673,0.1315433502309722,350,0.1,10,0.7,0.8,0.5,2.0,0.0,2,0.3333333333333333,0.2727272727272727
34,15,3240,2160,11.33701625988807,-1.3979050817791716e-05,11.190862901475692,0.1463786954463968,-0.0007867104165908,12.392491681134258,0.1567332257859272,700,0.3,6,0.7,0.6,0.5,1.0,10.0,1,0.0,0.0
24,15,3240,2160,9.66220967275125,0.6005909854452915,4.889078357896688,0.0905302296151998,0.0207886761570695,11.577014026112026,0.1561647315113053,350,0.02,6,0.7,0.8,0.5,1.0,0.0,3,0.3333333333333333,0.2848484848484848
71,15,3240,2160,10.209669817995142,0.6784916901003151,4.025814692297099,0.0739769890631687,0.0277334530778958,11.145457217781631,0.140997506302476,100,0.05,6,0.7,0.6,0.5,1.0,0.0,3,0.3333333333333333,0.309090909090909
51,15,3240,2160,10.141123801160742,0.7195452348222878,3.856620600884342,0.0738871055782204,-0.0516544050028846,12.34394158941728,0.1537230375100887,100,0.1,6,0.7,0.8,0.5,2.0,0.0,1,0.0,-0.6990913752320743
29,15,3240,2160,9.930746023566634,0.6222364287117714,4.6166592040768375,0.0862672352213823,0.1294764012508331,8.758232819769116,0.1169704016084986,350,0.02,10,0.7,0.6,0.5,1.0,0.0,1,0.6666666666666666,0.4909090909090908
88,15,3240,2160,12.946742362505123,-1.5440400957800193e-08,12.771671946019302,0.160909473685012,-0.0012288832063758,11.545120505226985,0.1501518556809453,700,0.1,6,0.7,0.6,0.5,0.5,10.0,2,0.0,0.0
38,15,3240,2160,7.947398080237117,0.6783068731348758,4.558734136628517,0.0744138058249285,0.1032876209871146,8.154550357218142,0.1122148363850528,100,0.02,10,0.9,0.6,0.0,2.0,0.0,2,0.0,-0.2735574946560291
36,15,3240,2160,8.154699649280973,0.8334223113029797,2.04213957604728,0.0461700589072767,-0.0034120511331638,13.4072796009205,0.1589128472989117,700,0.1,10,0.7,0.6,0.5,2.0,0.0,3,0.6666666666666666,0.3212121212121211
19,15,3240,2160,10.927537666485634,0.5383478008902409,7.011354348630081,0.1041260034604003,0.1381912177120996,9.536975807083978,0.1242574215202626,100,0.02,6,0.9,0.8,0.0,1.0,0.0,2,0.0,-0.006060606060606
27,15,3240,2160,8.370838733190372,0.8101742630259412,2.37987557058579,0.0541398739462977,0.0055753413267499,10.628506982061598,0.1467344169655154,700,0.02,6,0.7,0.6,0.5,2.0,0.0,2,0.3333333333333333,0.1757575757575757
57,15,3240,2160,8.724160278167254,0.6560646563325063,3.970164142847061,0.0718875035672786,0.1332146718298447,9.340487750018085,0.130489782281175,100,0.05,6,0.7,0.6,0.5,2.0,0.0,1,0.0,0.3818181818181818
87,15,3240,2160,10.526983723463834,0.6274233654271532,5.077334144527529,0.0880241385443802,-0.0408809605761024,11.35845464741742,0.1531893356464651,100,0.05,6,0.7,0.6,0.5,2.0,0.0,2,0.3333333333333333,-0.4424242424242424
73,15,3240,2160,8.356114199720784,0.636167830677733,4.14592340292754,0.0737640935466404,0.0004042377340339,9.118203408718108,0.1217618401949428,100,0.05,6,0.9,0.8,0.5,2.0,0.0,2,0.3333333333333333,0.0666666666666666
62,15,3240,2160,12.550250458599608,0.6684351484838917,5.190877223790475,0.0918290665042206,-0.0113941281125047,7.394934822365089,0.0929944543727959,700,0.02,10,0.7,0.6,0.5,0.5,0.0,1,0.0,0.1757575757575757
50,15,3240,2160,8.50751768677323,0.8265152811266359,2.018994420646793,0.0482087239332097,0.1066285838645889,9.108328477806516,0.1275735499487136,700,0.1,6,0.7,0.6,0.5,2.0,0.0,2,0.3333333333333333,0.0666666666666666
54,15,3240,2160,11.491741693225908,0.8570557463456249,2.6726889984087765,0.0568088341025431,-0.0990234862265087,12.12260889362406,0.1555254202637165,350,0.02,10,0.7,0.6,0.0,0.5,0.0,3,0.3333333333333333,0.309090909090909
33,15,3240,2160,8.87773809309359,0.6726176370584913,4.719599322684018,0.0722802370460197,0.025715737548968,11.945593385343198,0.1513670954152152,100,0.02,10,0.9,0.6,0.0,1.0,0.0,2,0.6666666666666666,0.0425533880576045
23,15,3240,2160,9.418951893205996,0.5481555458413099,5.692311841882306,0.0906694636822796,0.1230454045629636,9.284004359951728,0.1325357651038424,100,0.02,10,0.9,0.6,0.5,1.0,0.0,1,0.6666666666666666,0.8181818181818182
49,15,3240,2160,7.91729292869568,0.7832176666959871,3.00421598388825,0.0559444869799042,0.0365638072870239,7.965349820543219,0.1148050317524483,350,0.02,6,0.9,0.6,0.5,1.0,0.0,2,0.0,-0.0787878787878787
41,15,3240,2160,9.012271870448265,0.6943170008839892,4.304723868075712,0.072809017612656,0.0837002791746336,9.64478757822955,0.1395662996119462,100,0.02,10,0.9,0.6,0.0,2.0,0.0,2,0.6666666666666666,0.103030303030303
37,15,3240,2160,8.539468541263062,0.7168114684960138,3.355362466058614,0.0644253607074361,-0.0268421182268303,12.51216708978017,0.1603662481070738,100,0.05,6,0.7,0.8,0.5,2.0,0.0,1,0.3333333333333333,-0.1393939393939393
86,15,3240,2160,7.483136607040594,0.7043128152706875,3.757561388898779,0.0606331673858537,0.0985299083982074,10.981823888531435,0.1429889458420165,100,0.02,10,0.9,0.8,0.5,0.5,0.0,3,0.3333333333333333,0.4545454545454545
26,15,3240,2160,10.602941040227444,0.4576558619405536,6.839213330245313,0.1040439652932541,0.1633413808907284,10.273842685840748,0.1336051918379817,100,0.02,6,0.7,0.6,0.5,2.0,0.0,2,0.6666666666666666,0.4909090909090908
39,15,3240,2160,10.381026214317036,0.718057790499649,4.58624984803759,0.075867937921866,-0.0504464944955429,14.139314203174026,0.1718931242337469,100,0.02,10,0.9,0.8,0.0,0.5,0.0,2,0.3333333333333333,0.1515151515151515
63,15,3240,2160,8.196504553806635,0.671504113642698,3.1580236824942225,0.0683126148663669,0.1003151940124331,9.13896710837329,0.1398989009012146,350,0.02,10,0.9,0.6,0.5,2.0,0.0,3,0.6666666666666666,0.6242424242424242
44,15,3240,2160,10.580031621779924,0.5450591296908364,6.698248043943334,0.1015091062731556,0.0709759660044768,12.861036059591504,0.1609872386645438,100,0.02,6,0.9,0.8,0.0,2.0,0.0,2,0.6666666666666666,0.2363636363636363
43,15,3240,2160,11.216008383756805,0.7960015436960965,3.42561069616818,0.0672496824852403,-0.0748856129411761,8.786369287043087,0.1166274039772514,700,0.02,6,0.7,0.6,0.0,0.5,0.0,2,0.3333333333333333,0.3525852153344375
21,15,3240,2160,10.00202987105758,-3.5224107126641258e-06,9.79674057195216,0.1300252607903758,-0.0517701836492761,13.01930994104456,0.1693576073210392,100,0.3,6,0.7,0.6,0.5,0.5,10.0,3,0.0,0.0
47,15,3240,2160,12.460513097209692,0.6655131163923755,5.421069110073609,0.0909865402066737,0.14104124584228,8.059148232671948,0.1120730684703361,100,0.05,10,0.7,0.6,0.5,0.5,0.0,2,0.0,-0.1878787878787878
75,15,3240,2160,12.056445617204831,0.4663636613570717,7.37333497594904,0.108911405393737,0.1165567923569274,8.271603206351951,0.1081077198608016,100,0.02,10,0.9,0.6,0.5,0.5,0.0,2,0.3333333333333333,-0.5030303030303029
94,15,3240,2160,8.732172891946487,0.7697410100860059,2.8038995375369256,0.0584440919581151,0.1659005289596575,8.391067360948634,0.1120440912656612,350,0.05,6,0.7,0.6,0.5,2.0,0.0,3,0.0,-0.0607905543680064
80,15,3240,2160,11.009794223043652,0.691529505064796,4.767638229558497,0.0802340858353602,-0.1063812302158784,11.299725810775051,0.1551108074536349,100,0.02,10,0.9,0.8,0.0,2.0,0.0,2,0.3333333333333333,0.2727272727272727
55,15,3240,2160,7.669965988382882,0.9086285649093868,1.5763171462057,0.0345606636717522,0.0411440829156033,12.488879930928904,0.1595486143122457,700,0.3,10,0.7,0.6,0.5,0.5,0.0,2,0.6666666666666666,0.2848484848484848
28,15,3240,2160,11.1391348788179,0.4413862269941219,7.337913116349114,0.1085475464214851,0.0367104032206269,10.927795666058858,0.1460644146172958,100,0.02,6,0.7,0.6,0.5,2.0,0.0,1,0.6666666666666666,0.309090909090909
72,15,3240,2160,12.281655768053032,0.4960321226836504,7.744578904487469,0.1137227603647554,0.0817985106532049,8.4674383298556,0.1255251054045106,100,0.02,6,0.7,0.6,0.0,2.0,0.0,2,0.3333333333333333,0.0424242424242424
78,15,3240,2160,11.596180859436226,0.7039395447741674,5.212476075858246,0.0829040404887897,0.2027599423038703,8.567658356030782,0.1143431325824757,100,0.02,10,0.9,0.8,0.0,2.0,0.0,3,0.6666666666666666,0.3333333333333332
58,15,3240,2160,10.319350787268744,0.6322250969373373,5.699478399223751,0.0878941034875204,0.1387424346964528,10.644777964132803,0.1424306721594351,100,0.02,10,0.7,0.8,0.5,0.5,0.0,2,0.6666666666666666,0.2969696969696969
40,15,3240,2160,11.374462216459674,0.6345652556811995,5.290632303064161,0.0924941624931273,-0.0067741246788579,10.47503319228137,0.1325694752600454,350,0.02,6,0.7,0.6,0.5,0.5,0.0,3,0.3333333333333333,0.2242424242424242
76,15,3240,2160,11.74401115064268,-1.321625107575386e-06,11.632744404357158,0.148109885490915,-0.005716372174171,10.982325737564652,0.1467961353300646,350,0.1,6,0.7,0.6,0.0,0.5,10.0,1,0.0,0.0
83,15,3240,2160,8.538117264347312,0.4570154257095364,5.745872088891489,0.0950207198139878,0.1569751134491153,10.1301138220893,0.129578232806052,100,0.02,6,0.9,0.6,0.0,0.5,0.0,2,0.6666666666666666,0.4424242424242424
53,15,3240,2160,10.392724461790957,0.5879002241746509,6.505187758840161,0.0971130219858559,0.0449174342652468,10.313842179686937,0.1393519020779102,100,0.02,10,0.7,0.8,0.5,1.0,0.0,1,0.3333333333333333,0.4787878787878787
81,15,3240,2160,7.911838458261371,0.654530574067781,4.044653432634142,0.0670062403043942,0.1075059627162918,9.499182212441056,0.138824498898642,100,0.02,6,0.9,0.6,0.0,0.5,0.0,2,0.0,-0.1878787878787878
77,15,3240,2160,12.239131357110576,0.5422948558080571,6.849396495085991,0.1083460013551343,0.1171029324844549,8.228250299206486,0.1115515568602762,100,0.05,6,0.7,0.6,0.0,1.0,0.0,3,0.3333333333333333,0.4303030303030302
69,15,3240,2160,10.40638242803974,0.5457845684374462,6.280137563693669,0.0931154130378133,0.1091666436392367,8.59282306547518,0.1078748083614873,100,0.02,6,0.7,0.6,0.0,1.0,0.0,1,0.3333333333333333,0.5636363636363636
93,15,3240,2160,8.25623200805099,0.7427364122744993,3.091443541397651,0.0632829665169026,0.1078460202524261,9.336663495258048,0.128250998690787,100,0.05,10,0.7,0.8,0.5,1.0,0.0,2,0.0,0.0424242424242424
64,15,3240,2160,10.382258458608463,0.5305192577932885,6.171137190542103,0.1061318380051344,0.1002694408227928,11.04544715612023,0.1442765366153228,350,0.02,6,0.9,0.6,0.5,1.0,0.0,3,0.3333333333333333,0.2848484848484848
98,15,3240,2160,10.71880679077572,0.6219940935823923,4.7697391885569616,0.087242739887,0.1511009850153468,8.00595047738817,0.1185729517875217,350,0.02,6,0.7,0.6,0.0,2.0,0.0,3,0.6666666666666666,0.6848484848484848
79,15,3240,2160,9.680460546634816,0.5724661410117128,4.584070692724652,0.0872700196942423,0.068365822464231,9.653654778268605,0.1415498063277029,100,0.05,6,0.9,0.6,0.5,0.5,0.0,1,0.6666666666666666,0.4545454545454545
42,15,3240,2160,8.216528032996035,0.8666949824530814,1.924395021750005,0.0457583612487932,-0.3945930099251202,13.112475952174927,0.1552747494986454,700,0.3,10,0.9,0.8,0.5,2.0,0.0,3,0.3333333333333333,-0.2969696969696969
92,15,3240,2160,11.537243880578028,0.6196571314655654,5.316468366516041,0.0935024323655884,-0.2691301138861581,8.146580703346817,0.1077483085090411,100,0.05,6,0.9,0.6,0.0,0.5,0.0,2,0.3333333333333333,-0.2121212121212121
56,15,3240,2160,10.074984848558168,0.5162905624451797,6.268169508127519,0.1010779126409829,0.0496703081218458,8.388048864470589,0.112281645152523,100,0.02,6,0.9,0.8,0.0,0.5,0.0,1,0.0,0.0666666666666666
16,15,3240,2160,10.049362422507487,0.4757335863864884,6.837256785675331,0.103870977283393,0.0608451529519786,11.356427823702491,0.1452763285371044,100,0.02,6,0.9,0.6,0.5,1.0,0.0,2,0.3333333333333333,0.0787878787878787
59,15,3240,2160,10.890590158862832,0.4259105129527666,8.14540444503596,0.1161976542048636,0.2198540489811584,8.329756381953205,0.1155036130060101,100,0.02,6,0.9,0.6,0.5,2.0,0.0,1,0.6666666666666666,0.2848484848484848
90,15,3240,2160,7.911260257885781,0.691481051710119,3.60486196194166,0.0701983640553133,0.0650626405941874,8.839484346177843,0.1223130251911642,100,0.05,10,0.9,0.8,0.5,0.5,0.0,2,0.3333333333333333,0.4303030303030302
20,15,3240,2160,13.197740643583696,-1.1514909625809366e-07,13.025618916970712,0.1643237211003604,-0.05372686680487,10.171014577724316,0.1356241647436923,350,0.3,10,0.7,0.6,0.0,1.0,10.0,1,0.0,0.0
52,15,3240,2160,11.051329011092951,0.4795873428603282,6.835289132212416,0.1040884498125803,0.1400742154007234,8.736983932212546,0.1148251659150289,100,0.02,10,0.7,0.6,0.5,1.0,0.0,1,0.3333333333333333,0.2553203283456271
95,15,3240,2160,9.236161145575252,0.7922839813704039,3.031794075156436,0.0529081585834954,0.0648091568961822,13.958248835228106,0.1741254432290818,100,0.05,6,0.7,0.6,0.5,2.0,0.0,2,0.3333333333333333,0.1878787878787878
48,15,3240,2160,8.543419181594142,0.8409694347577644,2.42101028772048,0.0491295385404898,0.0457912590932712,12.193009748988684,0.1559458968841501,100,0.3,6,0.7,0.8,0.5,2.0,0.0,2,0.3333333333333333,-0.1151515151515151
97,15,3240,2160,8.751143287552726,0.7461448842591707,3.0832303600504143,0.0640759362777513,0.089306258772793,10.324083492314374,0.1365014892251156,100,0.1,10,0.7,0.6,0.5,2.0,0.0,3,0.3333333333333333,0.5515151515151515
89,15,3240,2160,11.878017062905394,0.546528391875188,7.09235299722648,0.109584765592734,0.1010519223151752,6.607916976610819,0.0920602111597048,100,0.05,6,0.7,0.6,0.5,2.0,0.0,2,0.3333333333333333,0.0666666666666666
82,15,3240,2160,8.423070717269992,0.6303579065293814,4.138469996632848,0.0827378835606498,-0.0589336838865321,9.216420284377206,0.1327381824700959,350,0.02,6,0.7,0.8,0.5,1.0,0.0,1,0.3333333333333333,0.3100318272768329
61,15,3240,2160,10.65551072768223,0.5063173817631679,6.448042049349089,0.1016047940667975,0.1961584257929275,10.38687406875469,0.1397166960198801,100,0.02,6,0.7,0.6,0.0,0.5,0.0,3,0.3333333333333333,0.0303030303030303
46,15,3240,2160,8.815927289209247,0.6238941610854023,4.519482923083835,0.074258684969756,0.0430344815860562,11.647516135109797,0.1521501176990903,100,0.02,6,0.7,0.6,0.5,1.0,0.0,3,0.3333333333333333,0.2606060606060606
96,15,3240,2160,10.654190989776891,0.7675869135488493,3.791117336001502,0.0719325493649322,0.0863545833766459,9.40922591522888,0.1264941713375301,350,0.05,10,0.9,0.6,0.5,0.5,0.0,3,0.6666666666666666,0.158539532662967
70,15,3240,2160,11.5114434922183,0.5832723188777434,6.483485236462252,0.0971294426837747,0.0338594503990528,8.633540527732283,0.1092696579387984,100,0.02,10,0.7,0.6,0.0,2.0,0.0,2,0.3333333333333333,0.37690143708164
65,15,3240,2160,9.485136731112444,0.4781315862056262,6.566229753788606,0.1002884314308983,-0.0207633022271287,11.806566318229391,0.1543025801521247,100,0.02,6,0.7,0.6,0.5,1.0,0.0,2,0.6666666666666666,0.2127669402880226
85,15,3240,2160,12.48287711084625,-6.551004461119447e-07,12.469149620856768,0.1569613325151904,-0.0041259504213255,11.343482912558096,0.145687328440732,700,0.3,10,0.9,0.6,0.0,0.5,10.0,1,0.0,0.0
84,15,3240,2160,9.013823040915124,0.5566628557419112,5.47267754437011,0.0817380514907771,0.1163574240876673,9.331738002918383,0.1271983502520766,100,0.02,6,0.7,0.6,0.5,1.0,0.0,2,0.3333333333333333,0.5757575757575757
66,15,3240,2160,10.983183006357264,0.75246745724116,3.3379458730226315,0.0719639785816588,0.0611217264299592,8.830885823920923,0.1305668768494538,700,0.1,6,0.7,0.6,0.5,2.0,0.0,2,0.3333333333333333,-0.1999999999999999
91,15,3240,2160,10.337187174455618,0.4107820629283375,7.043294541099925,0.1057841417841217,0.1353971726209597,8.12629329027953,0.111513183574697,100,0.02,6,0.7,0.6,0.5,0.5,0.0,2,0.0,-0.1151515151515151
60,15,3240,2160,12.37016735712687,-0.0001721081503653,12.255019448127277,0.1566546223540797,-9.401848398549184e-05,8.147456849416097,0.1106295552248312,700,0.3,6,0.7,0.6,0.5,0.5,10.0,3,0.0,0.0
45,15,3240,2160,9.693608725924552,0.8793045049496893,1.879999439374912,0.0466186404169858,0.0781874442096242,9.282755162539306,0.1230511938110115,700,0.1,10,0.9,0.6,0.5,1.0,0.0,2,0.6666666666666666,0.1878787878787878
68,15,3240,2160,9.004852574136523,0.7773305363397252,2.270259555576047,0.0555979004248118,0.0146453602775789,8.628285222318436,0.124661809120462,700,0.02,10,0.9,0.6,0.5,1.0,0.0,2,0.6666666666666666,0.5030303030303029
67,15,3240,2160,10.531285359064738,0.4430186440802778,6.868566992488908,0.1050813644277518,0.084258608010612,7.292755685029207,0.1064015729118441,100,0.02,6,0.9,0.6,0.5,2.0,0.0,3,0.6666666666666666,0.6242424242424242
99,15,3240,2160,12.181795102343148,-1.624939146127602e-06,12.13723963042836,0.1505416371646123,-0.1302390735830692,13.637380232634367,0.1659803498175728,350,0.3,10,0.7,0.8,0.5,0.5,10.0,2,0.0,0.0
74,15,3240,2160,9.421915788179565,0.6146622965691566,5.463138186799156,0.090583843900682,0.2177491157771518,9.858609220981595,0.1296912511935433,100,0.05,6,0.9,0.6,0.5,2.0,0.0,2,0.6666666666666666,0.3939393939393939
32,30,6480,2160,9.02728843347526,0.7302752782656636,3.61736309543459,0.0690016610350708,0.1400438616171015,11.088969611061945,0.1434227133824129,350,0.02,10,0.9,0.6,0.5,1.0,0.0,3,0.3333333333333333,0.1155020532992122
28,30,6480,2160,9.280414563697065,0.4540829808869787,6.25151467817801,0.0964082143120643,0.0605694358795502,10.695015033262749,0.1442441903597906,100,0.02,6,0.7,0.6,0.5,2.0,0.0,1,0.6666666666666666,0.5151515151515151
24,30,6480,2160,9.070017427191322,0.6032780642905832,4.863999410567828,0.0872031738024107,0.1525796326526638,11.056541023607608,0.1452761072665244,350,0.02,6,0.7,0.6,0.0,1.0,0.0,1,0.3333333333333333,0.5272727272727272
52,30,6480,2160,9.69974773786686,0.682021829619796,3.967797064162032,0.077681845098725,0.1521293479000096,8.335295846373949,0.1140174693428739,100,0.1,10,0.7,0.6,0.5,1.0,0.0,1,0.0,0.3221899381504342
15,30,6480,2160,10.265152476231256,0.7125995945802323,3.8667775789468215,0.0742786458601061,-0.0179533513894865,9.644442180615885,0.123161498668388,700,0.02,6,0.9,0.8,0.5,0.5,0.0,3,0.3333333333333333,0.1515151515151515
18,30,6480,2160,8.559945453714441,0.5314425641266902,5.528642271448065,0.088169489857257,0.086671977422148,11.731540280094851,0.1512405900296784,100,0.02,6,0.9,0.8,0.0,2.0,0.0,2,0.3333333333333333,0.2606060606060606
3,30,6480,2160,9.009945762981603,0.8254289886552802,2.446238759458295,0.0538373441253929,0.0787501880924488,9.492856248219807,0.1306994353619447,350,0.3,10,0.9,0.6,0.5,1.0,0.0,2,0.0,0.0787878787878787
22,30,6480,2160,8.27819863213433,0.7316419326308998,3.197845924700852,0.0635950125336742,0.1104798397280744,10.162961532451488,0.1320784901832248,350,0.02,10,0.7,0.6,0.5,2.0,0.0,2,0.0,0.0424242424242424
88,30,6480,2160,11.112511027212497,0.5151812788838865,6.660808867087335,0.1064639878431762,0.1572948618153892,9.87241715837408,0.1377532456109578,100,0.05,6,0.7,0.6,0.5,2.0,0.0,2,0.6666666666666666,0.5636363636363636
23,30,6480,2160,10.337068762102245,0.5222053536252877,6.498498413091824,0.0977660136358167,0.1365120561562389,9.706421159814903,0.1315142081905214,100,0.02,10,0.9,0.6,0.5,1.0,0.0,1,0.6666666666666666,0.7333333333333332
51,30,6480,2160,10.124021859581088,0.719418305918388,4.051843029713419,0.0774926324377377,0.0327251992441036,11.479919448516988,0.1474271165981218,100,0.1,10,0.7,0.6,0.5,2.0,0.0,3,0.6666666666666666,0.0911858315520096
43,30,6480,2160,9.732274001880928,0.7061876289458582,3.853804733903596,0.075075825151734,0.0470321898557027,7.81578221268124,0.1098142245713217,350,0.02,10,0.9,0.6,0.5,0.5,0.0,3,0.3333333333333333,0.4437710468864471
71,30,6480,2160,9.630392799318573,0.5022534380281247,6.135095279717151,0.095132618919121,0.1019246734805403,10.647706815931532,0.1355111848642902,100,0.02,6,0.9,0.6,0.0,2.0,0.0,1,0.6666666666666666,0.2727272727272727
11,30,6480,2160,8.814765606456334,0.5223133606115999,5.86694157977163,0.0919775942007872,0.1037105145471384,11.5529961321089,0.1472430123522986,100,0.02,6,0.7,0.6,0.0,2.0,0.0,2,0.3333333333333333,0.4303030303030302
25,30,6480,2160,9.16662920413194,0.6279887897833862,4.662893255541079,0.0827649677077624,0.0955130913164095,12.196038898450356,0.1534380195340801,350,0.02,6,0.7,0.6,0.5,1.0,0.0,3,0.3333333333333333,0.7333333333333332
30,30,6480,2160,9.26098281018528,0.4728595671124537,6.337520086235469,0.0974002199111858,0.222284112912267,8.9414244111379,0.1135605298749438,100,0.02,6,0.9,0.6,0.5,0.5,0.0,3,1.0,0.7939393939393938
2,30,6480,2160,10.086187088989917,0.4683310392647862,6.553174125677273,0.100336952653775,0.2149077189647716,8.532520985603332,0.1189958166980817,100,0.02,6,0.9,0.6,0.5,1.0,0.0,1,0.3333333333333333,0.5757575757575757
12,30,6480,2160,10.96059013961274,0.4148969467507384,7.870943486690521,0.1147156590104293,0.1636925909585048,7.722843170519228,0.1033314199861539,100,0.02,6,0.7,0.8,0.5,0.5,0.0,1,0.3333333333333333,0.5878787878787878
62,30,6480,2160,10.906822930177054,0.6012213830122892,5.407687725318126,0.0962521006977546,0.0529586208772681,7.163794579152707,0.0899873192431883,700,0.02,6,0.7,0.8,0.5,2.0,0.0,1,0.0,0.2242424242424242
87,30,6480,2160,10.01825403381277,0.5567889019395151,5.861538886685429,0.0961446391760723,-0.0124898113235891,11.682422417534724,0.1510856896098207,100,0.05,6,0.7,0.6,0.5,2.0,0.0,2,0.0,-0.4424242424242424
57,30,6480,2160,9.024358845566526,0.8215238383632506,2.7310431373360804,0.057687493595101,0.1428095584677948,9.444584709891569,0.129765543654737,700,0.05,10,0.9,0.8,0.5,1.0,0.0,3,0.6666666666666666,0.4787878787878787
29,30,6480,2160,8.522897238790254,0.6975803778523461,3.5414692222299395,0.0707416920081755,0.1732248937857456,8.817131442670469,0.1139933200173399,350,0.02,10,0.7,0.6,0.5,1.0,0.0,1,1.0,0.6606060606060605
17,30,6480,2160,9.609731683804664,0.6878502811400272,3.980409768888451,0.0777273527201769,0.1389367432111323,7.6368893280294206,0.1028787447300779,700,0.05,6,0.9,0.6,0.5,2.0,0.0,2,0.6666666666666666,0.2606060606060606
34,30,6480,2160,9.341265824253176,0.782338540269842,3.3689417036715894,0.0633720127031984,0.0114091040133065,12.530941444414632,0.1557753051154947,100,0.05,10,0.9,0.6,0.0,2.0,0.0,3,0.3333333333333333,0.0060790554368006
31,30,6480,2160,10.358430896452916,0.4851015674915118,6.821730546774687,0.1036565877105042,0.2485649890106976,8.099607089183948,0.1031499564738549,100,0.02,6,0.7,0.8,0.0,0.5,0.0,2,0.3333333333333333,0.4666666666666666
5,30,6480,2160,10.464441288268125,0.5764058368564411,5.763534163332279,0.0960675229365604,-0.1091185192427433,11.051098438987026,0.1503832941123312,100,0.05,6,0.9,0.8,0.5,2.0,0.0,3,1.0,0.5757575757575757
50,30,6480,2160,10.678079378604888,0.4483420846483992,7.201218877721715,0.1075716763851154,0.0625407157413466,10.06100614953924,0.1306835193003995,100,0.02,6,0.9,0.8,0.5,1.0,0.0,2,0.0,-0.103030303030303
14,30,6480,2160,9.353443593861144,0.6011129936784116,4.819887191734196,0.0854052383828274,-0.0400227204608849,7.309335188159235,0.1115755663867685,100,0.05,6,0.7,0.6,0.5,2.0,0.0,3,0.6666666666666666,0.4787878787878787
35,30,6480,2160,10.771578441725838,0.6173303841098183,6.076567906479777,0.0940861090242547,0.0466207756340675,7.193586387634278,0.098915571440913,100,0.02,10,0.7,0.6,0.0,1.0,0.0,1,0.3333333333333333,0.4181818181818181
38,30,6480,2160,8.762878647468707,0.6696234654963852,4.078395098340525,0.0782798181188802,-0.0359575998756778,8.53191597285094,0.120613157911206,700,0.02,6,0.9,0.6,0.5,0.5,0.0,3,0.0,-0.2431622174720258
41,30,6480,2160,8.725739613050296,0.6682815054052108,4.371869384536036,0.0738577122817931,0.115566600354821,9.280652479772217,0.1371179634663296,100,0.02,10,0.9,0.6,0.0,2.0,0.0,2,0.3333333333333333,0.1151515151515151
13,30,6480,2160,9.532681268291707,0.5463840279310981,5.551007730254421,0.094184224681756,-0.0026200781332961,9.377110878273292,0.1180154086112906,100,0.05,6,0.9,0.6,0.5,2.0,0.0,3,0.3333333333333333,0.1999999999999999
4,30,6480,2160,9.534195628519411,0.5717897915179424,5.2872916125662535,0.0925512751613234,0.1156885542251705,9.971484919300789,0.1322152862468189,350,0.02,6,0.9,0.6,0.5,2.0,0.0,3,1.0,0.7454545454545454
86,30,6480,2160,9.699530666639774,0.7384335315974577,3.558273626795602,0.0721506808408198,0.0919651909321535,11.10824303132516,0.1435086410084357,700,0.02,10,0.9,0.6,0.5,1.0,0.0,1,0.6666666666666666,0.6
8,30,6480,2160,9.218774010634718,0.7027005392505161,4.356797821315719,0.0721500707315708,0.0603483499560947,11.986240684721206,0.1464073983928607,100,0.02,10,0.7,0.8,0.0,2.0,0.0,1,0.6666666666666666,0.5757575757575757
65,30,6480,2160,9.160587581293084,0.4884143653208146,6.036166424398068,0.0920545683798635,0.0685686270996592,11.05540734361719,0.1473961347740103,100,0.02,6,0.7,0.6,0.5,1.0,0.0,2,0.3333333333333333,0.6686960980480711
6,30,6480,2160,8.962861599981048,0.4706033080166046,6.205146294434866,0.0953118343276587,0.2262164934200677,9.162623530317235,0.1173486516833344,100,0.02,6,0.7,0.6,0.0,0.5,0.0,1,0.6666666666666666,0.5878787878787878
19,30,6480,2160,9.095064502064092,0.8004724612935744,2.895175489165108,0.0609936879379965,0.1009096617937587,9.641209758211064,0.1269166338180717,700,0.05,10,0.7,0.6,0.5,0.5,0.0,1,0.6666666666666666,0.5030303030303029
33,30,6480,2160,9.329999045383785,0.5208361867673492,6.275138969730447,0.0942662188137869,-0.0453695996546781,12.31650661945343,0.1567918797094138,100,0.02,6,0.9,0.8,0.0,2.0,0.0,3,0.6666666666666666,0.5592731001856595
39,30,6480,2160,9.969593918235214,0.4373763604192638,6.9563970316486605,0.104575525680056,0.0722627798595586,13.158237634941385,0.1615414688079012,100,0.02,6,0.7,0.6,0.0,0.5,0.0,1,0.3333333333333333,0.2242424242424242
49,30,6480,2160,8.891878508196935,0.644550439534218,4.283413442437548,0.0795123959869502,0.1229836237569144,7.694699687251338,0.1095350966816323,350,0.02,6,0.9,0.6,0.5,1.0,0.0,2,0.6666666666666666,0.4787878787878787
47,30,6480,2160,10.2756476660128,0.6572263030676132,5.132964180060375,0.0814747245252437,0.1384764985587765,8.000881264651262,0.112240262093799,100,0.02,10,0.9,0.6,0.0,1.0,0.0,3,0.3333333333333333,0.0666666666666666
75,30,6480,2160,10.002594638577214,0.5849064767721218,5.151708324420967,0.0905650979696113,0.1655487343221813,7.445290881616098,0.1050673741395242,100,0.05,6,0.7,0.8,0.0,0.5,0.0,1,0.3333333333333333,0.4545454545454545
16,30,6480,2160,9.890318582116825,0.4772841198551653,6.871637807569386,0.1020794114522895,0.1175429108832906,10.582541208090609,0.1408228248117946,100,0.02,6,0.9,0.6,0.5,1.0,0.0,2,1.0,0.8303030303030302
85,30,6480,2160,10.949352426911576,0.4476319737829617,7.479239194481461,0.1065808033967062,0.1283975068994872,10.393838445168951,0.135733458731608,100,0.02,6,0.9,0.6,0.0,0.5,0.0,2,0.3333333333333333,0.4620082131968491
94,30,6480,2160,9.396700697416142,0.6763673874309057,4.0430544202125205,0.0777914467383215,0.1831841273341748,8.4001516437089,0.110877166782025,350,0.05,6,0.7,0.6,0.5,2.0,0.0,3,0.6666666666666666,0.3708223816448394
82,30,6480,2160,10.41482576979531,0.437010099140468,7.379333089958002,0.1103594920038902,0.0762241165025559,9.327111650572885,0.1239780482968571,100,0.02,6,0.7,0.8,0.5,0.5,0.0,1,0.6666666666666666,0.5349568784384567
76,30,6480,2160,10.438329774170745,0.6983017989190913,3.954839042662395,0.0774945907507513,0.0479678178507383,10.309759526782566,0.1428244882994152,700,0.02,6,0.7,0.6,0.0,2.0,0.0,1,0.6666666666666666,0.2848484848484848
36,30,6480,2160,8.741613616913924,0.7120147036479643,3.208054702574111,0.0662080449815019,-0.0214147673831599,13.308148187001546,0.1603320771612799,700,0.02,6,0.9,0.6,0.5,1.0,0.0,2,0.3333333333333333,0.3696969696969697
1,30,6480,2160,9.9890759580518,0.484488530209197,6.667732402719097,0.1000548128191247,0.093751259311265,11.992099147196168,0.1432829327942794,100,0.02,6,0.9,0.6,0.0,1.0,0.0,2,0.0,-0.3454545454545454
26,30,6480,2160,8.689631521907852,0.4938005999993883,5.694977618853252,0.0906445338853333,0.1512004834872076,10.172993123972857,0.1345710843817778,100,0.02,6,0.7,0.6,0.0,0.5,0.0,3,0.6666666666666666,0.5393939393939393
77,30,6480,2160,10.410634769451471,0.4367651551175023,7.028516979217529,0.1067426861561432,0.2145498723040283,7.589599042645208,0.1052155442498101,100,0.02,6,0.7,0.6,0.0,0.5,0.0,3,0.6666666666666666,0.5636363636363636
40,30,6480,2160,9.264797129410285,0.643348211001691,4.541691930804885,0.0835944150890226,-0.0553649576909018,10.691440746298545,0.1357309377442984,350,0.02,6,0.7,0.8,0.5,0.5,0.0,1,0.3333333333333333,0.406060606060606
10,30,6480,2160,10.408377187016567,0.571478392846057,5.742181665000079,0.0968795723642806,0.1344355852112353,9.645176661014556,0.1246563196814073,350,0.02,6,0.7,0.6,0.5,0.5,0.0,3,0.6666666666666666,0.4181818181818181
83,30,6480,2160,10.044813968340558,0.428428304315281,6.740127904003049,0.1033318243496244,0.1755736489188345,10.157803161585774,0.1281409051324367,100,0.02,6,0.9,0.6,0.0,0.5,0.0,2,0.3333333333333333,0.3575757575757575
80,30,6480,2160,10.006559986656097,0.6416290437860757,4.7432421644869045,0.0844903596011567,-0.1032163390251297,11.734584479420274,0.1548887951903129,100,0.05,6,0.9,0.6,0.0,0.5,0.0,2,0.3333333333333333,0.3333333333333332
53,30,6480,2160,10.55102645756286,0.6465750242945747,4.894170979598054,0.0842668258258149,0.0560464547798958,10.371188810401492,0.138537629817087,350,0.02,6,0.7,0.6,0.5,0.5,0.0,1,0.3333333333333333,0.7333333333333332
78,30,6480,2160,11.094360701802335,0.59659976135256,5.597801702274354,0.094596019721162,0.1600996546796216,8.421216673586105,0.1173625156754991,350,0.02,6,0.7,0.6,0.5,1.0,0.0,1,0.3333333333333333,-0.2121212121212121
46,30,6480,2160,8.263030287306986,0.733761888013856,3.0841936536347143,0.0645256200577829,0.0756912812632749,12.045083386368225,0.1495314940945374,350,0.05,6,0.7,0.8,0.5,2.0,0.0,3,0.3333333333333333,0.6363636363636362
63,30,6480,2160,9.37790493308762,0.6803945685885244,4.138700890854507,0.0777094102843093,0.141767066588077,9.56170204869023,0.1366380632070978,350,0.02,10,0.9,0.6,0.5,2.0,0.0,3,0.3333333333333333,0.3333333333333332
9,30,6480,2160,9.809286396503447,0.6063569721513845,4.74158296900031,0.0865087833711067,0.0991421812165403,7.743624741942794,0.1103597454116143,100,0.05,6,0.7,0.6,0.0,0.5,0.0,3,0.6666666666666666,0.5636363636363636
98,30,6480,2160,10.368650370173984,0.5115647650036462,6.565433414894858,0.0992994222722864,0.2246319814704217,7.905791460849621,0.1133213027366508,100,0.02,10,0.7,0.6,0.5,1.0,0.0,1,0.6666666666666666,0.6969696969696969
84,30,6480,2160,9.986131008230611,0.4809582605764613,6.429562827127951,0.0982845257887107,0.1811743388423569,8.958965437677172,0.1224443878584114,100,0.02,6,0.7,0.6,0.5,1.0,0.0,2,0.3333333333333333,0.5878787878787878
64,30,6480,2160,10.115972316912664,0.5780376754600791,5.159851310313852,0.0916776433370065,0.1145482836765542,10.965327918441208,0.1431271141557801,350,0.02,6,0.9,0.6,0.5,0.5,0.0,2,1.0,0.5393939393939393
69,30,6480,2160,9.780313503065226,0.7997831312785468,2.9918405925459224,0.0613200396469633,0.1226548456929232,8.428444609023906,0.1070550214649769,350,0.05,10,0.7,0.6,0.5,0.5,0.0,3,1.0,0.8424242424242423
66,30,6480,2160,10.08602485138693,0.7582937323900784,3.333880113956309,0.069063126403701,0.1118877036869651,8.938132638931275,0.1269878916828368,350,0.05,10,0.7,0.6,0.5,2.0,0.0,2,0.0,-0.0666666666666666
92,30,6480,2160,10.592138990826076,0.569909021637621,5.864183149676264,0.0977039879616127,-0.180725712403573,7.445452001359728,0.1039278389953221,100,0.05,6,0.9,0.6,0.0,0.5,0.0,2,0.6666666666666666,0.7333333333333332
37,30,6480,2160,8.485385939015282,0.7021787894972054,3.78747167945414,0.0696522477869702,-0.0085909631570306,12.564194381016272,0.1589346785990419,100,0.05,6,0.9,0.6,0.0,0.5,0.0,1,0.3333333333333333,-0.0545454545454545
73,30,6480,2160,7.945695286856757,0.7170837809235966,3.54296520077428,0.0693015415067467,-0.0388569746361622,9.87465292127044,0.1241300355561799,350,0.02,10,0.7,0.8,0.5,2.0,0.0,2,0.3333333333333333,0.1636363636363636
89,30,6480,2160,10.01016159190072,0.7118987086628479,3.824053240917727,0.0759693731426499,0.1777576167271831,6.383346291118198,0.0880449786035988,700,0.05,6,0.9,0.6,0.5,0.5,0.0,2,0.3333333333333333,0.3454545454545454
93,30,6480,2160,9.915976945294275,0.7304833611329247,3.720235633268078,0.0725506911012499,0.0225323385647987,10.588710989245664,0.1342431227535404,100,0.05,10,0.7,0.8,0.5,2.0,0.0,2,0.3333333333333333,0.3333333333333332
67,30,6480,2160,9.432562413333375,0.4539103126774569,6.770677467775934,0.1025554045116792,0.1327356559759546,7.2930393196035315,0.1035469643543327,100,0.02,6,0.9,0.6,0.5,2.0,0.0,3,0.6666666666666666,0.6484848484848483
54,30,6480,2160,11.034515261561785,0.4930877307901762,7.361428767192511,0.107733740355879,0.0381650583036826,11.467959422535367,0.145495034531455,100,0.02,6,0.7,0.8,0.0,2.0,0.0,2,0.0,-0.3818181818181818
79,30,6480,2160,9.425793908289922,0.5652455277393231,5.165020435695293,0.0908248679179697,0.1023294499396005,10.309033593778256,0.1389456842980647,100,0.05,6,0.9,0.6,0.5,0.5,0.0,1,0.6666666666666666,0.7212121212121211
90,30,6480,2160,11.10225337046164,0.625880176302064,5.192263258503919,0.0905572807608939,0.2053261654163433,8.540221205375813,0.1127654111014441,350,0.02,6,0.7,0.6,0.0,0.5,0.0,3,0.3333333333333333,-0.0181818181818181
21,30,6480,2160,8.75706630565502,0.8192066079054139,2.628224086689613,0.0533042502640382,-0.0179560320987133,12.324045386314392,0.1666129645941798,350,0.02,10,0.7,0.8,0.5,2.0,0.0,1,0.6666666666666666,0.103030303030303
81,30,6480,2160,9.507596807803637,0.4546088147434188,6.115525470839606,0.0951822012429945,0.0960519583132049,10.446789700366834,0.1397124752465654,100,0.02,6,0.9,0.6,0.0,0.5,0.0,2,0.3333333333333333,0.0545454545454545
61,30,6480,2160,9.56570193214181,0.4899246201309849,6.2871821985715695,0.0961836579676272,0.0955742402422396,11.669812869495816,0.1482004549180443,100,0.02,6,0.7,0.6,0.0,0.5,0.0,3,0.3333333333333333,0.1999999999999999
99,30,6480,2160,9.742353028132593,0.6169714593383435,5.106897107097837,0.0815240233911989,0.0450065982319967,12.29836165781374,0.1525708980071975,100,0.02,10,0.9,0.6,0.0,2.0,0.0,2,0.6666666666666666,0.7939393939393938
48,30,6480,2160,8.973829448546892,0.6373971894586591,4.412116936134336,0.0804907408313857,0.0422445094281498,11.625226110264109,0.1562354499054583,350,0.02,6,0.9,0.6,0.5,2.0,0.0,2,0.3333333333333333,0.1757575757575757
68,30,6480,2160,8.842930587103337,0.728189905276877,3.2101988620449,0.0697808498529562,-0.0490106987056846,8.129986709841974,0.1286255074084936,700,0.02,10,0.9,0.6,0.5,1.0,0.0,2,0.6666666666666666,0.7212121212121211
74,30,6480,2160,9.15440081384447,0.7773533641466658,3.211335012705617,0.0650538968114535,0.204169409798897,10.177705119980706,0.1308121136614897,700,0.02,10,0.7,0.6,0.5,1.0,0.0,1,0.3333333333333333,-0.0181818181818181
97,30,6480,2160,9.617979672808705,0.6832333786406413,3.946223531497232,0.0764253462613492,0.1040790100862854,10.306056137438176,0.135389838235291,100,0.1,10,0.7,0.6,0.5,1.0,0.0,2,0.6666666666666666,0.2121212121212121
72,30,6480,2160,10.562334037886725,0.5778143010233305,5.808003498789062,0.0988457851531043,0.1202077327902939,8.551593202661586,0.1228716438441654,350,0.02,6,0.9,0.6,0.5,1.0,0.0,3,0.6666666666666666,0.2848484848484848
0,30,6480,2160,9.59804808286973,0.4680440257612963,6.428668390571335,0.098837085341659,0.165225348125666,9.83756775856018,0.1295575915188528,100,0.02,6,0.7,0.6,0.0,1.0,0.0,1,0.6666666666666666,0.6
42,30,6480,2160,9.666232854525248,0.6057203514970819,4.91688315809141,0.0880484266738387,-0.0475943282162785,11.03316125922733,0.1345778743816101,350,0.02,6,0.7,0.6,0.0,2.0,0.0,1,0.6666666666666666,0.103030303030303
44,30,6480,2160,9.879772869834191,0.6341347929532286,4.759727168302109,0.0844753600474703,0.1387162767814465,11.918825765450796,0.1550069234102808,350,0.02,6,0.7,0.6,0.5,2.0,0.0,2,1.0,0.7212121212121211
96,30,6480,2160,10.747433339960782,0.6204212228289105,4.950876494586657,0.0911945152295655,0.1414554273596999,9.287537236390287,0.1226205043121409,350,0.05,6,0.7,0.6,0.5,1.0,0.0,2,0.3333333333333333,0.152441858329776
70,30,6480,2160,10.616184868047268,0.6144226137804851,5.738169768724912,0.0903183170774004,0.1410953230225367,7.401832524935404,0.1030272036160122,100,0.02,10,0.7,0.6,0.0,2.0,0.0,2,0.3333333333333333,0.4376919914496465
20,30,6480,2160,9.895059994120656,0.6030011817117367,4.973635943107951,0.0888783607988866,0.0858755886105876,8.666675379717793,0.1263210431127345,100,0.05,6,0.7,0.8,0.0,2.0,0.0,1,0.3333333333333333,0.5272727272727272
7,30,6480,2160,9.939060928291743,0.6259304226385083,4.874867522816323,0.0859248155371881,0.0613013108741896,9.504879718444966,0.1155237051567844,350,0.02,6,0.7,0.6,0.5,0.5,0.0,1,0.3333333333333333,0.4181818181818181
45,30,6480,2160,10.167110004248444,0.45610711382017,7.025282285772724,0.1041403249749041,-0.0102442489445035,9.79830141049844,0.1288183450028257,100,0.02,6,0.7,0.8,0.5,2.0,0.0,3,0.3333333333333333,0.2848484848484848
58,30,6480,2160,9.920116779627625,0.6300703521103561,5.353106610524801,0.0845920542355916,0.1853229934444425,10.280870717896356,0.1385255006402839,100,0.02,10,0.7,0.8,0.5,0.5,0.0,2,1.0,0.6848484848484848
91,30,6480,2160,9.72920672852316,0.3962697148870349,7.147054239997157,0.1057737128770956,0.1448756707723045,8.119219006432427,0.1109002487525565,100,0.02,6,0.7,0.6,0.5,0.5,0.0,2,0.3333333333333333,0.309090909090909
95,30,6480,2160,9.024102242714092,0.7199138032548247,3.357341881223069,0.0679884213437713,0.0840673772856449,14.048185333499202,0.1723232496028374,700,0.02,6,0.7,0.6,0.5,2.0,0.0,1,0.6666666666666666,0.6363636363636362
55,30,6480,2160,8.898944519390295,0.8092877022076751,2.6542601001368444,0.0566179372867778,0.0862195704971848,12.303904072531948,0.1557533106304401,700,0.02,10,0.9,0.6,0.5,0.5,0.0,3,1.0,0.6484848484848483
60,30,6480,2160,11.019858044047414,0.6479006306442368,5.102957026911209,0.0896162176576956,0.0979705915916528,7.218930341579296,0.1050657342418606,350,0.02,6,0.7,0.8,0.5,0.5,0.0,2,0.6666666666666666,0.7575757575757575
27,30,6480,2160,8.603560317622291,0.751211297135961,3.236998534829896,0.0642589038471007,0.0379031206838699,10.326654867331188,0.1443296143825304,100,0.05,10,0.9,0.8,0.5,2.0,0.0,1,0.3333333333333333,-0.0545454545454545
56,30,6480,2160,10.206665498121286,0.5576978922907336,6.006515362615938,0.0941143906490054,0.1706262722088061,7.452793113920424,0.1048930599988036,100,0.02,10,0.9,0.6,0.5,1.0,0.0,3,0.6666666666666666,0.709090909090909
59,30,6480,2160,11.46019935345944,0.48982398647267,7.456941377940002,0.1093805218393714,0.1239161601839059,9.274971640551533,0.1223997341904749,100,0.02,6,0.7,0.8,0.0,2.0,0.0,1,0.3333333333333333,0.1878787878787878
57,20,4320,2160,7.875097012210775,0.5624376683720687,5.090660819433353,0.0821999025697376,0.1357520149868628,9.447659468297603,0.1302986507482436,100,0.02,6,0.7,0.6,0.0,1.0,0.0,1,0.0,0.6121212121212121
34,20,4320,2160,9.918662774982277,0.8019197621342005,3.056653381027238,0.0623874939905814,-0.035831732338706,13.061312100887298,0.1594538144565592,700,0.1,6,0.7,0.6,0.5,1.0,0.0,2,0.3333333333333333,-0.0243162217472025
35,20,4320,2160,11.57699542681376,0.6318471392076105,5.786552273542793,0.0894202645884539,-0.0482185140766533,7.970343310391462,0.1037188601897369,100,0.02,10,0.7,0.6,0.0,1.0,0.0,1,0.3333333333333333,0.309090909090909
15,20,4320,2160,9.984407544467183,0.677078309877529,4.769092804854563,0.0822747897934116,0.0239516063712385,9.434027082655165,0.1205998318146151,100,0.1,6,0.9,0.6,0.5,1.0,0.0,2,0.0,-0.3454545454545454
8,20,4320,2160,10.14739923313812,0.5872306987734771,4.672020634004364,0.0860392349965232,0.0489233505743701,11.962442439132266,0.1472947754386998,350,0.02,6,0.7,0.6,0.5,1.0,0.0,2,0.3333333333333333,0.2606060606060606
44,20,4320,2160,9.692035872936248,0.5402278537979195,6.106007846880842,0.0947616759687279,0.1665782990581313,11.928620831436582,0.152479120677909,100,0.02,6,0.9,0.8,0.0,2.0,0.0,2,1.0,0.4545454545454545
51,20,4320,2160,10.01834176602187,0.7326898146728433,3.772296226419233,0.0721999137328323,0.0371448270301508,11.434883394064729,0.1470899223643645,350,0.02,10,0.7,0.6,0.5,0.5,0.0,3,0.0,-0.2066878848512219
3,20,4320,2160,8.996068026290999,0.7258028640550391,3.4198692779061903,0.0705695826979178,-0.0220221999455372,10.213351012998158,0.1376623471465151,350,0.3,6,0.9,0.6,0.5,2.0,0.0,3,0.6666666666666666,0.1515151515151515
18,20,4320,2160,9.02570383248506,0.5189486451254394,5.883087493004622,0.0926372868175041,0.1022016333381213,11.857797784275478,0.1499492773386374,100,0.02,6,0.9,0.8,0.0,2.0,0.0,2,0.3333333333333333,-0.2484848484848484
33,20,4320,2160,9.456942553387748,0.7004195625229777,3.841720778981667,0.071713265351517,-0.006121971385028,12.132852847134624,0.1538204048733754,100,0.1,6,0.9,0.6,0.5,0.5,0.0,1,0.6666666666666666,0.5227987675648555
16,20,4320,2160,10.482415556377836,0.4643678848341911,7.15660062564744,0.1046958332927992,0.0596770074226065,11.27891413582696,0.145366649721352,100,0.02,6,0.9,0.6,0.5,1.0,0.0,2,0.3333333333333333,0.4545454545454545
10,20,4320,2160,10.189947070942983,0.7065599326282028,4.209956720388942,0.0797314767061054,0.0921781315022094,9.64003405968348,0.127662964237608,350,0.05,6,0.9,0.6,0.5,2.0,0.0,2,0.6666666666666666,0.5878787878787878
25,20,4320,2160,9.292008016065315,0.6792552610539335,4.052542168899199,0.0756422632103137,0.0418198175650174,13.064388795340504,0.1579266539015836,350,0.02,6,0.7,0.6,0.5,1.0,0.0,3,0.3333333333333333,-0.0181818181818181
9,20,4320,2160,9.177526368366347,0.8412729659921547,2.16798075520123,0.0506581847296313,0.1109516436518112,7.723446193536123,0.1096339989534129,700,0.1,10,0.9,0.6,0.5,1.0,0.0,3,0.6666666666666666,0.5515151515151515
30,20,4320,2160,9.529354051241167,0.7499306399546983,3.317208053988784,0.0679190665509787,0.1792433834351291,9.22914983978978,0.1166605772802297,700,0.05,6,0.9,0.6,0.5,1.0,0.0,1,0.6666666666666666,0.6
71,20,4320,2160,9.698206794085326,0.5610812624677051,5.759073908726374,0.0892944136807982,0.0613322983604707,10.891409877671135,0.138539845027207,100,0.02,6,0.9,0.6,0.0,2.0,0.0,1,0.3333333333333333,0.3454545454545454
62,20,4320,2160,11.18077893998888,-6.273488556862716e-06,11.108488983578152,0.145267437602003,-0.0119111983550981,7.142512513619882,0.0930182228125933,100,0.3,10,0.7,0.6,0.5,0.5,10.0,3,0.0,0.0
21,20,4320,2160,7.972230380861847,0.786537722516995,2.686643267632635,0.0550742875269841,-0.06047782474289,12.195816501688071,0.1700572209676982,350,0.02,10,0.9,0.6,0.5,0.5,0.0,2,0.3333333333333333,0.6606060606060605
54,20,4320,2160,10.725819047855008,0.8689629168179234,2.581409105858658,0.0526133058208822,-0.1523745091240063,12.43422112929738,0.1592556020974283,700,0.1,6,0.9,0.6,0.0,2.0,0.0,2,0.3333333333333333,0.006060606060606
2,20,4320,2160,9.984729543173756,0.4916349613252546,6.527920323036335,0.0994871566771969,0.1450989304553168,9.214222514717664,0.1241735995113442,100,0.02,6,0.9,0.6,0.5,0.5,0.0,2,0.0,0.2484848484848484
88,20,4320,2160,11.211860545961944,0.5537094912048778,6.243609194992868,0.1021936312876607,0.0860491995999771,10.993645484094268,0.1434582166882303,100,0.05,6,0.7,0.6,0.5,2.0,0.0,2,0.6666666666666666,0.4909090909090908
38,20,4320,2160,8.295439927401366,0.6800676139757915,4.362288398742676,0.0711269211120171,0.0809786491625128,8.217327246665954,0.1136021363329416,100,0.02,10,0.9,0.6,0.0,2.0,0.0,2,0.0,-0.1945297739776207
50,20,4320,2160,9.921548401867902,0.742258631824785,3.3893990039804747,0.0695881670570698,0.0734814065007949,9.730569042364756,0.1299187052590629,100,0.1,10,0.9,0.8,0.5,2.0,0.0,2,0.3333333333333333,-0.0181818181818181
53,20,4320,2160,10.89637918315552,0.6745295018652391,4.884107366097678,0.0854236033317175,0.0454008045080347,10.455963763042732,0.1393166344005863,100,0.1,6,0.9,0.6,0.5,2.0,0.0,2,0.3333333333333333,0.3333333333333332
17,20,4320,2160,8.835214154632002,0.7136997745831697,3.636348473942942,0.0729586765284645,-0.0629452236350842,8.542459079203782,0.114304563687595,700,0.02,6,0.7,0.6,0.0,1.0,0.0,3,0.6666666666666666,0.1878787878787878
29,20,4320,2160,9.443731795372786,0.6246612757163574,4.444656844181353,0.0847359322538556,0.1387157423469859,8.722678826826591,0.1163480104682263,350,0.02,6,0.7,0.6,0.0,0.5,0.0,3,1.0,0.6969696969696969
56,20,4320,2160,10.683963783979417,0.5295284646214071,6.400739010395827,0.101003860446579,0.1430585430949029,7.783651550964072,0.106622090869445,100,0.02,6,0.9,0.8,0.0,0.5,0.0,1,0.3333333333333333,0.4787878787878787
24,20,4320,2160,8.86630979546794,0.6446744960143084,4.2674048084241365,0.0793977999653151,0.1257459326208879,11.299306923371772,0.1475582772090121,100,0.05,10,0.9,0.6,0.5,0.5,0.0,2,0.3333333333333333,0.1757575757575757
14,20,4320,2160,9.448214628254927,0.5858631066918502,5.294016051204116,0.0828527204065512,0.0112030969032689,7.8449354705104115,0.1087930708008479,100,0.02,10,0.9,0.6,0.5,0.5,0.0,1,0.3333333333333333,0.3333333333333332
32,20,4320,2160,9.814719420053342,0.7468823002138613,3.614198388468509,0.0689987503427376,0.0742996846165576,11.729073990186055,0.1488041316923039,100,0.1,6,0.7,0.6,0.0,0.5,0.0,1,0.0,-0.3161108827136336
5,20,4320,2160,9.996808969444697,0.6584036737545714,5.00616486330827,0.0807036705145349,-0.0990585920123405,10.733450079758963,0.1496997372754605,100,0.02,10,0.9,0.6,0.0,2.0,0.0,3,0.0,-0.4303030303030302
49,20,4320,2160,8.050295504464042,0.7538535100066883,3.124776184752032,0.060846309162415,0.0790804949800805,8.08059234795747,0.1122432621438875,350,0.02,6,0.9,0.6,0.5,1.0,0.0,2,0.0,0.0424242424242424
31,20,4320,2160,11.862385772599117,0.6148485442275937,5.566457504522124,0.0986216548846325,0.1459232355538807,8.471691958021236,0.1099693832851067,100,0.1,6,0.7,0.6,0.5,0.5,0.0,3,0.3333333333333333,0.3696969696969697
22,20,4320,2160,7.705943385053564,0.735217062683645,3.739012823678829,0.0583775559244471,0.1494098387555393,9.914346988466052,0.1291559373034849,100,0.02,10,0.9,0.6,0.5,1.0,0.0,2,0.3333333333333333,0.1999999999999999
4,20,4320,2160,8.679062502914004,0.7138492861651216,3.49703886368036,0.068709360313132,0.0870918688650052,9.977330025125433,0.1343360530709409,350,0.02,10,0.7,0.8,0.5,2.0,0.0,2,0.6666666666666666,0.4545454545454545
87,20,4320,2160,10.206660587611022,0.7446788009924719,3.7949293499936654,0.0730928566344384,-0.0545428409031414,11.748762793540957,0.1541913867039301,350,0.02,10,0.9,0.6,0.5,1.0,0.0,1,0.0,-0.2727272727272727
86,20,4320,2160,8.56469771210794,0.7146602295176889,3.327832388594936,0.0696115246173285,0.0860280216762686,10.8158067924005,0.1439770409329503,100,0.1,6,0.9,0.8,0.5,0.5,0.0,2,0.6666666666666666,0.5151515151515151
36,20,4320,2160,7.892412978145812,0.7734426475637093,2.533300821940518,0.0565900939425917,0.0172601494954626,12.770527816436909,0.1572673744631713,700,0.05,6,0.9,0.6,0.5,0.5,0.0,3,0.3333333333333333,0.2606060606060606
41,20,4320,2160,8.319369696687769,0.6836467050431139,3.9972064097280864,0.0694050272887806,0.0749704686112614,10.02005769164474,0.1402295646456845,100,0.02,10,0.9,0.6,0.0,2.0,0.0,2,0.3333333333333333,-0.0545454545454545
45,20,4320,2160,10.213495767690516,0.6229735474062779,4.823796006100666,0.0890481014074328,0.0306952403281964,9.43957621627384,0.1261812119731891,350,0.02,6,0.9,0.6,0.5,2.0,0.0,3,0.3333333333333333,-0.3212121212121211
19,20,4320,2160,10.527514339757186,0.8081047022592902,2.9441343398566397,0.0615801868381793,0.1502805646507471,9.033952109372176,0.123382809585085,700,0.05,10,0.7,0.6,0.5,0.5,0.0,1,0.6666666666666666,0.3696969696969697
47,20,4320,2160,11.236574511748774,0.6732272517716853,4.869839207544164,0.0848528971280407,0.110958634114909,8.763492793860259,0.1140187018086389,100,0.05,10,0.7,0.6,0.5,0.5,0.0,2,0.6666666666666666,0.8666666666666665
58,20,4320,2160,10.005130073670989,0.6121961481310373,5.538242593429708,0.0872844899783104,0.0929785480473986,11.252854517036011,0.146165803484238,100,0.02,10,0.7,0.8,0.5,0.5,0.0,2,0.0,0.1515151515151515
6,20,4320,2160,8.185978630163051,0.7190245230951884,3.925784705391636,0.0628643647413017,0.1706942052273368,9.320896502335868,0.1214858564779784,100,0.02,10,0.9,0.6,0.0,2.0,0.0,3,0.0,0.2121212121212121
20,20,4320,2160,11.07480977261508,0.6356727764270454,5.334694278581344,0.0934064302435388,0.0037689694261727,9.38284937845336,0.1318721486411818,100,0.05,6,0.7,0.8,0.0,2.0,0.0,1,0.0,0.4181818181818181
7,20,4320,2160,10.390824187155122,0.553999822698344,6.310170070683514,0.0969730022211822,0.1180930900799038,8.761324313834862,0.1119745630626179,100,0.02,10,0.7,0.6,0.5,0.5,0.0,2,0.0,0.006060606060606
43,20,4320,2160,10.614510347688642,0.7923492348290794,3.263051070906825,0.0656770652042193,-0.0164145019046693,8.232756798002455,0.1134109295654185,700,0.02,6,0.7,0.6,0.0,0.5,0.0,2,0.0,-0.2492412729088264
63,20,4320,2160,10.05405806435479,0.7210136431470917,3.430051129097292,0.070715938735896,0.0939274727427921,9.691691678365071,0.1403946604120587,350,0.05,10,0.7,0.6,0.5,2.0,0.0,1,0.6666666666666666,0.309090909090909
65,20,4320,2160,9.7375239332517,0.5016728309062611,6.261454908538747,0.0957801548041445,0.0393557387033997,11.1630527137827,0.1496897146073824,100,0.02,6,0.7,0.6,0.5,1.0,0.0,2,0.3333333333333333,0.2553203283456271
61,20,4320,2160,10.809084883177722,0.4568657058487104,7.044910927790183,0.1066222383798543,0.1347935307640144,10.998977784580656,0.1449515801614163,100,0.02,6,0.9,0.6,0.5,0.5,0.0,3,0.6666666666666666,0.5636363636363636
37,20,4320,2160,8.530124190427639,0.879567299770206,1.78870502371286,0.0423321545372613,-0.0491280743952176,12.906045967649533,0.1620971526017649,700,0.05,10,0.9,0.6,0.5,1.0,0.0,1,0.3333333333333333,-0.4303030303030302
55,20,4320,2160,8.067267824764604,0.8442975772951583,2.3300375448346693,0.0483355420589945,0.1173376931868021,12.017268859015571,0.1530783071398359,700,0.02,10,0.9,0.6,0.5,0.5,0.0,3,0.6666666666666666,0.0303030303030303
27,20,4320,2160,9.050778432069,0.7527982125311314,3.4390012171057363,0.0663218799295257,0.0121693428126365,10.5832390304848,0.1462471119332169,350,0.02,10,0.7,0.6,0.5,1.0,0.0,1,0.3333333333333333,0.0787878787878787
39,20,4320,2160,10.43517850836118,0.4635318024687019,7.06938475964246,0.1057524934707483,0.0306198856191141,13.200829343795778,0.1651271899408796,100,0.02,6,0.7,0.6,0.0,0.5,0.0,1,0.0,-0.0424242424242424
40,20,4320,2160,9.455192125020204,0.7044950328527742,3.933614417882981,0.0759760065213675,-0.0061454227878547,10.556732630641372,0.1325280758568844,350,0.02,10,0.7,0.6,0.5,2.0,0.0,2,0.3333333333333333,0.1999999999999999
46,20,4320,2160,8.787161176019797,0.839489461965114,2.384066140303664,0.0507819971870595,-0.0907964576369226,12.396088682192344,0.1624411320305556,350,0.3,6,0.7,0.8,0.5,1.0,0.0,3,0.3333333333333333,0.6363636363636362
75,20,4320,2160,11.9226488215835,0.3997826280980997,8.24614680480074,0.1186767922107104,0.1454779879656184,7.422997201107166,0.1063234393634267,100,0.02,6,0.9,0.6,0.5,1.0,0.0,3,0.6666666666666666,0.6606060606060605
23,20,4320,2160,11.344954923877008,0.5164511359662003,7.04785420232349,0.1041554677097352,0.1086673220199009,9.77247100158974,0.1336178409145473,100,0.02,10,0.9,0.6,0.5,1.0,0.0,1,0.6666666666666666,0.8545454545454544
11,20,4320,2160,9.129269562429853,0.7959272563722259,2.7332965380220275,0.0594612016513367,0.0770577486944301,11.328017010688782,0.1494162412450728,700,0.1,6,0.9,0.6,0.5,2.0,0.0,3,0.3333333333333333,0.3696969696969697
59,20,4320,2160,11.812445799244776,0.5411710404639709,7.045588225876844,0.1025376794017369,0.1676217888561433,8.82027232726415,0.1193075676164222,100,0.02,10,0.7,0.6,0.5,2.0,0.0,3,0.3333333333333333,0.3212121212121211
76,20,4320,2160,10.734038359853958,0.6690545940504358,4.347339109363621,0.0833294508289483,0.0302027926978739,10.175035978070012,0.1441508895252757,350,0.05,6,0.7,0.6,0.5,2.0,0.0,2,0.3333333333333333,0.2484848484848484
64,20,4320,2160,8.971354295765911,0.4747562257242104,6.401345577681507,0.1039931052088413,0.0781151816576427,10.773673921955956,0.1460420108950509,100,0.02,6,0.7,0.8,0.0,2.0,0.0,1,0.3333333333333333,0.2727272727272727
80,20,4320,2160,10.882314337447838,0.7102978078461666,4.746941711085814,0.0788275641107031,-0.2144954408586288,12.541998602460932,0.1625128113643094,100,0.02,10,0.9,0.8,0.0,2.0,0.0,2,0.6666666666666666,0.4787878787878787
66,20,4320,2160,10.150617915921742,0.7137356250634559,3.791886049899342,0.0777351528085973,0.0204174053173349,9.489424447395184,0.1333671594312578,100,0.1,6,0.9,0.6,0.0,0.5,0.0,2,0.3333333333333333,-0.2363636363636363
69,20,4320,2160,11.407043156226475,0.5314865209626173,7.073489327276195,0.1003077147666793,0.0625334094195924,9.078472750981648,0.1106623023774814,100,0.02,6,0.7,0.6,0.0,1.0,0.0,1,0.6666666666666666,0.6484848484848483
73,20,4320,2160,8.890168686398752,0.6972935277568921,3.829513655556452,0.0720422383250521,-0.0125704495975724,9.274141389705516,0.1225495227624322,350,0.02,10,0.7,0.8,0.5,2.0,0.0,2,0.6666666666666666,0.2969696969696969
78,20,4320,2160,11.301483640538322,0.5889659652266794,5.559894176716744,0.0945145861647734,0.1907022817426992,8.259914632638296,0.1152045649246611,350,0.02,6,0.7,0.6,0.5,1.0,0.0,1,0.3333333333333333,-0.0181818181818181
83,20,4320,2160,9.68204501107887,0.6145600168241434,4.45126706300562,0.0841297585229185,0.2999461242631067,8.803730589460445,0.1180803378789589,350,0.02,6,0.7,0.6,0.0,1.0,0.0,3,0.3333333333333333,0.6121212121212121
85,20,4320,2160,11.98944632883425,-7.329874557049365e-05,11.857275316273723,0.1510734834546069,-8.985151587204143e-06,11.205033475028143,0.1453883591100082,350,0.3,6,0.7,0.8,0.5,1.0,10.0,1,0.0,0.0
77,20,4320,2160,10.082332326858133,0.5644119022593704,5.909919175933356,0.0985768197436724,0.228843634023325,7.190823179350957,0.1042537829499086,100,0.05,6,0.7,0.6,0.0,1.0,0.0,3,0.6666666666666666,0.6969696969696969
84,20,4320,2160,10.086438168817097,0.5169487845484759,6.336537898778916,0.0953723937189215,0.0853352052324726,9.69784617971491,0.1294118792537495,100,0.02,6,0.7,0.8,0.5,1.0,0.0,2,0.0,0.1999999999999999
48,20,4320,2160,9.5710704113819,0.8164555562920127,3.5409868238369624,0.0584272771096754,0.0628088659092944,11.274954087822524,0.1545490510999312,100,0.02,10,0.7,0.8,0.0,0.5,0.0,2,0.6666666666666666,0.1999999999999999
52,20,4320,2160,10.44569944386129,0.6168371345561652,5.015783224072721,0.0891008437837635,0.121178252034356,8.36095799225348,0.1160798915899169,100,0.05,10,0.7,0.8,0.5,1.0,0.0,3,0.0,0.0607905543680064
28,20,4320,2160,9.715195067105473,0.4577102633920574,6.564449290566974,0.1001327799440809,0.0653021044303477,10.416372090975443,0.1438803945035481,100,0.02,6,0.7,0.6,0.5,2.0,0.0,1,0.6666666666666666,0.4787878787878787
0,20,4320,2160,9.45181538520036,0.5339442541353523,5.335442467707175,0.0871703422674185,0.1190053414967304,9.96180631990786,0.1330959611788454,100,0.02,6,0.7,0.6,0.0,1.0,0.0,1,0.6666666666666666,0.2121212121212121
67,20,4320,2160,9.887010053616985,0.441324137669579,6.729211686099017,0.1046645833720095,0.0777751409343928,7.350214409474972,0.1067775711819257,100,0.02,6,0.9,0.6,0.5,2.0,0.0,3,0.6666666666666666,0.406060606060606
68,20,4320,2160,8.081632085817832,0.760232929126704,3.429383023005945,0.0616694955567464,-0.0187657024888296,8.648220355510713,0.1267576853202938,100,0.02,10,0.7,0.8,0.0,1.0,0.0,3,0.3333333333333333,0.4303030303030302
42,20,4320,2160,8.169984499569292,0.7637483336085945,2.9602015872630805,0.0624053119833657,-0.133845530777251,11.64806539297104,0.1400083835455971,700,0.02,10,0.7,0.6,0.5,2.0,0.0,1,0.3333333333333333,0.2727272727272727
79,20,4320,2160,9.62810440964169,0.6040382591747655,4.569419018493758,0.084273261279309,0.1271525197433898,9.844576070220382,0.137011100444175,100,0.05,6,0.9,0.6,0.5,0.5,0.0,1,0.0,0.1515151515151515
81,20,4320,2160,8.673119827729685,0.6521007841660922,4.134305281197584,0.0711865072867966,0.1212477394986321,9.4790422822811,0.1377516090537947,100,0.02,10,0.7,0.6,0.0,1.0,0.0,3,0.3333333333333333,0.1393939393939393
12,20,4320,2160,10.700703970149712,0.439799599506125,7.174633927080365,0.109605117149548,0.1547738821582615,7.405434808642775,0.1038809420994844,100,0.02,6,0.7,0.8,0.5,0.5,0.0,1,0.6666666666666666,0.4181818181818181
72,20,4320,2160,11.782944602657247,0.4998761264233365,7.375609031209239,0.1090580049036952,0.0986974089993734,8.5770010110184,0.1243646374292778,100,0.02,6,0.7,0.6,0.0,2.0,0.0,2,0.3333333333333333,0.3696969696969697
90,20,4320,2160,8.793071313213419,0.8002312227190838,2.7820933921814515,0.0604798988976593,0.008118579474726,9.404654983149634,0.125982820863822,350,0.05,10,0.7,0.8,0.5,0.5,0.0,3,0.3333333333333333,0.309090909090909
74,20,4320,2160,9.730964722809968,0.7671230662313995,3.379456766721517,0.0672304913604632,0.1364585907939408,10.508008975982666,0.1362634036577425,700,0.05,6,0.7,0.6,0.5,2.0,0.0,2,1.0,0.5393939393939393
98,20,4320,2160,11.370121470469016,0.4768169411926222,7.292680384097276,0.1081189802233775,0.2186318074765215,7.786388690559953,0.1137589253504931,100,0.02,10,0.7,0.6,0.5,1.0,0.0,1,0.6666666666666666,0.5878787878787878
13,20,4320,2160,9.793724458570836,0.5270178742738119,6.127871282807103,0.0979104711472455,-0.2052365432243115,10.225434728375188,0.1293917722362698,100,0.02,6,0.7,0.8,0.0,1.0,0.0,1,0.3333333333333333,-0.0787878787878787
82,20,4320,2160,8.424720638813795,0.667060448245668,3.6572059276482713,0.0743510326272453,0.0011571850128158,9.578821437800372,0.1289169612794997,350,0.02,6,0.7,0.8,0.5,1.0,0.0,1,0.3333333333333333,0.2370831620352251
70,20,4320,2160,10.935618146967006,0.5561628511696736,5.818370237825095,0.097253970786957,0.1833938931967809,6.802772024560857,0.100458280478261,100,0.05,6,0.7,0.6,0.5,1.0,0.0,3,0.6666666666666666,0.5653521556224601
93,20,4320,2160,10.351711465915043,0.7026332584357765,4.104903265611976,0.0768441835035175,0.0345995189630961,10.40699059866093,0.1334119102161324,100,0.05,10,0.7,0.8,0.5,1.0,0.0,2,0.3333333333333333,0.3818181818181818
89,20,4320,2160,11.16929074322736,0.5345505021932688,6.667770729672026,0.1064508925714837,-0.0275217113511785,7.609728526715879,0.0984238085625644,100,0.05,6,0.7,0.6,0.5,2.0,0.0,2,0.3333333333333333,-0.1151515151515151
99,20,4320,2160,11.580607480296385,-1.6271173575166389e-06,11.40571845937658,0.1445584406642038,-0.120986214644996,13.523871297483092,0.1652995429967156,350,0.3,10,0.7,0.8,0.5,0.5,10.0,2,0.0,0.0
94,20,4320,2160,9.642327201984546,0.5351237752805276,5.616931352791963,0.0887639463256125,0.1712636841228064,8.493565661642286,0.111683295623641,100,0.02,6,0.7,0.6,0.5,2.0,0.0,3,0.3333333333333333,0.0243162217472025
60,20,4320,2160,11.555015218655267,0.798980565144697,3.3518024828783406,0.0676044689262956,0.1472065385365507,7.084295494379821,0.102158070678367,350,0.02,10,0.7,0.6,0.0,2.0,0.0,3,0.6666666666666666,0.6121212121212121
1,20,4320,2160,9.195173218029518,0.6030460480786155,5.019461010164684,0.0787246056191751,0.0727138500695958,11.588316544250205,0.1449364570479475,100,0.02,6,0.9,0.6,0.0,1.0,0.0,2,0.6666666666666666,0.5151515151515151
26,20,4320,2160,10.023363373367877,0.4644149832899306,6.300865806826838,0.0973239543910416,0.1748422842096384,10.031578103701271,0.1326837302554145,100,0.02,6,0.7,0.6,0.5,0.5,0.0,3,0.6666666666666666,0.4666666666666666
92,20,4320,2160,10.711711871977206,0.485828411826547,6.817433366113238,0.1025012420932807,0.1208766008601371,6.2770950515181925,0.0896772550356213,100,0.02,6,0.7,0.6,0.5,1.0,0.0,3,0.3333333333333333,0.3575757575757575
95,20,4320,2160,10.111236296406496,0.6988554837367309,3.927018697007939,0.0755482834542959,0.1094522916252211,13.76140859533239,0.1699185162986484,700,0.02,6,0.7,0.6,0.5,2.0,0.0,1,0.3333333333333333,0.2121212121212121
91,20,4320,2160,11.054568237198724,-1.2329074507100302e-05,10.970599158958152,0.1433613609967166,-0.0007794877535594,9.02633428008468,0.119973985598562,700,0.3,6,0.7,0.8,0.5,2.0,10.0,3,0.0,0.0
97,20,4320,2160,9.30657698507662,0.665512861030467,4.089545617856052,0.0796201109347307,0.1006306848557465,10.255092352937767,0.1356501401082576,100,0.1,10,0.7,0.6,0.5,1.0,0.0,2,0.3333333333333333,0.4909090909090908
96,20,4320,2160,10.165528338176232,0.7638293269104519,3.726872658223017,0.0709194184427996,0.1253038798964459,9.35234242465761,0.1237685418549065,350,0.02,10,0.9,0.8,0.5,0.5,0.0,3,0.6666666666666666,0.1402465096633939
30,49,10584,2160,9.90589478543364,0.416530881673954,7.31582809276682,0.107424670071831,0.228438556333459,8.78218727465029,0.113110307593773,100,0.02,6,0.7,0.8,0.5,0.5,0.0,2,0.666666666666667,0.76969696969697
34,49,10584,2160,9.38686309608707,0.598006811452672,5.08188714585067,0.0853559064418466,0.145548730142882,11.1717323616699,0.144821805319184,100,0.05,6,0.9,0.8,0.5,1.0,0.0,3,0.666666666666667,0.796356262220885
5,49,10584,2160,9.60038002495707,0.706113767182554,3.8815689387801,0.0744767975073533,0.0837187365583495,9.60608668539259,0.136686309644717,350,0.02,10,0.7,0.6,0.5,2.0,0.0,1,1.0,0.806060606060606
57,49,10584,2160,9.65893276904738,0.56030554468464,5.49907662549527,0.0916449817724582,0.152355157185154,9.59927064047919,0.129040991928384,100,0.05,6,0.7,0.6,0.5,2.0,0.0,1,0.666666666666667,0.721212121212121
31,49,10584,2160,10.0986960115943,0.776330860683993,3.36044422945556,0.0672993407640858,0.213804612707165,8.23277215101101,0.105508775261242,350,0.02,10,0.7,0.6,0.0,1.0,0.0,3,0.666666666666667,0.854545454545454
29,49,10584,2160,9.72926226261319,0.7006422989425,4.07936333690728,0.0772829044925647,0.167511135004097,9.06744699151428,0.114386539939382,350,0.02,10,0.7,0.8,0.5,1.0,0.0,3,1.0,0.648484848484848
47,49,10584,2160,10.1404045761878,0.424244085019196,7.24009651323205,0.107671388145024,0.138326489459368,8.016638062795,0.112250033346556,100,0.02,6,0.7,0.6,0.0,0.5,0.0,3,0.333333333333333,0.345454545454545
33,49,10584,2160,9.06565393998299,0.658251817570867,4.41362562685438,0.0791082860024998,-0.0502561550792393,12.3722008470253,0.157157912418657,350,0.02,6,0.7,0.8,0.5,2.0,0.0,2,0.666666666666667,0.243162217472026
15,49,10584,2160,10.2738901968709,0.745638254856613,3.49889368358667,0.0706078098550516,0.058103798490907,8.80835344844394,0.118471135049402,350,0.05,10,0.7,0.6,0.5,0.5,0.0,1,0.333333333333333,0.478787878787879
6,49,10584,2160,9.68098126953816,0.652184125666599,4.44321767662667,0.0822169936654579,0.0758883075207155,10.2397257777055,0.128242094490031,700,0.02,6,0.9,0.6,0.5,1.0,0.0,2,0.333333333333333,0.442424242424242
51,49,10584,2160,9.24871785873837,0.47474882512915,6.55723354980428,0.0987287260741037,0.0445670414844933,11.5033552512416,0.146521900793915,100,0.02,6,0.7,0.8,0.5,1.0,0.0,1,0.666666666666667,0.176292607667219
8,49,10584,2160,9.18532421121872,0.568733206352573,5.04043556516223,0.0890630571151196,0.150287720813813,11.3202257836307,0.139224456193507,350,0.02,6,0.7,0.6,0.5,1.0,0.0,2,0.666666666666667,0.490909090909091
48,49,10584,2160,9.36129776768233,0.60427930607268,4.6478644464134,0.0842471113421375,0.0731451995071897,11.1095918303949,0.153694423053684,350,0.02,6,0.7,0.6,0.5,1.0,0.0,1,0.333333333333333,-0.006060606060606
71,49,10584,2160,9.50713517817744,0.667863305673954,4.25189001435004,0.0793703741298251,0.146294584182409,10.6753337775336,0.132121281810523,350,0.02,10,0.7,0.6,0.5,2.0,0.0,1,0.666666666666667,0.36969696969697
65,49,10584,2160,9.54814276274536,0.450666543724056,6.70471486843452,0.100280553843679,0.0797909327677623,10.8140973696885,0.146505496354625,100,0.02,6,0.7,0.6,0.5,1.0,0.0,2,0.666666666666667,0.693012319795274
52,49,10584,2160,9.91437053354091,0.696757186507945,4.09312400244256,0.0777839439292699,0.203273109730813,8.27550546284075,0.110525206140797,100,0.1,10,0.7,0.6,0.5,1.0,0.0,1,0.333333333333333,0.37690143708164
50,49,10584,2160,9.58467210814786,0.560519562809301,5.47885004238297,0.0924309317130819,0.0958287463279135,9.66456446780099,0.128342342548426,100,0.05,6,0.9,0.6,0.0,0.5,0.0,2,0.333333333333333,-0.127272727272727
24,49,10584,2160,9.04597775091556,0.689169638651569,4.11076694463893,0.0749322825547374,0.137820763545982,11.0976326231603,0.146535727622209,100,0.05,10,0.9,0.6,0.5,0.5,0.0,2,0.666666666666667,0.648484848484848
54,49,10584,2160,9.73034566833159,0.802409275250428,2.90983745100887,0.0607280386521141,0.144429685614116,10.2540733886648,0.137222633753313,350,0.02,10,0.7,0.6,0.0,0.5,0.0,3,0.666666666666667,0.478787878787879
21,49,10584,2160,8.91442660965154,0.726849757078498,3.48328926861719,0.0690239080104702,0.0066396790581531,11.9044052592913,0.164587817400795,350,0.02,10,0.9,0.6,0.5,0.5,0.0,2,0.666666666666667,0.406060606060606
38,49,10584,2160,9.74217615203848,0.71167617628279,3.86288949946738,0.0764949787124477,-0.106542802262783,9.22148243180028,0.124654455713711,700,0.1,6,0.9,0.6,0.5,2.0,0.0,2,0.333333333333333,0.085106776115209
11,49,10584,2160,9.18127384806072,0.74993958834124,3.41317873647344,0.0673479707549872,0.132978002091727,11.5224154476766,0.144819018987411,100,0.05,10,0.7,0.6,0.0,0.5,0.0,3,0.666666666666667,0.563636363636364
12,49,10584,2160,10.1538006692776,0.770572358542139,3.38834597812779,0.0686301867710222,0.0473153929316338,8.43709865313989,0.110286917761541,350,0.1,10,0.7,0.6,0.5,2.0,0.0,1,0.666666666666667,0.393939393939394
76,49,10584,2160,9.54426503640928,0.683364324591479,4.03839307776578,0.0770595777731645,0.0917518798204362,10.0572514185199,0.139501576613395,700,0.02,6,0.7,0.6,0.0,2.0,0.0,1,0.666666666666667,0.76969696969697
88,49,10584,2160,9.53873913527712,0.529525947603388,5.59486120009368,0.093396574580208,0.135594060282232,10.0713908961967,0.139515638285892,100,0.05,6,0.7,0.6,0.5,2.0,0.0,2,0.333333333333333,0.672727272727273
75,49,10584,2160,9.80319934194667,0.704436908078156,4.09332712700279,0.0776779349095844,0.133990594245957,7.92372566947231,0.10703570995655,350,0.02,10,0.7,0.8,0.5,2.0,0.0,2,0.666666666666667,0.563636363636364
35,49,10584,2160,10.1884409517398,0.760441336779003,3.5122127474008,0.0710384946296412,0.0192798060511146,7.04547115732122,0.100323894169586,700,0.02,10,0.7,0.8,0.5,2.0,0.0,1,0.0,0.381818181818182
41,49,10584,2160,9.5337265055523,0.626486813188882,5.21959876289714,0.0838505220814373,0.0945005183206099,9.75461119174957,0.138741341656117,100,0.02,10,0.9,0.6,0.0,2.0,0.0,2,0.333333333333333,0.260606060606061
14,49,10584,2160,10.2056669470567,0.557316928648958,5.7277334560027,0.0956794911909443,0.0491554469890448,7.57036455957978,0.10668477559938,100,0.05,6,0.7,0.8,0.5,0.5,0.0,1,0.333333333333333,0.43030303030303
32,49,10584,2160,9.47330795871476,0.578813736521359,4.96347403663717,0.0869952239878865,0.158471373423997,10.9374097758752,0.141877729974096,350,0.02,6,0.7,0.6,0.5,1.0,0.0,2,1.0,0.638300820864068
49,49,10584,2160,10.0168213153298,0.525754744884875,6.01508061768246,0.098285421262075,0.212684789907722,7.52465157632475,0.103782413291619,100,0.05,6,0.7,0.6,0.5,0.5,0.0,1,0.666666666666667,0.890909090909091
0,49,10584,2160,9.6503812227308,0.544114950400143,5.50986789968639,0.0932041049074956,0.139954923307264,10.0890669804149,0.131503964642185,100,0.05,6,0.7,0.6,0.5,0.5,0.0,2,0.333333333333333,0.236363636363636
58,49,10584,2160,9.30998451960921,0.657071030981558,4.31541231060943,0.0793297581112435,0.205965713952032,10.7447324763404,0.136759223624624,100,0.05,10,0.7,0.6,0.5,0.5,0.0,1,0.666666666666667,0.296969696969697
77,49,10584,2160,10.2259413347372,0.557189289401556,5.75790653222903,0.0947461645824798,0.217917594037763,7.53116124206119,0.104989739137924,100,0.05,6,0.7,0.6,0.0,1.0,0.0,3,0.333333333333333,0.406060606060606
13,49,10584,2160,9.78363388937491,0.54217462873035,5.94293854530346,0.0962510101220515,0.0125498912816742,9.2254674270418,0.117119199859166,100,0.05,6,0.7,0.6,0.5,2.0,0.0,3,0.333333333333333,0.187878787878788
7,49,10584,2160,9.86473641518016,0.520615732697354,6.11342301681829,0.0983238175192662,0.121256122421732,9.22734553566685,0.111773579656962,100,0.05,6,0.7,0.6,0.5,2.0,0.0,3,0.333333333333333,0.127272727272727
66,49,10584,2160,9.83619690444342,0.464843272449764,6.83644597488917,0.10202022330962,0.134496165402037,8.98395517985026,0.125361121718089,100,0.02,6,0.9,0.8,0.0,2.0,0.0,2,0.333333333333333,0.163636363636364
4,49,10584,2160,9.53250391878513,0.551218556590712,5.92582192148842,0.0919505092607874,0.109141680493413,10.4640293803038,0.132703802261783,100,0.02,10,0.9,0.6,0.5,0.5,0.0,2,0.333333333333333,-0.006060606060606
78,49,10584,2160,10.2865120839288,0.577455203173449,5.27854551553546,0.0914449317467014,0.275863607937637,7.72088843098393,0.108974708777969,350,0.02,6,0.7,0.6,0.5,1.0,0.0,1,0.666666666666667,0.260606060606061
36,49,10584,2160,9.09838472062963,0.587221247573079,4.83753630452663,0.0857001278355479,0.0913540394644185,12.6163640668657,0.151222600772493,350,0.02,6,0.9,0.6,0.0,2.0,0.0,1,0.666666666666667,0.575757575757576
55,49,10584,2160,9.1162340965114,0.599510487695409,4.89291804780675,0.0842272893971045,0.123523141964115,11.6929758904598,0.152540999334308,100,0.05,6,0.9,0.8,0.5,1.0,0.0,1,0.666666666666667,0.612121212121212
19,49,10584,2160,9.57107668932573,0.450364732031786,6.91935402586527,0.103459198345665,0.181728368568162,8.97707845078574,0.121078108300322,100,0.02,6,0.9,0.8,0.0,1.0,0.0,2,1.0,0.745454545454545
87,49,10584,2160,9.25296671303211,0.583721233780049,5.15562999671098,0.0876920645019729,0.0240577872490314,11.5592695033992,0.148333775872683,100,0.05,6,0.7,0.6,0.5,2.0,0.0,2,0.333333333333333,-0.0424242424242424
82,49,10584,2160,9.88684199710736,0.429091642019519,7.10212172404078,0.105903186075444,0.157442373656761,9.04678802790465,0.118402614446058,100,0.02,6,0.7,0.8,0.5,0.5,0.0,1,0.666666666666667,0.364743326208039
94,49,10584,2160,9.85237723157043,0.690546332559657,4.23912615718986,0.0786505284074271,0.192130675514954,8.65274417100129,0.110268278554386,350,0.02,10,0.7,0.6,0.5,1.0,0.0,1,0.666666666666667,0.510640656691254
46,49,10584,2160,9.33450701726513,0.585148163199304,5.14273977246775,0.086932563828277,0.143452468668538,11.3484345027253,0.143946093026294,100,0.05,6,0.7,0.6,0.0,1.0,0.0,1,0.666666666666667,0.587878787878788
84,49,10584,2160,9.87507389381001,0.674975229733182,4.87183996040715,0.0792746522935827,0.171229866426044,9.38622158474392,0.123185675145337,100,0.02,10,0.9,0.8,0.0,2.0,0.0,2,0.333333333333333,0.503030303030303
23,49,10584,2160,9.68340230957471,0.743077612555458,3.58568891917179,0.0699678227071785,0.158807126714989,9.36208301235129,0.129805270854143,350,0.02,10,0.7,0.8,0.5,0.5,0.0,1,0.666666666666667,0.818181818181818
53,49,10584,2160,9.62441660885948,0.585346353762016,5.16094990663698,0.0884349586228691,-0.0084521515478517,10.5328497355073,0.143192440384781,100,0.05,6,0.7,0.8,0.5,1.0,0.0,1,0.333333333333333,0.612121212121212
43,49,10584,2160,9.61925683473069,0.706534942243932,4.07118090649163,0.0776467370184013,0.0164210282485459,8.04548620621363,0.111564006251297,350,0.02,10,0.9,0.6,0.5,0.5,0.0,3,0.333333333333333,0.449850102323248
64,49,10584,2160,9.22012400724662,0.663149827478997,4.31288088978643,0.0787696853531567,0.1547886286274,11.0148123087706,0.139837012935491,100,0.05,10,0.7,0.6,0.5,0.5,0.0,2,1.0,0.660606060606061
37,49,10584,2160,9.19153984841005,0.450838095957325,6.49122202172932,0.0993454930295173,0.0331493101036803,12.0675799479308,0.155611194851612,100,0.02,6,0.9,0.8,0.5,1.0,0.0,1,0.333333333333333,0.272727272727273
56,49,10584,2160,10.1315144866877,0.605519625711159,5.20720495066703,0.0898103228889513,0.222253885924106,7.35811960600041,0.101575868186326,350,0.02,6,0.9,0.6,0.0,0.5,0.0,2,0.666666666666667,0.636363636363636
83,49,10584,2160,9.82264258381172,0.389054273648776,7.27819808426898,0.107721085323601,0.172563137676288,10.3502752703208,0.128374654395339,100,0.02,6,0.7,0.6,0.5,2.0,0.0,2,0.666666666666667,0.43030303030303
59,49,10584,2160,9.85379295417213,0.441625735715246,7.08338962954639,0.104799033704086,0.171479230416507,8.76917986198708,0.119030796553933,100,0.02,6,0.7,0.8,0.0,2.0,0.0,1,0.333333333333333,0.587878787878788
79,49,10584,2160,9.5627894787082,0.454459805587463,6.59321312288038,0.101174967142659,0.033205085750864,10.977619150303,0.144196178831571,100,0.02,6,0.9,0.8,0.0,1.0,0.0,3,0.666666666666667,0.648484848484848
10,49,10584,2160,9.7463821909359,0.611610479285666,5.44391753596964,0.0867059371610899,0.186622915839982,9.17542021044978,0.120839959309126,100,0.02,10,0.7,0.6,0.0,2.0,0.0,3,1.0,0.709090909090909
25,49,10584,2160,9.1888202706286,0.603440041935759,4.79426595469978,0.084126724887913,0.147960336585884,11.4679468514301,0.148922990175763,350,0.02,6,0.7,0.6,0.5,1.0,0.0,3,0.333333333333333,0.83030303030303
67,49,10584,2160,10.286830836041,0.569143696056674,6.08349753501103,0.0942494301641537,0.155658566442472,7.35942757765452,0.102169360809359,100,0.02,10,0.7,0.8,0.5,1.0,0.0,1,0.666666666666667,0.757575757575758
69,49,10584,2160,10.2898505863437,0.429830854962884,7.3947661776121,0.107910418734454,0.20491654611411,7.79069357960312,0.10191266532047,100,0.02,6,0.7,0.6,0.0,1.0,0.0,1,0.666666666666667,0.684848484848485
74,49,10584,2160,9.46086960752315,0.550680942849363,5.45550033132506,0.0918251924741,0.147092790515038,10.2985136823301,0.135421787347278,100,0.05,6,0.9,0.6,0.5,2.0,0.0,2,0.666666666666667,0.466666666666667
73,49,10584,2160,9.94696008517811,0.750076173582731,3.55705561991496,0.0707694776783342,0.0039702703233875,9.89344888386903,0.121544455000682,350,0.05,10,0.7,0.6,0.5,1.0,0.0,2,0.333333333333333,0.0545454545454545
22,49,10584,2160,9.68482914955626,0.649119718107121,4.4846958618062,0.0818701765997712,0.177353062116885,9.49644237836202,0.127016733797678,100,0.05,10,0.9,0.6,0.5,0.5,0.0,3,0.666666666666667,0.151515151515152
62,49,10584,2160,10.0690787802037,0.728067581088306,3.94645747965193,0.0762275822486709,0.0791086596825212,7.16826800205089,0.0887362417766914,700,0.02,10,0.7,0.6,0.5,0.5,0.0,1,0.333333333333333,0.187878787878788
18,49,10584,2160,9.09419973715048,0.477525811218431,6.32122735216684,0.0970780872926284,0.138945248898073,11.423317320965,0.146848784221902,100,0.02,6,0.9,0.8,0.0,2.0,0.0,2,0.333333333333333,-0.175757575757576
92,49,10584,2160,9.99881856356531,0.690766298139612,4.30915629682437,0.0804778065192848,-0.168830786904489,7.5174690357844,0.103403016357262,350,0.02,10,0.7,0.6,0.5,0.5,0.0,1,0.666666666666667,0.636363636363636
86,49,10584,2160,9.50129826341637,0.449301486715667,6.72871934985538,0.101027570185188,0.147095749041319,10.5334866011584,0.13908392644092,100,0.02,6,0.7,0.8,0.5,0.5,0.0,3,1.0,0.709090909090909
9,49,10584,2160,10.19284831841,0.555355310979174,5.77976769161096,0.0950314736207289,0.0768039870717877,8.02040697724731,0.111719639054898,100,0.05,6,0.7,0.6,0.0,0.5,0.0,3,0.666666666666667,0.636363636363636
81,49,10584,2160,9.49925945275311,0.475145908710539,6.574844413784,0.0991062714646089,0.112266401653566,10.1426875468537,0.138453768607098,100,0.02,6,0.7,0.8,0.0,1.0,0.0,1,1.0,0.612121212121212
72,49,10584,2160,9.5861764492341,0.589256639087656,5.04249713902481,0.0897103309694818,0.0881215220825423,8.65273834793656,0.12509215696186,350,0.02,6,0.9,0.6,0.5,1.0,0.0,3,0.666666666666667,0.539393939393939
99,49,10584,2160,9.22692061875583,0.605727616329185,4.7052115935317,0.0842934816145437,0.109788994876326,11.424744116112,0.147305172290201,350,0.02,6,0.7,0.6,0.5,0.5,0.0,2,0.666666666666667,0.781818181818182
93,49,10584,2160,9.56288850220535,0.683357103945105,4.14674144625577,0.0783607220831884,0.155520408266638,10.1125137483632,0.124777254741985,350,0.02,10,0.7,0.6,0.5,1.0,0.0,2,0.666666666666667,0.660606060606061
68,49,10584,2160,9.85674170700758,0.765993272527943,3.36535085037855,0.0682460516764573,-0.114031748793988,9.6089415649573,0.132551890517899,100,0.3,10,0.9,0.6,0.5,0.5,0.0,3,0.0,0.187878787878788
3,49,10584,2160,9.39094374016577,0.612326838328741,5.37886419929705,0.0865922871534684,0.101278508543517,10.2440022800587,0.129091476731798,100,0.02,10,0.7,0.6,0.0,2.0,0.0,1,0.333333333333333,-0.103030303030303
42,49,10584,2160,9.6651152222755,0.740090349568668,3.5508527706207,0.0711196211432602,0.0814353389051311,9.64725468706202,0.126017819843552,700,0.02,10,0.7,0.6,0.5,2.0,0.0,1,0.666666666666667,0.709090909090909
28,49,10584,2160,9.32807388719315,0.565855371644386,5.30726217131496,0.0898497352002867,0.0902259822744272,10.7536776190334,0.141949135623716,100,0.05,6,0.7,0.6,0.5,1.0,0.0,1,0.666666666666667,0.684848484848485
96,49,10584,2160,9.76289891633281,0.554465112300882,5.55788399355932,0.0934032487522127,0.132601656162655,9.09110179892293,0.123251146740375,100,0.05,6,0.9,0.8,0.5,2.0,0.0,2,0.666666666666667,0.329274413992316
17,49,10584,2160,9.78193523843004,0.569827980016247,6.03815783861453,0.0941007282564534,0.0646967403064165,8.02468409820839,0.107222110611163,100,0.02,10,0.7,0.8,0.5,1.0,0.0,3,0.333333333333333,0.224242424242424
70,49,10584,2160,10.3502064990938,0.525903716783275,6.08352274204958,0.0985774762526649,0.105636528880302,7.85771339345861,0.105132370015481,100,0.05,6,0.7,0.6,0.5,1.0,0.0,3,0.333333333333333,0.528877823001656
61,49,10584,2160,9.23200312064607,0.416970814831559,6.84049476697782,0.103014727214933,0.109619249835096,11.378930877403,0.147045235118476,100,0.02,6,0.9,0.6,0.5,0.5,0.0,3,0.666666666666667,0.648484848484848
2,49,10584,2160,9.75849393148579,0.574636625510204,5.49137778164803,0.091017997902163,0.152389341475165,9.29058079375161,0.12364300311568,100,0.05,6,0.9,0.6,0.0,0.5,0.0,1,0.333333333333333,0.272727272727273
44,49,10584,2160,8.91862535372683,0.637847057346364,4.30969913999514,0.0793801473349669,0.0770529970866664,12.350080678463,0.160459841335978,100,0.1,6,0.7,0.6,0.5,1.0,0.0,3,1.0,0.757575757575758
39,49,10584,2160,9.49504395558903,0.455873256124549,6.39157430651687,0.0969257599861799,0.142166828922896,12.7368747015353,0.155336299501491,100,0.02,6,0.7,0.6,0.0,0.5,0.0,1,0.333333333333333,0.563636363636364
45,49,10584,2160,9.92431053905527,0.770941969499505,3.20457759613146,0.0663005713954474,0.0509141304353813,9.63419386501666,0.124858259190452,700,0.02,10,0.9,0.6,0.5,0.5,0.0,1,0.333333333333333,0.418181818181818
63,49,10584,2160,9.28904942145171,0.756943000012731,3.26916168769391,0.0674237266809862,0.0613923506196731,10.8751649931625,0.142893065764518,350,0.05,10,0.7,0.6,0.5,2.0,0.0,1,0.666666666666667,0.187878787878788
80,49,10584,2160,9.05427971637985,0.845493301170768,2.44469361552652,0.0531315394233786,-0.0288817598730973,11.6350421455171,0.149579608777578,350,0.02,10,0.7,0.6,0.0,0.5,0.0,1,0.333333333333333,0.478787878787879
98,49,10584,2160,10.2814363018004,0.537233629646639,6.28739609929169,0.0956541054688581,0.194613841784357,8.4063981100365,0.115494072970997,100,0.02,10,0.7,0.6,0.5,1.0,0.0,1,0.666666666666667,0.793939393939394
95,49,10584,2160,8.68086221683761,0.590445550738542,4.71930967686038,0.0823126791136741,0.102476944507582,13.8037790148347,0.170582674307025,100,0.05,6,0.7,0.6,0.5,2.0,0.0,2,0.666666666666667,0.721212121212121
60,49,10584,2160,10.2929467451111,0.781544136477386,3.3550361382334,0.0670567322398508,0.121222910380857,7.40078146590127,0.103702712095711,350,0.02,10,0.7,0.6,0.0,2.0,0.0,3,0.666666666666667,0.733333333333333
20,49,10584,2160,9.65911933109888,0.73046035494975,3.54958212542251,0.0725537599550909,0.151358250364818,8.6807107868018,0.121712517815143,700,0.02,10,0.7,0.6,0.5,1.0,0.0,3,0.333333333333333,0.721212121212121
16,49,10584,2160,9.51422912139853,0.448669488154841,6.79064937519108,0.101180831906706,0.12287540176297,10.4735588525843,0.140396699669825,100,0.02,6,0.9,0.6,0.5,1.0,0.0,2,1.0,0.793939393939394
91,49,10584,2160,9.70832615718331,0.63404672591582,4.63331237282486,0.0858862113725422,0.118555808471642,8.00262902816137,0.112594013202046,700,0.02,6,0.7,0.6,0.5,0.5,0.0,2,0.333333333333333,0.309090909090909
27,49,10584,2160,9.30949056419325,0.587460785739025,5.20028555609922,0.0878677467315977,0.045017083235943,10.6134585849444,0.143795021370393,100,0.05,6,0.7,0.8,0.5,2.0,0.0,2,0.333333333333333,0.224242424242424
40,49,10584,2160,9.5537452129729,0.576017085650797,5.31295063239286,0.0911349354472399,0.0857573367338274,9.65075917076181,0.126330512096039,350,0.02,6,0.7,0.6,0.5,0.5,0.0,3,0.333333333333333,0.515151515151515
26,49,10584,2160,9.36848268157661,0.593807729630434,5.56907675614973,0.08740628262477,0.146724171963284,10.3522583894376,0.134925461343724,100,0.02,10,0.9,0.6,0.0,2.0,0.0,1,0.333333333333333,0.260606060606061
89,49,10584,2160,10.3745332772948,0.660638576280181,4.55266441525631,0.0848326076724364,-0.0964177458889681,7.58600952316214,0.101669968907332,350,0.05,6,0.7,0.8,0.5,1.0,0.0,2,0.0,0.345454545454545
90,49,10584,2160,10.0044766861343,0.608289335491446,5.03695421731121,0.0882742879320913,0.152098723311994,8.95562746348204,0.11648073308955,350,0.02,6,0.7,0.6,0.0,0.5,0.0,3,0.0,0.0303030303030303
97,49,10584,2160,9.63134596059352,0.580373647403497,5.29985658294625,0.0892029622897676,0.189824483142308,9.51816727973797,0.128748082913828,100,0.05,6,0.7,0.6,0.0,1.0,0.0,3,1.0,0.781818181818182
1,49,10584,2160,9.31550763404713,0.758255790590965,3.19278942959785,0.0669039914915499,0.113551181488761,11.6032005272088,0.141709050141218,700,0.02,10,0.7,0.6,0.5,1.0,0.0,1,0.333333333333333,0.551515151515152
85,49,10584,2160,9.62331740467048,0.666032961990469,4.21533626145884,0.0792768718497487,0.102172283243986,10.1116212661178,0.137760334329095,350,0.05,6,0.7,0.6,0.5,1.0,0.0,3,0.666666666666667,0.644379876300869
